decayed_completion_rate,decayed_problematic_return_rate,decayed_payment_success_rate,decayed_cancellation_rate,engagement_quality,total_orders,completed_orders,cancelled_orders,total_payments,failed_payments,total_returns,problematic_returns,total_reviews,total_referrals,meaningful_event_count,total_event_count,recent_orders_30d,recent_cancels_30d,account_age_days,role,user_id,profile,label
1.0,0.0,1.0,0.0,1.0,60,60,0,60,0,4,0,32,1,157,221,6,0,351.99246069271993,buyer,BUY-10001,reliable,1
0.7490607584724888,0.0,0.6831310751266509,0.25093924152751135,0.25,10,8,2,8,2,0,0,3,1,22,32,1,0,339.0438164685996,buyer,BUY-10002,occasional_reliable,1
0.8416471735160006,0.07423426855734738,1.0,0.1583528264839995,0.25,26,21,5,21,0,8,1,5,0,60,93,1,0,301.7203732722685,buyer,BUY-10003,frequent_returner,0
0.26635557292917983,0.0,0.7442224434279922,0.7336444270708202,0.05,16,6,10,6,1,1,0,1,0,24,41,4,3,352.16092000538197,buyer,BUY-10004,frequent_canceller,0
0.7859637413584709,0.0,0.1974242617930654,0.2140362586415291,0.2,29,25,4,25,15,1,0,4,0,59,89,2,1,364.0604618790162,buyer,BUY-10005,poor_payment,0
0.7875538520448033,0.0,0.7679081899181994,0.21244614795519656,0.15,9,7,2,7,2,1,0,1,1,19,29,0,0,324.15322302579864,buyer,BUY-10006,mixed,0
0.9537939263843292,0.0,0.9388970267569889,0.04620607361567075,1.0,46,45,1,45,2,2,0,29,1,123,171,5,0,358.07938923131945,buyer,BUY-10007,reliable,1
0.818183489725079,0.0,0.612170101869605,0.18181651027492107,0.4,12,9,3,9,2,0,0,4,2,27,39,0,0,353.15985127252316,buyer,BUY-10008,occasional_reliable,1
0.9839702307099792,0.03376287502079123,0.9649747423853006,0.016029769290020868,0.3,28,27,1,27,1,7,1,6,0,68,102,1,0,357.66278138039354,buyer,BUY-10009,frequent_returner,0
0.560142552419986,0.0,0.9756599832280346,0.439857447580014,0.05,27,14,13,14,2,1,0,1,0,43,71,4,1,356.93740981907405,buyer,BUY-10010,frequent_canceller,0
0.8376242988314317,0.0,0.5271862201182647,0.16237570116856814,0.1,27,22,5,22,11,0,0,2,0,51,78,1,0,362.8551360740741,buyer,BUY-10011,poor_payment,0
0.6407352671502504,0.0,0.9510665443845991,0.3592647328497496,0.45,21,13,8,13,1,1,0,9,0,44,66,2,0,350.14369486421293,buyer,BUY-10012,mixed,1
0.8291885618754161,0.0,1.0,0.17081143812458388,1.0,37,32,5,32,0,0,0,21,1,91,128,2,0,362.7945547762963,buyer,BUY-10013,reliable,1
0.857700680771704,0.0,1.0,0.14229931922829597,0.3,7,6,1,6,0,0,0,4,1,18,25,1,0,321.9839338753241,buyer,BUY-10014,occasional_reliable,1
0.911203137302098,0.11608369999439616,0.8915468249693863,0.08879686269790199,0.15,19,18,1,18,2,10,2,3,0,50,77,1,0,316.1017639416551,buyer,BUY-10015,frequent_returner,0
0.4655253996152368,0.0,0.6934898932651871,0.5344746003847632,0.05,35,16,19,16,4,0,0,1,0,52,87,5,4,363.8901335892593,buyer,BUY-10016,frequent_canceller,0
0.9214917896666964,0.0,0.43998353965343323,0.07850821033330357,0.15,19,17,2,17,8,1,0,3,0,40,60,0,0,337.83436411202547,buyer,BUY-10017,poor_payment,0
0.6261224681856797,0.0,0.6979247482049633,0.37387753181432026,0.3,28,21,7,21,6,3,0,4,1,57,88,1,1,355.59008998020835,buyer,BUY-10018,mixed,0
0.9375352029524434,0.0,1.0,0.062464797047556586,1.0,39,37,2,37,0,3,0,19,1,99,141,3,0,360.3249337735185,buyer,BUY-10019,reliable,1
0.7523671239083911,0.0,1.0,0.247632876091609,0.15,15,11,4,11,0,1,0,3,0,30,46,0,0,355.94051498762735,buyer,BUY-10020,occasional_reliable,1
0.9046541153931912,0.06022960816468115,0.922749632221338,0.09534588460680882,0.55,32,31,1,31,1,12,1,11,0,86,129,3,1,358.3764176750463,buyer,BUY-10021,frequent_returner,0
0.24961165002638863,0.0,1.0,0.7503883499736115,0.0,21,6,15,6,0,0,0,0,0,27,48,3,2,290.03486564506943,buyer,BUY-10022,frequent_canceller,0
0.9575220815595518,0.0,0.43647882768083535,0.04247791844044846,0.15,28,24,4,24,14,3,0,3,0,58,89,2,0,359.32355673041667,buyer,BUY-10023,poor_payment,0
0.6087222926567345,0.0,0.40156236345782126,0.3912777073432655,0.35,15,7,8,7,3,0,0,1,3,26,41,2,0,324.00750940582174,buyer,BUY-10024,mixed,0
0.8451178330351308,0.0,1.0,0.15488216696486945,1.0,57,50,7,50,0,1,0,31,0,139,197,3,2,363.0054243447685,buyer,BUY-10025,reliable,1
0.6761348767089373,0.0,0.9502910081163876,0.32386512329106265,0.25,13,9,4,9,1,1,0,3,1,27,41,0,0,354.24606817975695,buyer,BUY-10026,occasional_reliable,1
0.8637329867367249,0.5641489802566486,0.6889972764106089,0.13626701326327495,0.25,20,19,1,19,3,7,2,5,0,51,76,4,1,350.55836602331016,buyer,BUY-10027,frequent_returner,0
0.5205386512800888,0.0,0.9376633652264912,0.4794613487199112,0.05,23,12,11,12,1,1,0,1,0,37,61,1,0,364.6302576462963,buyer,BUY-10028,frequent_canceller,0
0.8360320975662751,1.0,0.5996367110141824,0.16396790243372494,0.25,29,24,5,24,11,1,1,5,0,59,88,1,0,355.8658848809375,buyer,BUY-10029,poor_payment,0
0.5632961670567401,0.0,0.8645233861328712,0.4367038329432599,0.3,26,15,11,15,3,0,0,4,1,46,72,6,3,359.0389578339699,buyer,BUY-10030,mixed,1
0.9285782284857153,0.0,0.9802907745311287,0.07142177151428497,1.0,49,43,6,43,2,1,0,29,1,123,173,5,0,360.1102865377315,buyer,BUY-10031,reliable,1
0.8364247542648553,0.0,0.8194369005455161,0.16357524573514448,0.05,8,7,1,7,1,1,0,1,0,17,26,0,0,354.31427765767364,buyer,BUY-10032,occasional_reliable,1
0.8904255554313414,0.385344820712584,0.8209275531234003,0.1095744445686585,0.3,33,29,4,29,3,7,2,6,0,75,113,4,0,333.92832048221067,buyer,BUY-10033,frequent_returner,0
0.4650115771082081,0.0,0.9575168676149061,0.5349884228917918,0.1,38,16,22,16,1,0,0,2,0,56,94,2,2,329.01459350233796,buyer,BUY-10034,frequent_canceller,0
0.8596087890914013,0.0,0.5225241474111544,0.14039121090859852,0.25,28,24,4,24,12,0,0,3,1,56,84,3,0,342.8876508145139,buyer,BUY-10035,poor_payment,0
0.6503799159437808,0.0,0.9112720523788707,0.34962008405621914,0.35,34,24,10,24,4,4,0,3,2,67,105,3,1,363.80989440774306,buyer,BUY-10036,mixed,0
0.9592102242470024,0.0,1.0,0.0407897757529978,1.0,59,56,3,56,0,1,0,33,1,150,210,4,0,350.8935198761111,buyer,BUY-10037,reliable,1
0.9261967066262781,0.0,1.0,0.07380329337372193,0.2,14,13,1,13,0,1,0,4,0,32,47,1,0,344.2220916767477,buyer,BUY-10038,occasional_reliable,1
0.9297865537734795,0.3514230773530337,0.988298933888306,0.07021344622652026,0.45,29,27,2,27,1,11,3,9,0,76,113,0,0,355.987885488831,buyer,BUY-10039,frequent_returner,0
0.7053272458364551,0.0,1.0,0.29467275416354466,0.05,20,12,8,12,0,2,0,1,0,35,57,0,0,364.26843248546294,buyer,BUY-10040,frequent_canceller,0
0.7839396404724053,0.0,0.5138266069409895,0.21606035952759461,0.15,28,23,5,23,12,2,0,3,0,56,86,4,1,358.21680162302084,buyer,BUY-10041,poor_payment,0
0.7025023029569535,0.0,0.9422088826481906,0.2974976970430464,0.2,15,12,3,12,2,2,0,4,0,33,50,2,1,336.3360196857986,buyer,BUY-10042,mixed,1
0.9175767433428678,0.0,1.0,0.08242325665713246,0.95,32,30,2,30,0,0,0,17,1,80,112,0,0,339.08626894707174,buyer,BUY-10043,reliable,1
0.9302987573124181,0.0,0.9694895531920922,0.06970124268758204,0.15,13,11,2,11,1,0,0,3,0,27,40,0,0,355.5679473874306,buyer,BUY-10044,occasional_reliable,1
0.8326237502233581,0.24736633576668832,0.9138319639263205,0.1673762497766419,0.7,39,34,5,34,4,6,1,14,0,93,137,1,1,361.49556048321756,buyer,BUY-10045,frequent_returner,0
0.2173414168940077,0.0,1.0,0.7826585831059922,0.0,20,6,14,6,0,0,0,0,0,26,46,3,3,326.71377541391206,buyer,BUY-10046,frequent_canceller,0
0.8437853412880719,0.0,0.5607106667959576,0.1562146587119283,0.3,26,23,3,23,11,3,0,4,1,57,86,2,0,354.63571731528936,buyer,BUY-10047,poor_payment,0
0.6629845830514688,0.0,0.7818579407098869,0.33701541694853143,0.65,26,18,8,18,2,3,0,9,2,58,87,3,2,362.18178824322916,buyer,BUY-10048,mixed,0
0.970266466142055,0.0,0.9726354340433927,0.02973353385794497,1.0,48,47,1,47,1,6,0,27,0,128,182,0,0,363.69995471533565,buyer,BUY-10049,reliable,1
1.0,0.0,1.0,0.0,0.25,7,7,0,7,0,2,0,3,1,20,29,1,0,332.3222143897106,buyer,BUY-10050,occasional_reliable,1
0.8560092530479552,0.0,1.0,0.14399074695204483,0.35,21,19,2,19,0,6,0,7,0,53,80,1,1,319.77388666809026,buyer,BUY-10051,frequent_returner,0
0.7067488847107898,0.0,1.0,0.2932511152892102,0.05,13,8,5,8,0,0,0,1,0,22,35,1,0,353.8565098720949,buyer,BUY-10052,frequent_canceller,0
0.9054121524218303,0.0,0.48379960978700204,0.09458784757816974,0.1,14,13,1,13,7,3,0,2,0,32,49,1,0,312.38144371116897,buyer,BUY-10053,poor_payment,0
0.6934056768261355,0.0,0.8072806380381682,0.30659432317386426,0.25,30,22,8,22,4,6,0,5,0,63,99,2,1,336.6671665273264,buyer,BUY-10054,mixed,1
0.9927611481670845,0.0,0.942562241138927,0.007238851832915283,1.0,54,53,1,53,2,2,0,34,0,143,199,4,0,355.327938067419,buyer,BUY-10055,reliable,1
0.790697727212855,0.0,1.0,0.20930227278714475,0.35,15,13,2,13,0,1,0,5,1,35,51,1,0,304.5280491186227,buyer,BUY-10056,occasional_reliable,1
0.8055189956234658,0.027487462500870086,0.9715652479271427,0.19448100437653437,0.55,28,25,3,25,1,9,1,11,0,73,109,3,1,363.335023067118,buyer,BUY-10057,frequent_returner,0
0.6564066086904293,0.0,0.8388115646405617,0.3435933913095707,0.1,18,11,7,11,1,0,0,2,0,31,49,2,1,328.81591642881943,buyer,BUY-10058,frequent_canceller,0
0.9851228982775032,0.0,0.5131400038482469,0.014877101722496788,0.15,25,24,1,24,12,1,0,3,0,53,79,3,0,334.68665320408564,buyer,BUY-10059,poor_payment,0
0.8520484201198506,0.0,0.6937625367523087,0.14795157988014918,0.1,23,19,4,19,3,3,0,2,0,47,73,1,0,363.4764316991203,buyer,BUY-10060,mixed,1
1.0,0.0,1.0,0.0,1.0,26,26,0,26,0,0,0,18,3,73,99,3,0,362.16675579682874,buyer,BUY-10061,reliable,1
0.9556665703321422,0.0,1.0,0.044333429667857804,0.3,15,14,1,14,0,1,0,6,0,36,52,0,0,278.4173136662847,buyer,BUY-10062,occasional_reliable,1
0.9356196503964564,0.0,0.9808663825289309,0.06438034960354344,0.8,39,35,4,35,2,11,0,16,0,101,151,3,0,357.0965263880671,buyer,BUY-10063,frequent_returner,0
0.3307825340039224,0.0,0.8697451697636974,0.6692174659960776,0.0,32,11,21,11,1,1,0,0,0,44,77,2,1,364.7951952149074,buyer,BUY-10064,frequent_canceller,0
0.7322942353257309,0.0,0.526512726862582,0.2677057646742693,0.05,18,13,5,13,6,4,0,1,0,36,58,2,0,361.2004172463657,buyer,BUY-10065,poor_payment,0
0.9339172084631405,0.0,0.8136330144472544,0.06608279153685925,0.25,19,17,2,17,3,1,0,3,1,41,61,0,0,344.5640516838426,buyer,BUY-10066,mixed,1
0.9653422915440903,0.0,1.0,0.034657708455909875,1.0,51,49,2,49,0,1,0,33,1,135,187,8,0,350.5512558978009,buyer,BUY-10067,reliable,1
0.7995001880445167,0.0,1.0,0.20049981195548328,0.2,15,12,3,12,0,0,0,4,0,31,46,4,1,354.97267349666663,buyer,BUY-10068,occasional_reliable,1
0.9762886404486747,0.47988809843219404,0.8939800035646395,0.023711359551325306,0.45,25,23,2,23,1,5,3,9,0,62,89,4,0,358.8983182773264,buyer,BUY-10069,frequent_returner,0
0.461285214818472,0.0,1.0,0.5387147851815279,0.2,38,14,24,14,0,1,0,4,0,57,96,5,2,360.6019613805787,buyer,BUY-10070,frequent_canceller,0
0.9358697909950848,0.0,0.5992273795062426,0.06413020900491517,0.25,29,25,4,25,9,1,0,5,0,60,90,2,0,330.62094947934025,buyer,BUY-10071,poor_payment,0
0.7869021991538898,0.0,0.894469274061656,0.21309780084611019,0.25,17,15,2,15,3,1,0,5,0,38,56,1,1,359.1116616761227,buyer,BUY-10072,mixed,0
0.920928220576093,0.0,0.9943901097904566,0.07907177942390675,1.0,48,45,3,45,1,3,0,28,2,126,177,4,1,364.1964601690278,buyer,BUY-10073,reliable,1
0.7449198947519325,0.0,0.894984362813407,0.25508010524806735,0.2,15,12,3,12,1,2,0,4,0,33,50,1,0,343.06967010435187,buyer,BUY-10074,occasional_reliable,1
0.88254519065138,0.3101759614353835,0.9943152397619585,0.11745480934861963,0.3,32,26,6,26,1,11,5,6,0,75,113,3,0,364.73747172100695,buyer,BUY-10075,frequent_returner,0
0.33452205279516634,0.0,0.7907805984375857,0.6654779472048338,0.0,24,8,16,8,2,0,0,0,0,32,56,2,1,350.6387054515972,buyer,BUY-10076,frequent_canceller,0
0.9016508739574683,0.0,0.5099149444838658,0.09834912604253165,0.2,17,14,3,14,6,2,0,4,0,37,56,1,0,362.1737889123727,buyer,BUY-10077,poor_payment,0
0.7007699150473009,0.1467738610687508,0.795966431196111,0.2992300849526992,0.2,34,23,11,23,6,3,1,4,0,64,100,3,0,334.4401742897106,buyer,BUY-10078,mixed,1
0.9410455549327776,0.0,0.9392606547950416,0.05895444506722247,0.8,25,24,1,24,1,1,0,16,0,66,92,1,0,341.26098208693287,buyer,BUY-10079,reliable,1
1.0,0.0,0.9655979667728466,0.0,0.35,11,11,0,11,1,1,0,3,2,28,40,0,0,327.42900345341434,buyer,BUY-10080,occasional_reliable,1
0.6563582248044372,0.0,1.0,0.34364177519556294,0.3,17,12,5,12,0,3,0,4,1,37,57,1,0,358.4235963877662,buyer,BUY-10081,frequent_returner,0
0.6449930480264601,0.0,0.9689433396929137,0.3550069519735398,0.0,15,8,7,8,1,0,0,0,0,23,38,0,0,363.5089987608102,buyer,BUY-10082,frequent_canceller,0
0.8813003542790321,0.0,0.27419049763532816,0.11869964572096758,0.1,29,24,5,24,16,1,0,0,1,55,85,3,0,362.98265526001154,buyer,BUY-10083,poor_payment,0
0.7838859746716568,0.0,0.597116558983019,0.21611402532834334,0.45,25,19,6,19,7,3,0,5,2,54,82,2,1,363.2116538778588,buyer,BUY-10084,mixed,0
0.9627563860226916,0.0,1.0,0.037243613977308354,1.0,35,32,3,32,0,4,0,21,0,92,131,2,0,345.2061061175579,buyer,BUY-10085,reliable,1
1.0,0.0,1.0,0.0,0.15,4,4,0,4,0,0,0,3,0,11,15,1,0,355.58342620799766,buyer,BUY-10086,occasional_reliable,1
0.8444118893478201,0.0,1.0,0.1555881106521798,0.25,21,17,4,17,0,4,0,5,0,47,72,2,0,352.25454643793984,buyer,BUY-10087,frequent_returner,0
0.641682077819508,0.0,0.6543253798899794,0.35831792218049197,0.1,15,9,6,9,3,1,0,2,0,27,43,1,0,326.2234258658796,buyer,BUY-10088,frequent_canceller,0
0.7938019826794279,1.0,0.5687196226674809,0.20619801732057208,0.3,28,24,4,24,11,1,1,4,1,58,86,3,1,358.97528530261576,buyer,BUY-10089,poor_payment,0
0.42666479234183674,0.0,1.0,0.5733352076581633,0.05,10,4,6,4,0,0,0,1,0,15,25,1,0,349.1390327490046,buyer,BUY-10090,mixed,1
0.9913219391541278,0.0,1.0,0.008678060845872193,1.0,36,35,1,35,0,0,0,21,1,93,129,4,0,360.71166787934027,buyer,BUY-10091,reliable,1
0.9859613605222082,0.0,0.7853513993143028,0.014038639477792048,0.15,15,14,1,14,2,0,0,3,0,32,47,1,0,346.3088501359143,buyer,BUY-10092,occasional_reliable,1
0.8816790292253878,0.0,1.0,0.11832097077461223,0.3,22,19,3,19,0,5,0,6,0,52,79,3,0,363.82521175997687,buyer,BUY-10093,frequent_returner,0
0.4665811891145655,0.0,0.9553188684024785,0.5334188108854345,0.15,11,6,5,6,1,1,0,1,1,20,32,1,1,361.5272625065509,buyer,BUY-10094,frequent_canceller,0
0.8493956681056818,0.0,0.2458870403836176,0.15060433189431843,0.05,16,12,4,12,8,0,0,1,0,29,45,3,0,329.5413143752315,buyer,BUY-10095,poor_payment,0
0.6819723817990404,0.0,0.9133642802558052,0.3180276182009596,0.2,31,20,11,20,3,3,0,2,1,57,91,3,1,363.331559841169,buyer,BUY-10096,mixed,1
0.9278691266557957,0.0,1.0,0.07213087334420432,0.8,29,26,3,26,0,1,0,12,2,70,100,0,0,344.100616716169,buyer,BUY-10097,reliable,1
0.847095085068742,0.0,0.6355906577017181,0.1529049149312579,0.0,5,4,1,4,1,1,0,0,0,10,16,0,0,326.03672950587963,buyer,BUY-10098,occasional_reliable,1
0.981706639155557,0.35243802992947115,0.9355601178644414,0.018293360844442996,0.6,40,37,3,37,1,14,6,12,0,103,151,5,0,359.4395630225926,buyer,BUY-10099,frequent_returner,0
0.7466007913782126,0.0,0.867878812704099,0.25339920862178733,0.1,13,9,4,9,2,0,0,2,0,24,37,0,0,324.5830286995139,buyer,BUY-10100,frequent_canceller,0
0.8640226629139741,0.0,0.3823376702460635,0.13597733708602577,0.4,27,22,5,22,11,1,0,8,0,58,86,6,1,361.8998762544213,buyer,BUY-10101,poor_payment,0
0.8048362106670408,0.0,0.8650048375885733,0.19516378933295897,0.3,27,19,8,19,2,1,0,6,0,53,81,6,1,323.49801028708333,buyer,BUY-10102,mixed,1
0.942928197022687,0.0,0.980014014016535,0.05707180297731296,1.0,42,40,2,40,1,2,0,26,1,111,155,4,0,354.0269999697685,buyer,BUY-10103,reliable,1
0.7334681776973995,0.0,0.5632464053041522,0.26653182230260053,0.0,5,4,1,4,1,0,0,0,0,9,14,0,0,220.10761889934028,buyer,BUY-10104,occasional_reliable,1
0.7707477661830997,0.17954128830774152,0.9874049132255666,0.22925223381690019,0.5,31,26,5,26,1,8,1,8,1,74,112,4,1,359.9160964401967,buyer,BUY-10105,frequent_returner,0
0.5786806502172849,0.0,1.0,0.421319349782715,0.1,25,14,11,14,0,1,0,2,0,42,68,2,1,354.00927844959494,buyer,BUY-10106,frequent_canceller,0
0.9201778306367688,0.0,0.6080184224320483,0.07982216936323094,0.45,28,26,2,26,9,2,0,9,0,65,95,3,0,352.4793498925694,buyer,BUY-10107,poor_payment,0
0.6308530955972734,0.0,0.7280922512374394,0.3691469044027268,0.2,16,10,6,10,2,2,0,2,1,31,49,1,1,364.9908524317708,buyer,BUY-10108,mixed,1
0.9547761299252587,0.0,0.9867114280461372,0.04522387007474127,1.0,45,42,3,42,2,3,0,19,2,111,159,6,0,360.46514827644677,buyer,BUY-10109,reliable,1
0.9658531607076447,0.0,1.0,0.03414683929235529,0.25,8,7,1,7,0,0,0,3,1,19,27,2,0,361.0440405955093,buyer,BUY-10110,occasional_reliable,1
0.8477361955952252,0.6550717035081871,0.9510898595916056,0.15226380440477483,0.35,28,25,3,25,3,10,5,7,0,70,103,2,1,361.6329699380787,buyer,BUY-10111,frequent_returner,0
0.555158203430222,0.0,0.9663298248752464,0.44484179656977796,0.1,39,20,19,20,2,0,0,2,0,61,100,3,0,349.34822175827543,buyer,BUY-10112,frequent_canceller,0
0.951441805438295,0.0,0.7138919946805566,0.04855819456170496,0.05,12,11,1,11,4,2,0,1,0,26,40,0,0,286.79349548179397,buyer,BUY-10113,poor_payment,0
0.9811957118666876,0.0,0.8447353512389131,0.018804288133312363,0.15,13,12,1,12,3,1,0,3,0,29,43,1,0,342.87842649375,buyer,BUY-10114,mixed,1
1.0,0.0,1.0,0.0,0.95,25,25,0,25,0,3,0,17,1,71,99,1,0,352.50805890189815,buyer,BUY-10115,reliable,1
1.0,0.0,1.0,0.0,0.1,7,7,0,7,0,0,0,2,0,16,23,0,0,247.5775064158449,buyer,BUY-10116,occasional_reliable,1
0.8870764731800019,0.31954930491417366,0.9725015121665588,0.1129235268199984,0.5,30,26,4,26,1,6,2,10,0,72,106,6,1,359.6223554041435,buyer,BUY-10117,frequent_returner,0
0.6198640000575499,0.0,0.9646192758586003,0.38013599994245006,0.05,14,8,6,8,1,1,0,1,0,24,39,1,0,351.70830019938654,buyer,BUY-10118,frequent_canceller,0
0.9079863529586749,0.0,0.17710298734628926,0.09201364704132509,0.1,15,13,2,13,9,1,0,2,0,31,47,2,0,343.016649630081,buyer,BUY-10119,poor_payment,0
0.976265464007862,0.0,0.8929893295535454,0.02373453599213804,0.3,14,13,1,13,3,3,0,6,0,36,53,1,0,306.75753547013886,buyer,BUY-10120,mixed,1
0.964826070837375,0.0,0.9359335621473875,0.03517392916262496,1.0,43,42,1,42,1,2,0,30,1,118,163,2,0,342.7520915617245,buyer,BUY-10121,reliable,1
0.9475205503305809,0.0,0.9494499324686166,0.05247944966941909,0.45,14,13,1,13,1,1,0,7,1,36,51,1,0,353.51632765622685,buyer,BUY-10122,occasional_reliable,1
0.9145063340338693,0.09317500832846226,0.8238284485879623,0.0854936659661304,0.35,30,26,4,26,2,9,1,7,0,72,110,3,0,329.2738534938889,buyer,BUY-10123,frequent_returner,0
0.4312956321914091,0.0,0.9184935640641065,0.5687043678085908,0.0,32,13,19,13,1,0,0,0,0,45,77,2,1,356.35924825560187,buyer,BUY-10124,frequent_canceller,0
0.8303380453987442,0.0,0.7602172787030226,0.16966195460125588,0.15,11,9,2,9,4,1,0,1,1,23,35,2,0,340.4805964113889,buyer,BUY-10125,poor_payment,0
0.872813754519159,0.15011545229978684,0.6576370800130399,0.12718624548084112,0.35,35,28,7,28,8,5,1,7,0,75,114,4,1,355.0929896728009,buyer,BUY-10126,mixed,0
0.9281362466434878,0.0,0.902781844950731,0.0718637533565123,1.0,56,51,5,51,3,2,0,35,0,144,202,6,0,354.77851024668985,buyer,BUY-10127,reliable,1
0.7499722335671561,0.0,1.0,0.25002776643284386,0.25,3,2,1,2,0,0,0,1,2,8,11,1,0,304.4521850196412,buyer,BUY-10128,occasional_reliable,1
0.9514821553559749,0.15691063572346442,0.891223875097566,0.04851784464402509,0.4,17,16,1,16,1,8,1,8,0,49,73,2,0,354.47941134600694,buyer,BUY-10129,frequent_returner,0
0.41234964708055466,0.0,0.9580067351748931,0.5876503529194452,0.1,29,11,18,11,1,0,0,2,0,42,71,1,0,356.7611573630324,buyer,BUY-10130,frequent_canceller,0
0.5103953620483963,1.0,0.2901129620128651,0.4896046379516038,0.05,13,9,4,9,3,1,1,1,0,24,37,2,2,357.5292949372801,buyer,BUY-10131,poor_payment,0
0.6470119612534206,0.0,0.6428287808814173,0.35298803874657936,0.15,31,21,10,21,7,5,0,3,0,60,96,2,2,332.8424733864236,buyer,BUY-10132,mixed,1
0.9664707590357986,0.0,1.0,0.0335292409642014,1.0,52,49,3,49,0,5,0,32,0,138,195,3,0,361.1713316158449,buyer,BUY-10133,reliable,1
1.0,0.0,1.0,0.0,0.15,6,6,0,6,0,1,0,3,0,16,23,1,0,276.84784294363425,buyer,BUY-10134,occasional_reliable,1
0.9288702900525992,0.36124505316544697,1.0,0.07112970994740075,0.7,35,33,2,33,0,11,3,10,2,91,134,5,1,341.68658726446756,buyer,BUY-10135,frequent_returner,0
0.5550835106675762,0.0,1.0,0.44491648933242367,0.15,31,17,14,17,0,2,0,3,0,53,86,6,2,338.34502002577545,buyer,BUY-10136,frequent_canceller,0
0.8353557625897711,0.0,0.5326166736528619,0.16464423741022904,0.2,13,11,2,11,5,1,0,4,0,29,43,1,0,315.81893833649303,buyer,BUY-10137,poor_payment,0
0.6322242486246668,0.0,0.744614879832584,0.36777575137533314,0.25,18,14,4,14,5,0,0,3,1,36,54,2,1,321.41338322707173,buyer,BUY-10138,mixed,0
0.9521571724213076,0.0,0.9888980460792768,0.047842827578692404,1.0,46,43,3,43,1,2,0,27,3,121,169,7,0,361.2380874901736,buyer,BUY-10139,reliable,1
1.0,0.0,1.0,0.0,0.05,4,4,0,4,0,0,0,1,0,9,13,2,0,236.48706912288196,buyer,BUY-10140,occasional_reliable,1
0.8304697752973508,0.30353101494624957,0.9371787880565056,0.16953022470264922,0.4,27,23,4,23,2,7,4,6,1,64,94,2,1,341.2514982418403,buyer,BUY-10141,frequent_returner,0
0.44408768324638365,0.0,1.0,0.5559123167536165,0.0,18,7,11,7,0,0,0,0,0,25,43,0,0,317.77800165453704,buyer,BUY-10142,frequent_canceller,0
0.799084199491576,0.0,0.5636759092401302,0.20091580050842384,0.3,28,25,3,25,12,1,0,6,0,60,89,2,2,363.09398494798614,buyer,BUY-10143,poor_payment,0
0.5301603005330303,0.0,0.7243760047932265,0.4698396994669698,0.2,33,19,14,19,3,1,0,4,0,57,91,4,3,359.1565365309259,buyer,BUY-10144,mixed,0
0.900114863298466,0.0,0.9956443690540068,0.09988513670153398,1.0,60,54,6,54,1,3,0,28,0,145,208,9,0,364.34824341721065,buyer,BUY-10145,reliable,1
0.88033906300017,0.0,0.7413973875946742,0.11966093699983005,0.35,13,11,2,11,2,0,0,7,0,31,44,0,0,362.57562771796296,buyer,BUY-10146,occasional_reliable,1
0.9640422860997233,0.2723138106809493,0.9634535458859679,0.03595771390027669,0.65,40,37,3,37,1,13,3,13,0,103,153,8,0,331.62231259616897,buyer,BUY-10147,frequent_returner,0
0.4449385469823159,0.0,0.9864306586707788,0.5550614530176843,0.1,31,10,21,10,1,0,0,2,0,43,74,1,1,364.1484241550116,buyer,BUY-10148,frequent_canceller,0
0.8722798415994736,0.0,0.48922347536812427,0.12772015840052642,0.25,12,11,1,11,5,1,0,5,0,29,42,2,0,334.5081373591204,buyer,BUY-10149,poor_payment,0
0.7471887779205422,0.0,0.9086795483586402,0.25281122207945783,0.3,24,16,8,16,2,3,0,6,0,49,76,5,0,309.5225145004051,buyer,BUY-10150,mixed,0
0.9161101803167315,0.0,0.9688355230851589,0.08388981968326847,0.95,35,33,2,33,2,2,0,17,1,88,125,3,1,364.78846626011574,buyer,BUY-10151,reliable,1
0.7291094448273872,0.0,0.5858144074572402,0.27089055517261273,0.25,8,7,1,7,2,1,0,5,0,21,30,2,1,344.5364650885995,buyer,BUY-10152,occasional_reliable,1
0.9129903838297683,0.0783047595181039,0.9591207862443158,0.08700961617023162,0.65,38,34,4,34,3,15,2,13,0,100,151,5,0,362.8925955123148,buyer,BUY-10153,frequent_returner,0
0.3834301044873882,0.0,0.6456496041863207,0.616569895512612,0.0,21,9,12,9,1,2,0,0,0,32,55,1,1,361.95380531921296,buyer,BUY-10154,frequent_canceller,0
0.817972853238479,0.0,0.4143251203244993,0.18202714676152076,0.2,26,21,5,21,12,1,0,2,1,51,78,6,1,330.8184059495139,buyer,BUY-10155,poor_payment,0
0.7481027274167884,0.0,0.8943533535256253,0.2518972725832115,0.25,19,15,4,15,4,1,0,5,0,40,60,3,1,301.05558748641204,buyer,BUY-10156,mixed,0
0.9629252068013437,0.0,0.9590587780028385,0.03707479319865614,1.0,41,40,1,40,1,1,0,24,0,106,148,2,0,351.33476260866894,buyer,BUY-10157,reliable,1
1.0,0.0,1.0,0.0,0.25,15,15,0,15,0,0,0,5,0,35,50,0,0,362.6405178593634,buyer,BUY-10158,occasional_reliable,1
0.8894538098815434,0.34527725214797167,0.9229848967727748,0.11054619011845657,0.35,36,33,3,33,1,16,4,7,0,92,140,4,1,348.50631924559025,buyer,BUY-10159,frequent_returner,0
0.34483557856537106,0.0,0.9556737869564039,0.6551644214346289,0.15,26,10,16,10,1,0,0,3,0,39,65,3,2,356.460119342419,buyer,BUY-10160,frequent_canceller,0
0.9240670615718166,0.0,0.7754490339233464,0.0759329384281835,0.15,26,21,5,21,5,1,0,1,1,50,77,2,0,362.03617631164354,buyer,BUY-10161,poor_payment,0
0.9489787211438682,0.0,0.4942435237310819,0.051021278856131835,0.15,9,7,2,7,3,0,0,1,1,18,27,1,0,353.7530597605671,buyer,BUY-10162,mixed,1
0.9513824588979812,0.0,0.9776223742427339,0.04861754110201855,1.0,59,57,2,57,1,4,0,33,2,155,218,5,0,359.3784182416898,buyer,BUY-10163,reliable,1
1.0,0.0,0.850293731866554,0.0,0.05,3,3,0,3,1,0,0,1,0,7,10,0,0,240.60102739252315,buyer,BUY-10164,occasional_reliable,1
0.8770635403056387,0.23424964090771894,0.9284600777482052,0.12293645969436162,0.45,25,22,3,22,1,9,1,9,0,65,98,2,0,358.29914298787037,buyer,BUY-10165,frequent_returner,0
0.37148700205576224,0.0,0.8787289694091832,0.6285129979442377,0.1,37,15,22,15,2,1,0,2,0,55,93,5,3,331.668808704456,buyer,BUY-10166,frequent_canceller,0
0.8048216141887078,0.0,0.5421372181765605,0.1951783858112922,0.25,27,22,5,22,11,0,0,5,0,54,81,1,1,355.2997892280324,buyer,BUY-10167,poor_payment,0
0.6687187197706214,0.0,0.5802585602803547,0.33128128022937864,0.05,17,12,5,12,3,3,0,1,0,33,53,0,0,364.445665807419,buyer,BUY-10168,mixed,0
0.9689112286837258,0.0,1.0,0.03108877131627419,0.95,31,29,2,29,0,1,0,17,1,79,111,1,0,360.0031817212847,buyer,BUY-10169,reliable,1
0.7897431256851087,0.0,1.0,0.21025687431489126,0.35,4,3,1,3,0,0,0,1,3,11,15,1,0,321.62055886120373,buyer,BUY-10170,occasional_reliable,1
0.9395333182516684,0.0,1.0,0.06046668174833181,0.1,15,12,3,12,0,3,0,2,0,32,50,0,0,352.3682851241667,buyer,BUY-10171,frequent_returner,0
0.4242026463363609,0.0,1.0,0.5757973536636392,0.2,37,15,22,15,0,0,0,2,1,55,92,0,0,340.64732327141206,buyer,BUY-10172,frequent_canceller,0
0.9225317890337116,0.0,0.6631812657827021,0.07746821096628864,0.5,23,20,3,20,5,1,0,4,3,51,75,3,0,354.24701604347223,buyer,BUY-10173,poor_payment,0
0.6938882415549379,0.0,1.0,0.3061117584450621,0.1,13,10,3,10,0,1,0,2,0,26,40,0,0,358.7066940926505,buyer,BUY-10174,mixed,1
0.9124384755188646,0.0,0.9755052601574885,0.08756152448113519,1.0,58,54,4,54,1,6,0,31,1,150,214,4,0,354.58700675449074,buyer,BUY-10175,reliable,1
0.7465325892286379,0.0,0.9791014767100094,0.25346741077136203,0.2,15,13,2,13,1,0,0,4,0,32,47,1,0,324.0247159560648,buyer,BUY-10176,occasional_reliable,1
0.9540062716284498,0.035309359281718966,1.0,0.045993728371550247,0.25,22,19,3,19,0,10,2,5,0,56,86,3,0,363.59258030901617,buyer,BUY-10177,frequent_returner,0
0.41690920156427813,0.0,0.8986705457055549,0.5830907984357219,0.1,28,8,20,8,1,1,0,0,1,38,67,3,1,348.02840858702547,buyer,BUY-10178,frequent_canceller,0
0.7219316899927775,0.0,0.7486711766469681,0.27806831000722254,0.2,20,13,7,13,5,4,0,4,0,41,65,1,0,355.5060028498611,buyer,BUY-10179,poor_payment,0
0.7093933518506856,0.08395351821778108,0.8312001386743935,0.29060664814931414,0.25,33,28,5,28,6,4,1,5,0,70,106,5,2,344.2516950880092,buyer,BUY-10180,mixed,0
0.966322851872091,0.0,0.980141147522055,0.03367714812790912,1.0,50,49,1,49,1,3,0,27,2,131,184,3,0,364.15449582925925,buyer,BUY-10181,reliable,1
0.8672092199825269,0.0,1.0,0.13279078001747324,0.1,7,5,2,5,0,0,0,2,0,14,21,0,0,289.5289162411574,buyer,BUY-10182,occasional_reliable,1
0.7122872529795085,0.0,0.9669680940400533,0.28771274702049154,0.4,17,14,3,14,1,5,0,6,1,43,65,1,1,353.695158595,buyer,BUY-10183,frequent_returner,0
0.4744800220466038,0.0,0.6657608115260316,0.5255199779533961,0.0,14,5,9,5,1,0,0,0,0,19,33,3,1,337.13632464557867,buyer,BUY-10184,frequent_canceller,0
0.8458608475283247,0.0,0.4534410329723892,0.15413915247167542,0.0,22,19,3,19,10,1,0,0,0,42,65,1,0,340.2578850533218,buyer,BUY-10185,poor_payment,0
0.6938328060828342,0.38771721205753074,0.721764254166866,0.30616719391716596,0.25,34,26,8,26,4,4,1,5,0,69,106,4,1,363.83493525054394,buyer,BUY-10186,mixed,0
0.9462047266503909,0.0,0.9646784155801755,0.053795273349609096,1.0,46,45,1,45,1,2,0,20,0,113,161,1,0,356.3745728404861,buyer,BUY-10187,reliable,1
1.0,0.0,1.0,0.0,0.25,3,3,0,3,0,0,0,1,2,9,12,0,0,242.6313368982986,buyer,BUY-10188,occasional_reliable,1
0.8584032922224406,0.4325685608972931,1.0,0.1415967077775594,0.45,25,22,3,22,0,8,3,7,1,63,93,4,1,363.829942679919,buyer,BUY-10189,frequent_returner,0
0.6260390805362894,0.0,1.0,0.37396091946371046,0.0,15,9,6,9,0,0,0,0,0,24,39,1,1,358.2738595046991,buyer,BUY-10190,frequent_canceller,0
0.9112603903403718,0.0,0.5255006449123947,0.08873960965962824,0.3,29,25,4,25,10,0,0,4,1,59,88,4,0,355.9793798114236,buyer,BUY-10191,poor_payment,0
0.8898665208298218,0.0,0.9865498084594504,0.11013347917017802,0.3,12,11,1,11,1,5,0,4,1,33,50,2,0,362.21979412810185,buyer,BUY-10192,mixed,1
0.945625112911944,0.0,1.0,0.054374887088056045,0.9,23,21,2,21,0,3,0,16,1,64,90,1,0,342.69336626584493,buyer,BUY-10193,reliable,1
0.7973693922475408,0.0,1.0,0.20263060775245922,0.1,8,6,2,6,0,0,0,2,0,16,24,1,0,164.633064073831,buyer,BUY-10194,occasional_reliable,1
0.9360588688586445,0.20175487937640335,0.983691212221162,0.06394113114135558,0.65,31,29,2,29,1,10,4,13,0,83,120,3,0,360.2397896278009,buyer,BUY-10195,frequent_returner,0
0.6015477019625436,0.0,0.8960221680594085,0.39845229803745663,0.1,30,13,17,13,1,1,0,2,0,46,77,3,0,360.4514815813773,buyer,BUY-10196,frequent_canceller,0
0.7965692239036666,0.0,0.6901947027826418,0.20343077609633353,0.05,27,22,5,22,4,1,0,1,0,51,79,1,1,363.31013364486114,buyer,BUY-10197,poor_payment,0
0.586624332592536,0.0,0.5849887607837368,0.413375667407464,0.1,18,13,5,13,3,2,0,2,0,35,55,2,1,347.0235617960301,buyer,BUY-10198,mixed,0
0.9084137157868015,0.0,0.9674438535392577,0.0915862842131987,0.85,31,29,2,29,1,1,0,15,1,77,109,2,1,335.08413384893515,buyer,BUY-10199,reliable,1
1.0,0.0,1.0,0.0,0.0,3,3,0,3,0,0,0,0,0,6,9,0,0,190.50029977048612,buyer,BUY-10200,occasional_reliable,1
0.9616397450917169,0.0,0.9103908721841332,0.038360254908282876,0.25,23,21,2,21,1,5,0,5,0,54,82,3,0,358.7696377352546,buyer,BUY-10201,frequent_returner,0
0.12301149134297813,0.0,1.0,0.8769885086570219,0.0,13,2,11,2,0,0,0,0,0,15,28,0,0,364.8470294412153,buyer,BUY-10202,frequent_canceller,0
0.7422284041069603,0.0,0.2919080460675932,0.25777159589303955,0.25,17,13,4,13,6,0,0,3,1,34,51,0,0,347.02557795665507,buyer,BUY-10203,poor_payment,0
0.6483369914333648,0.0,1.0,0.35166300856663524,0.05,10,7,3,7,0,1,0,1,0,19,30,1,0,357.78207757466436,buyer,BUY-10204,mixed,0
0.9836648031924192,0.0,1.0,0.016335196807580776,0.75,27,25,2,25,0,1,0,11,2,66,94,3,0,347.43346022327546,buyer,BUY-10205,reliable,1
0.7479156295816942,0.0,0.7589809170218765,0.2520843704183058,0.35,13,10,3,10,1,1,0,5,1,30,44,0,0,347.5455326857176,buyer,BUY-10206,occasional_reliable,1
0.9325144569314396,0.0,0.8295475594012742,0.06748554306856036,0.25,28,26,2,26,3,9,0,5,0,68,105,4,0,361.81884844149306,buyer,BUY-10207,frequent_returner,0
0.5063065046409243,0.0,0.5237385888307632,0.4936934953590757,0.0,11,4,7,4,2,1,0,0,0,16,28,1,0,350.437865596875,buyer,BUY-10208,frequent_canceller,0
0.6406290115375126,0.0,0.6719332769174791,0.3593709884624874,0.1,13,7,6,7,2,1,0,2,0,23,37,0,0,364.5293578205903,buyer,BUY-10209,poor_payment,0
0.5102349870930373,0.0,0.6789111760887805,0.48976501290696284,0.05,9,5,4,5,3,0,0,1,0,15,24,0,0,348.49470567532404,buyer,BUY-10210,mixed,0
0.9410427804716673,0.0,0.9850309134097346,0.05895721952833244,1.0,24,22,2,22,1,3,0,16,2,67,94,2,0,356.4249354909259,buyer,BUY-10211,reliable,1
0.8592522209808447,0.0,1.0,0.14074777901915525,0.25,11,10,1,10,0,0,0,5,0,26,37,1,0,320.25855539136575,buyer,BUY-10212,occasional_reliable,1
0.9861540637836118,0.0892074145425985,1.0,0.013845936216388188,0.5,36,34,2,34,0,17,3,8,1,96,146,3,0,350.1251647968287,buyer,BUY-10213,frequent_returner,0
0.38589519842222947,0.0,0.9177211383674503,0.6141048015777706,0.1,38,15,23,15,1,0,0,2,0,55,93,3,1,351.0083592984606,buyer,BUY-10214,frequent_canceller,0
0.8509870079159152,0.0,0.6370101138767573,0.14901299208408503,0.2,17,16,1,16,6,0,0,4,0,37,54,2,1,359.9693412971875,buyer,BUY-10215,poor_payment,0
0.7063322640454038,1.0,0.9534375311489102,0.2936677359545963,0.1,19,10,9,10,2,1,1,2,0,32,51,2,0,352.15556070979164,buyer,BUY-10216,mixed,0
0.8893074666852898,0.0,1.0,0.11069253331470985,1.0,38,35,3,35,0,0,0,19,3,95,133,1,0,360.1552672868171,buyer,BUY-10217,reliable,1
0.7427818886189372,0.0,1.0,0.2572181113810629,0.25,12,10,2,10,0,0,0,5,0,27,39,3,1,345.73311877043983,buyer,BUY-10218,occasional_reliable,1
0.9369212187665614,0.38786706756425227,0.8527716173603488,0.06307878123343857,0.25,21,20,1,20,3,10,3,5,0,56,84,2,0,359.51237310195603,buyer,BUY-10219,frequent_returner,0
0.34236344684217607,0.0,1.0,0.657636553157824,0.05,34,14,20,14,0,0,0,1,0,49,83,2,1,362.94059258333334,buyer,BUY-10220,frequent_canceller,0
0.7415181932426284,0.0,0.5505060187763253,0.25848180675737165,0.05,20,14,6,14,6,1,0,1,0,36,57,1,0,340.8343412906366,buyer,BUY-10221,poor_payment,0
0.7172770569471022,0.0,0.6945491372669131,0.2827229430528978,0.35,27,20,7,20,5,1,0,5,1,54,82,2,1,356.7089373616088,buyer,BUY-10222,mixed,1
0.9745569268528137,0.0,1.0,0.0254430731471863,0.45,24,22,2,22,0,1,0,9,0,56,81,1,0,356.18510065072917,buyer,BUY-10223,reliable,1
0.8491426677200438,0.0,0.9669903945339292,0.15085733227995624,0.5,12,11,1,11,1,0,0,6,2,31,43,1,0,355.13963160918985,buyer,BUY-10224,occasional_reliable,1
0.8150104902020712,0.21754415513668368,0.9294044508337679,0.18498950979792872,0.15,15,12,3,12,1,4,1,3,0,34,52,0,0,344.57824360802084,buyer,BUY-10225,frequent_returner,0
0.5050289638994931,0.0,0.6454188573360048,0.49497103610050697,0.0,12,6,6,6,1,1,0,0,0,19,32,3,1,334.8410030315046,buyer,BUY-10226,frequent_canceller,0
0.8728100413430344,0.0,0.7277103286586896,0.12718995865696558,0.15,29,24,5,24,8,4,0,3,0,60,93,2,0,355.85710863881945,buyer,BUY-10227,poor_payment,0
0.9494140477213683,0.0,0.6903371917927835,0.05058595227863172,0.05,11,10,1,10,2,0,0,1,0,22,33,0,0,338.65300782163195,buyer,BUY-10228,mixed,1
0.9887350434731682,0.0,1.0,0.011264956526831793,1.0,39,38,1,38,0,3,0,20,1,101,143,4,0,348.1814049597338,buyer,BUY-10229,reliable,1
0.9471382020086121,0.0,1.0,0.052861797991387904,0.2,14,12,2,12,0,1,0,4,0,31,46,1,0,362.77297415105323,buyer,BUY-10230,occasional_reliable,1
0.9661235501139803,0.0,1.0,0.03387644988601979,0.2,19,17,2,17,0,5,0,4,0,45,69,2,0,338.7632443689236,buyer,BUY-10231,frequent_returner,0
0.5477761474548342,0.0,0.9295831397717665,0.45222385254516595,0.05,15,8,7,8,1,0,0,1,0,24,39,3,0,296.7807425815046,buyer,BUY-10232,frequent_canceller,0
0.8499377280968428,0.0,0.17986156914123352,0.15006227190315713,0.2,12,10,2,10,7,1,0,2,1,26,39,0,0,364.8751763318519,buyer,BUY-10233,poor_payment,0
0.8298044988265764,0.0,0.7640873827682424,0.17019550117342386,0.25,23,17,6,17,4,2,0,5,0,47,72,4,0,354.7653687313194,buyer,BUY-10234,mixed,0
0.7796595027898969,0.0,1.0,0.22034049721010318,0.9,29,25,4,25,0,2,0,18,0,74,105,3,2,348.9124072064699,buyer,BUY-10235,reliable,1
0.8536100534773118,0.0,0.9537984554317783,0.146389946522688,0.3,12,10,2,10,1,1,0,6,0,29,42,1,0,358.8405594690625,buyer,BUY-10236,occasional_reliable,1
0.9463432678660195,0.05189390028116925,0.7977298530511556,0.05365673213398048,0.5,36,33,3,33,4,12,1,10,0,91,138,3,0,362.9452646335185,buyer,BUY-10237,frequent_returner,0
0.6038833891395184,0.0,0.9637849938130945,0.39611661086048156,0.05,17,10,7,10,1,0,0,1,0,28,45,3,0,329.22034530530095,buyer,BUY-10238,frequent_canceller,0
0.672032923359773,0.0,0.8419562316997462,0.32796707664022673,0.15,27,19,8,19,6,2,0,3,0,51,80,0,0,362.8458598646875,buyer,BUY-10239,poor_payment,0
0.7002948221680233,0.0,0.9769829472712153,0.2997051778319766,0.1,13,8,5,8,1,2,0,2,0,25,40,3,1,324.54697421300926,buyer,BUY-10240,mixed,1
0.9343699267848099,0.0,0.9799846345003994,0.0656300732151901,1.0,41,38,3,38,2,2,0,20,2,103,146,1,0,342.1217426653935,buyer,BUY-10241,reliable,1
1.0,0.0,1.0,0.0,0.1,5,5,0,5,0,0,0,2,0,12,17,1,0,322.7452443165972,buyer,BUY-10242,occasional_reliable,1
0.8990614099918575,0.2050252176156685,0.9351488266816392,0.10093859000814265,0.35,37,34,3,34,3,9,1,7,0,87,132,5,1,359.76815369873844,buyer,BUY-10243,frequent_returner,0
0.4441587389476094,0.0,0.9534326592870396,0.5558412610523907,0.05,30,13,17,13,1,0,0,1,0,44,74,1,1,355.57429667590276,buyer,BUY-10244,frequent_canceller,0
0.9457155321586208,0.0,0.34548453794104944,0.05428446784137875,0.1,22,19,3,19,11,1,0,0,1,43,66,1,0,337.2852477149537,buyer,BUY-10245,poor_payment,0
0.714638811925629,0.0,0.9417251569136048,0.28536118807437105,0.45,32,24,8,24,2,1,0,9,0,66,99,2,0,363.3932095647338,buyer,BUY-10246,mixed,1
0.9654789990517898,0.0,0.993524854156135,0.03452100094821009,1.0,58,55,3,55,1,1,0,36,0,150,209,4,0,364.9127242173958,buyer,BUY-10247,reliable,1
1.0,0.0,1.0,0.0,0.15,3,3,0,3,0,0,0,1,1,8,11,0,0,311.1904409583796,buyer,BUY-10248,occasional_reliable,1
0.8678214138236391,0.05811663360620367,0.90584465701799,0.1321785861763609,0.25,19,18,1,18,1,6,1,5,0,48,72,0,0,362.9528598502315,buyer,BUY-10249,frequent_returner,0
0.4321179956732511,0.0,0.8214386577290547,0.5678820043267491,0.2,34,14,20,14,1,1,0,2,1,52,87,3,1,363.1314762965857,buyer,BUY-10250,frequent_canceller,0
0.9753013709479963,0.0,0.6546089147400993,0.024698629052003707,0.15,19,18,1,18,8,2,0,3,0,42,63,3,0,281.9963686653009,buyer,BUY-10251,poor_payment,0
0.907873963435082,0.0,0.571411281223255,0.09212603656491802,0.15,14,13,1,13,4,4,0,3,0,34,52,4,0,347.67269706945604,buyer,BUY-10252,mixed,0
0.9950949261466729,0.0,0.9334522667979374,0.00490507385332728,1.0,39,38,1,38,2,1,0,19,1,98,138,3,0,364.61799788462963,buyer,BUY-10253,reliable,1
0.9478669105464398,0.0,1.0,0.0521330894535601,0.3,14,13,1,13,0,1,0,4,1,33,48,0,0,360.35909674457173,buyer,BUY-10254,occasional_reliable,1
0.7857833724052812,0.0,0.9441302012172073,0.21421662759471893,0.4,17,15,2,15,2,4,0,4,2,42,63,0,0,363.3417857127546,buyer,BUY-10255,frequent_returner,0
0.5838328142240882,0.0,1.0,0.41616718577591183,0.0,24,12,12,12,0,2,0,0,0,38,64,2,1,334.6186474706366,buyer,BUY-10256,frequent_canceller,0
0.6260487883088728,0.0,0.4615852646319425,0.373951211691127,0.0,22,15,7,15,9,2,0,0,0,39,63,0,0,358.48345898708334,buyer,BUY-10257,poor_payment,0
1.0,1.0,0.9423098519821154,0.0,0.0,8,8,0,8,1,1,1,0,0,17,25,0,0,345.7860322013079,buyer,BUY-10258,mixed,1
0.691212869750343,0.0,1.0,0.30878713024965687,0.4,22,18,4,18,0,0,0,8,0,48,70,4,2,363.46725377265045,buyer,BUY-10259,reliable,1
1.0,0.0,1.0,0.0,0.5,14,14,0,14,0,0,0,8,1,37,51,3,0,278.8446441773032,buyer,BUY-10260,occasional_reliable,1
0.9064771185879985,0.18871109123537588,0.8804599311662157,0.09352288141200138,0.35,22,19,3,19,3,8,2,7,0,56,84,0,0,364.37133310836805,buyer,BUY-10261,frequent_returner,0
0.2975879222729426,0.0,1.0,0.7024120777270574,0.0,18,7,11,7,0,0,0,0,0,25,43,3,2,345.1377196466435,buyer,BUY-10262,frequent_canceller,0
0.7384646327239799,0.0,0.9097432952100466,0.2615353672760199,0.2,27,22,5,22,3,2,0,4,0,55,84,2,0,362.1291908266204,buyer,BUY-10263,poor_payment,0
0.8161020527189352,0.0,0.5860643499243285,0.1838979472810648,0.1,10,7,3,7,3,0,0,0,1,18,28,0,0,318.92063552778933,buyer,BUY-10264,mixed,1
0.9490143049577608,0.0,1.0,0.050985695042239154,1.0,56,52,4,52,0,3,0,29,0,140,199,4,0,362.0126708888426,buyer,BUY-10265,reliable,1
0.8415003780484134,0.0,0.35165513784076635,0.15849962195158662,0.1,4,3,1,3,1,0,0,0,1,8,12,0,0,352.294637167037,buyer,BUY-10266,occasional_reliable,1
0.5882598338511265,0.09943988932211445,0.9678370031017884,0.41174016614887377,0.3,22,18,4,18,1,8,1,4,1,53,82,3,3,354.2619937671528,buyer,BUY-10267,frequent_returner,0
0.28623462377141407,0.0,0.8621786748193628,0.713765376228586,0.05,40,13,27,13,2,0,0,1,0,54,94,5,4,349.06257362971064,buyer,BUY-10268,frequent_canceller,0
0.5932611861097072,0.0,0.7110713178585459,0.40673881389029276,0.1,18,12,6,12,2,2,0,2,0,34,54,4,2,338.06988370767357,buyer,BUY-10269,poor_payment,0
0.6295457266074422,0.0,1.0,0.3704542733925579,0.25,18,12,6,12,0,2,0,5,0,37,57,1,1,342.4556012580208,buyer,BUY-10270,mixed,1
0.9588000098661584,0.0,1.0,0.04119999013384157,1.0,58,53,5,53,0,6,0,33,3,153,217,3,0,351.64658926623844,buyer,BUY-10271,reliable,1
0.6446813209723632,0.0,1.0,0.3553186790276367,0.05,5,3,2,3,0,1,0,1,0,10,16,1,0,240.08736924030094,buyer,BUY-10272,occasional_reliable,1
0.8910175118599611,0.6474351360178343,0.9912007486821007,0.10898248814003875,0.6,39,34,5,34,1,10,5,12,0,95,139,2,0,349.0927014984838,buyer,BUY-10273,frequent_returner,0
0.4547013883066161,0.0,1.0,0.5452986116933838,0.0,24,11,13,11,0,2,0,0,0,37,63,1,1,331.52204042958334,buyer,BUY-10274,frequent_canceller,0
1.0,0.0,0.3507030193284484,0.0,0.2,10,10,0,10,5,1,0,0,2,23,34,2,0,314.1388927061111,buyer,BUY-10275,poor_payment,0
0.6372551391349995,0.13238110372810585,0.7684448556222374,0.36274486086500035,0.25,25,17,8,17,4,4,1,3,1,50,78,1,1,348.0603972284375,buyer,BUY-10276,mixed,0
0.9850813052397629,0.0,0.9617449283741637,0.014918694760237106,1.0,58,56,2,56,2,0,0,39,0,153,211,8,0,361.0129762798611,buyer,BUY-10277,reliable,1
1.0,0.0,0.8929574303983078,0.0,0.25,7,7,0,7,1,0,0,3,1,18,25,1,0,352.8753511111806,buyer,BUY-10278,occasional_reliable,1
0.9320066784087118,0.2295810328568627,0.9250865062233881,0.06799332159128824,0.4,31,28,3,28,1,6,3,6,1,72,106,4,0,352.8689441573611,buyer,BUY-10279,frequent_returner,0
0.3918652821184944,0.0,1.0,0.6081347178815054,0.1,21,9,12,9,0,0,0,0,1,31,52,5,3,334.6946953021297,buyer,BUY-10280,frequent_canceller,0
0.7614145558988252,0.0,0.8456382251268204,0.23858544410117488,0.0,10,7,3,7,3,0,0,0,0,17,27,1,0,359.34658771269676,buyer,BUY-10281,poor_payment,0
0.7637863776035214,0.0,0.9683186107838003,0.23621362239647858,0.2,11,8,3,8,1,1,0,2,1,23,35,1,0,363.79573323621526,buyer,BUY-10282,mixed,1
0.9760626386001925,0.0,1.0,0.02393736139980751,1.0,45,43,2,43,0,5,0,23,0,116,166,2,0,364.5652163907639,buyer,BUY-10283,reliable,1
0.9313635837258554,0.0,0.9516814960480006,0.06863641627414441,0.7,13,12,1,12,1,1,0,10,2,38,52,0,0,364.4815823649074,buyer,BUY-10284,occasional_reliable,1
0.8439135347644035,0.448577930438951,0.921892257211931,0.15608646523559655,0.25,18,17,1,17,2,6,1,5,0,46,69,0,0,360.8599192729977,buyer,BUY-10285,frequent_returner,0
0.24711666678023797,0.0,1.0,0.752883333219762,0.05,23,8,15,8,0,0,0,1,0,32,55,3,3,357.49959830766204,buyer,BUY-10286,frequent_canceller,0
0.45339753973384744,0.0,0.5454042095458311,0.5466024602661526,0.1,16,10,6,10,4,1,0,2,0,29,46,2,1,357.4388752090046,buyer,BUY-10287,poor_payment,0
0.9078478256217296,0.0,0.7696034615242137,0.09215217437827028,0.6,35,29,6,29,7,4,0,12,0,80,119,2,0,358.3380521863773,buyer,BUY-10288,mixed,1
0.9776856270929205,0.0,1.0,0.022314372907079716,1.0,29,27,2,27,0,0,0,16,3,75,104,1,0,361.29832997087965,buyer,BUY-10289,reliable,1
1.0,0.0,1.0,0.0,0.05,3,3,0,3,0,0,0,1,0,7,10,0,0,269.8569211598843,buyer,BUY-10290,occasional_reliable,1
0.9145462132348479,0.0,1.0,0.08545378676515236,0.1,18,16,2,16,0,4,0,2,0,40,62,1,0,356.4354211299537,buyer,BUY-10291,frequent_returner,0
0.4033539968343947,0.0,0.9488325397054719,0.5966460031656055,0.05,36,14,22,14,1,0,0,1,0,51,87,3,2,364.22865997872685,buyer,BUY-10292,frequent_canceller,0
0.9237637710429232,0.0,0.6177220243335615,0.07623622895707693,0.05,22,20,2,20,10,0,0,1,0,43,65,1,0,364.9382819920486,buyer,BUY-10293,poor_payment,0
0.7517545908992773,0.4651686480452295,0.8744178937435437,0.24824540910072268,0.4,34,27,7,27,5,3,1,8,0,72,108,4,0,330.1648336111574,buyer,BUY-10294,mixed,1
0.9464916457167416,0.0,1.0,0.053508354283258286,0.9,32,28,4,28,0,1,0,16,1,78,111,3,0,350.07307836273145,buyer,BUY-10295,reliable,1
0.6669360025369262,0.0,0.9411897371275327,0.3330639974630738,0.2,15,12,3,12,1,1,0,4,0,32,48,2,1,331.4480659850463,buyer,BUY-10296,occasional_reliable,1
0.9756748709128481,0.0,0.8951244669318732,0.024325129087151898,0.35,19,18,1,18,2,2,0,7,0,46,67,0,0,324.99890629479165,buyer,BUY-10297,frequent_returner,0
0.42659184419456336,0.0,1.0,0.5734081558054367,0.1,26,12,14,12,0,0,0,2,0,40,66,0,0,362.5114745275926,buyer,BUY-10298,frequent_canceller,0
0.8796995092650495,0.0,0.7873173680642432,0.12030049073495064,0.1,17,15,2,15,5,0,0,2,0,34,51,0,0,364.02477079958334,buyer,BUY-10299,poor_payment,0
0.8646520096371548,0.5522054838022128,0.9470898166695242,0.13534799036284517,0.35,23,20,3,20,2,3,1,7,0,53,78,1,0,337.4396615941667,buyer,BUY-10300,mixed,0
0.9180018850213365,0.0,0.9773054596780948,0.0819981149786636,1.0,29,28,1,28,1,1,0,20,0,78,108,5,1,359.8234133124074,buyer,BUY-10301,reliable,1
0.4860933358854384,0.0,1.0,0.5139066641145615,0.25,5,4,1,4,0,0,0,3,1,13,18,0,0,354.1622639704282,buyer,BUY-10302,occasional_reliable,1
0.7848717378925559,0.3549707548978861,0.9915407748396631,0.21512826210744418,0.75,39,34,5,34,1,10,4,13,1,97,142,0,0,364.0334853109954,buyer,BUY-10303,frequent_returner,0
0.4348623867960986,0.0,0.7935387912921822,0.5651376132039012,0.2,29,14,15,14,3,0,0,4,0,47,76,0,0,349.80733140399303,buyer,BUY-10304,frequent_canceller,0
0.7218404648766423,0.0,0.40937327378409466,0.27815953512335756,0.25,27,22,5,22,12,2,0,5,0,56,85,2,1,363.4937232171412,buyer,BUY-10305,poor_payment,0
0.5468494886328034,0.0,0.668964190862591,0.45315051136719653,0.2,17,12,5,12,2,2,0,2,1,34,53,2,1,336.4739590856134,buyer,BUY-10306,mixed,0
0.911515348280385,0.0,1.0,0.08848465171961495,1.0,52,48,4,48,0,2,0,29,1,132,186,3,0,360.0696737262963,buyer,BUY-10307,reliable,1
0.9817857379211884,0.0,1.0,0.018214262078811605,0.4,12,11,1,11,0,1,0,2,3,29,42,1,0,355.03526300342594,buyer,BUY-10308,occasional_reliable,1
0.9349090824427848,0.0,0.991433107839674,0.06509091755721508,0.65,27,26,1,26,1,7,0,13,0,73,107,3,0,342.56784120244214,buyer,BUY-10309,frequent_returner,0
0.42415666932363166,0.0,1.0,0.5758433306763684,0.1,23,13,10,13,0,1,0,2,0,39,63,3,2,362.85246678244215,buyer,BUY-10310,frequent_canceller,0
0.8380283485923943,0.0,0.6540815525894756,0.16197165140760572,0.1,19,15,4,15,6,3,0,2,0,39,61,2,0,342.68642837405093,buyer,BUY-10311,poor_payment,0
0.8066403157571638,0.10422140901927524,0.6278552085511513,0.193359684242836,0.35,33,27,6,27,10,5,1,7,0,72,109,1,0,356.0648795607176,buyer,BUY-10312,mixed,1
1.0,0.0,0.9906909465418811,0.0,1.0,26,26,0,26,1,2,0,18,1,73,101,4,0,348.6296491093518,buyer,BUY-10313,reliable,1
0.9300648554695895,0.0,0.9447470241974245,0.0699351445304105,0.15,14,13,1,13,1,0,0,3,0,30,44,2,0,340.19251273230327,buyer,BUY-10314,occasional_reliable,1
0.943897665050485,0.3335849448658219,0.7755218386357424,0.05610233494951489,0.4,40,36,4,36,4,17,3,8,0,101,155,4,0,351.82321180637734,buyer,BUY-10315,frequent_returner,0
0.381308810658201,0.0,1.0,0.6186911893417991,0.1,31,12,19,12,0,0,0,2,0,45,76,2,0,346.77334737944443,buyer,BUY-10316,frequent_canceller,0
0.8275681792062634,0.0,0.6748814440045974,0.17243182079373698,0.1,23,18,5,18,7,1,0,2,0,44,68,6,0,306.4361280540278,buyer,BUY-10317,poor_payment,0
0.8735166691042233,0.0,0.6092773793762969,0.1264833308957769,0.1,9,7,2,7,3,0,0,2,0,18,27,1,0,342.4308689823264,buyer,BUY-10318,mixed,0
1.0,0.0,0.9916475397194304,0.0,0.75,26,26,0,26,1,2,0,15,0,69,97,2,0,356.30607243556716,buyer,BUY-10319,reliable,1
1.0,0.0,0.7623276165732734,0.0,0.4,15,15,0,15,2,2,0,6,1,39,56,1,0,363.44886072407405,buyer,BUY-10320,occasional_reliable,1
0.8487664849209969,0.21158077957664523,1.0,0.15123351507900307,0.35,24,22,2,22,0,8,2,7,0,61,91,1,0,302.0042782988889,buyer,BUY-10321,frequent_returner,0
0.5214881791348188,0.0,1.0,0.4785118208651813,0.1,24,14,10,14,0,1,0,0,1,40,65,4,1,364.30373350372685,buyer,BUY-10322,frequent_canceller,0
0.7567536416310425,0.0,0.5141035214072275,0.24324635836895747,0.05,20,15,5,15,7,2,0,1,0,38,60,1,1,353.7728502171875,buyer,BUY-10323,poor_payment,0
0.7455898589024645,0.0,0.790699116647849,0.25441014109753546,0.35,22,16,6,16,4,1,0,5,1,45,68,2,0,356.2107903620023,buyer,BUY-10324,mixed,0
1.0,0.0,0.9788981425474784,0.0,1.0,26,26,0,26,1,2,0,18,1,73,101,2,0,351.5757598411111,buyer,BUY-10325,reliable,1
1.0,0.0,0.9537127509507604,0.0,0.45,14,14,0,14,1,4,0,7,1,40,58,1,0,349.8732178533565,buyer,BUY-10326,occasional_reliable,1
0.8699304700398048,0.0,1.0,0.13006952996019516,0.3,16,13,3,13,0,4,0,4,1,38,58,0,0,341.26436751486114,buyer,BUY-10327,frequent_returner,0
0.45241219883993633,0.0,0.9033326147724084,0.5475878011600639,0.15,33,13,20,13,1,1,0,1,1,49,83,5,3,359.5588539800116,buyer,BUY-10328,frequent_canceller,0
0.7799525704180916,0.0,0.5037443019481852,0.2200474295819087,0.2,23,18,5,18,7,2,0,4,0,47,72,1,0,319.52615387024304,buyer,BUY-10329,poor_payment,0
0.44825957038702124,0.0,1.0,0.5517404296129789,0.15,10,6,4,6,0,0,0,1,1,18,28,2,1,311.0049567456829,buyer,BUY-10330,mixed,0
0.973117530329717,0.0,1.0,0.02688246967028307,0.95,30,28,2,28,0,2,0,15,2,77,109,1,0,364.83660211324076,buyer,BUY-10331,reliable,1
0.788610733844458,0.0,1.0,0.2113892661555421,0.3,15,11,4,11,0,0,0,4,1,31,46,0,0,352.4026293818403,buyer,BUY-10332,occasional_reliable,1
0.8339431116119962,0.3826486892668135,0.9506241767246032,0.1660568883880038,0.35,22,18,4,18,1,11,4,5,1,57,86,2,0,352.62929790388887,buyer,BUY-10333,frequent_returner,0
0.40780337258460164,0.0,0.8703412552833684,0.5921966274153982,0.0,15,9,6,9,1,0,0,0,0,24,39,0,0,352.20578250033566,buyer,BUY-10334,frequent_canceller,0
0.7765244398090266,0.0,0.5028915273943473,0.22347556019097325,0.3,15,11,4,11,5,1,0,2,2,31,47,0,0,353.67982889476855,buyer,BUY-10335,poor_payment,0
0.8594195797471778,0.33289902042634123,0.8729055175075953,0.14058042025282236,0.2,20,17,3,17,4,2,1,4,0,43,64,1,0,364.0383480267014,buyer,BUY-10336,mixed,0
0.9828233183867533,0.0,0.9216115474317629,0.017176681613246703,0.95,36,34,2,34,2,2,0,19,0,91,129,3,0,358.26291303393515,buyer,BUY-10337,reliable,1
0.6963052525384021,0.0,1.0,0.30369474746159775,0.05,14,11,3,11,0,1,0,1,0,27,42,4,2,351.5851500335185,buyer,BUY-10338,occasional_reliable,1
0.9687338598614357,0.23073254042512492,0.9594599435534431,0.031266140138564325,0.7,33,32,1,32,1,10,3,14,0,89,129,3,0,359.7310501066551,buyer,BUY-10339,frequent_returner,0
0.381478727844569,0.0,0.794383429370581,0.6185212721554311,0.1,21,9,12,9,1,1,0,2,0,33,55,2,2,354.1440106085301,buyer,BUY-10340,frequent_canceller,0
0.681386244076414,1.0,1.0,0.318613755923586,0.1,16,11,5,11,0,1,1,2,0,30,46,1,0,336.3193150889815,buyer,BUY-10341,poor_payment,0
0.8740871487732771,0.0,0.5279572827772736,0.1259128512267228,0.05,16,13,3,13,7,2,0,1,0,32,50,0,0,356.1059125959144,buyer,BUY-10342,mixed,0
0.8746540515657566,0.0,0.9424602138555263,0.12534594843424351,1.0,44,40,4,40,1,2,0,24,3,113,159,4,1,363.0137160882639,buyer,BUY-10343,reliable,1
0.7248706689317078,0.0,0.7430036861330781,0.2751293310682922,0.1,10,8,2,8,1,1,0,2,0,21,32,4,1,341.58846272868055,buyer,BUY-10344,occasional_reliable,1
0.844183082274051,0.2534908050990079,0.913785605325708,0.15581691772594886,0.4,35,31,4,31,3,11,4,6,1,84,126,5,0,364.3300117903241,buyer,BUY-10345,frequent_returner,0
0.6370610127875442,0.0,0.9100045537941336,0.36293898721245554,0.25,38,23,15,23,3,1,0,5,0,67,106,0,0,364.07092963283566,buyer,BUY-10346,frequent_canceller,0
0.7691072168030637,0.0,0.5161098168404904,0.23089278319693618,0.25,28,24,4,24,13,2,0,3,1,58,88,1,0,355.91815754596064,buyer,BUY-10347,poor_payment,0
0.43423373421930195,1.0,0.9258046671212857,0.5657662657806981,0.25,15,9,6,9,1,1,1,1,2,28,43,0,0,350.6928660890972,buyer,BUY-10348,mixed,0
0.8443101541821375,0.0,1.0,0.15568984581786238,1.0,40,36,4,36,0,3,0,22,2,103,146,7,2,364.99096230981485,buyer,BUY-10349,reliable,1
0.8914575289915216,0.0,0.9616824601087707,0.10854247100847836,0.25,14,13,1,13,1,2,0,5,0,34,50,0,0,299.02013673288195,buyer,BUY-10350,occasional_reliable,1
0.794713691512132,0.475982459362313,0.9366688504383459,0.205286308487868,0.1,23,18,5,18,1,6,2,2,0,49,76,3,0,343.3699629855671,buyer,BUY-10351,frequent_returner,0
0.439967372892138,0.0,0.9822979088245133,0.560032627107862,0.05,34,16,18,16,1,1,0,1,0,52,87,3,1,354.8657187553819,buyer,BUY-10352,frequent_canceller,0
0.8458227770385178,0.0,0.4165392073464796,0.15417722296148217,0.3,28,23,5,23,13,1,0,2,2,56,85,2,0,362.76225777972223,buyer,BUY-10353,poor_payment,0
0.746793106858038,0.0,0.6499261827684776,0.2532068931419619,0.05,8,6,2,6,3,1,0,1,0,16,25,0,0,332.2725907752546,buyer,BUY-10354,mixed,1
0.9124606741347041,0.0,0.9628328654426653,0.08753932586529611,1.0,44,41,3,41,2,2,0,24,2,113,159,5,0,355.9666272396412,buyer,BUY-10355,reliable,1
0.9620508916276199,0.0,0.9561362296835568,0.03794910837238008,0.25,8,7,1,7,1,1,0,3,1,20,29,0,0,340.74304533892365,buyer,BUY-10356,occasional_reliable,1
0.9778660309897587,0.09319077341041582,0.9289052747907344,0.02213396901024134,0.3,18,17,1,17,1,9,1,6,0,50,76,0,0,318.97547119131946,buyer,BUY-10357,frequent_returner,0
0.43905309722794716,0.0,0.9652246694628225,0.5609469027720528,0.05,35,17,18,17,1,0,0,1,0,53,88,3,1,360.2623349651042,buyer,BUY-10358,frequent_canceller,0
0.9771282376902252,0.0,0.8919538754035902,0.022871762309774835,0.1,10,9,1,9,2,0,0,2,0,21,31,2,0,332.57389181203706,buyer,BUY-10359,poor_payment,0
0.7319696977648263,0.0,0.4742128853167074,0.26803030223517377,0.7,32,23,9,23,10,3,0,6,4,68,103,2,1,359.72734578121526,buyer,BUY-10360,mixed,1
0.9705265424362747,0.0,1.0,0.029473457563725103,1.0,40,37,3,37,0,1,0,22,3,103,144,0,0,357.03735464596065,buyer,BUY-10361,reliable,1
0.8289141132388235,0.0,1.0,0.17108588676117653,0.2,11,8,3,8,0,1,0,4,0,24,36,2,0,355.19985149993056,buyer,BUY-10362,occasional_reliable,1
0.8722950096493602,0.5993176975116266,1.0,0.12770499035063998,0.3,22,17,5,17,0,4,1,6,0,49,74,4,0,354.00439701488426,buyer,BUY-10363,frequent_returner,0
0.5772399576850638,0.0,1.0,0.42276004231493614,0.15,24,13,11,13,0,0,0,1,1,39,63,3,0,350.97126975302086,buyer,BUY-10364,frequent_canceller,0
0.6843065803146252,0.0,0.4918545596196951,0.3156934196853748,0.15,30,23,7,23,13,0,0,3,0,56,86,2,1,358.29745434005787,buyer,BUY-10365,poor_payment,0
0.6545253272808935,0.0,0.543633018165086,0.3454746727191065,0.2,13,7,6,7,4,1,0,2,1,24,38,0,0,354.27492824399303,buyer,BUY-10366,mixed,0
0.9028169279042344,0.0,0.9509458213878615,0.09718307209576549,1.0,37,35,2,35,2,1,0,24,0,97,135,2,0,356.97246924859957,buyer,BUY-10367,reliable,1
1.0,0.0,1.0,0.0,0.05,7,7,0,7,0,1,0,1,0,16,24,1,0,321.9900965243403,buyer,BUY-10368,occasional_reliable,1
1.0,0.6744598370033125,0.8815449392682355,0.0,0.3,16,16,0,16,2,6,3,6,0,44,63,0,0,345.01121323702546,buyer,BUY-10369,frequent_returner,0
0.30853695836587725,0.0,0.9190169334259088,0.6914630416341228,0.0,36,14,22,14,1,2,0,0,0,52,90,1,1,348.84829567607636,buyer,BUY-10370,frequent_canceller,0
0.8360245544582423,0.0,0.4290175887260342,0.1639754455417578,0.05,17,14,3,14,7,2,0,1,0,34,53,1,0,357.98613903791664,buyer,BUY-10371,poor_payment,0
0.6928819623135131,0.0,0.9538882183851025,0.30711803768648693,0.15,15,8,7,8,1,1,0,3,0,27,43,1,0,356.43737572563657,buyer,BUY-10372,mixed,1
0.8483818726361674,0.0,1.0,0.15161812736383262,1.0,36,32,4,32,0,4,0,23,2,97,137,5,1,350.980178400463,buyer,BUY-10373,reliable,1
0.7555064003258488,0.0,0.7666967291535685,0.24449359967415107,0.3,15,13,2,13,2,1,0,4,1,34,50,4,1,341.1352019923727,buyer,BUY-10374,occasional_reliable,1
0.9539142230370863,0.30073203188424313,1.0,0.04608577696291383,0.65,34,31,3,31,0,12,3,13,0,90,133,3,0,359.50908432612266,buyer,BUY-10375,frequent_returner,0
0.3360137499778945,0.0,0.9204031639703261,0.6639862500221055,0.15,16,5,11,5,1,1,0,3,0,25,42,0,0,350.67137991288195,buyer,BUY-10376,frequent_canceller,0
0.8304470266519234,0.0,0.6824244748431886,0.16955297334807662,0.15,21,16,5,16,7,0,0,3,0,40,61,0,0,336.72092250100695,buyer,BUY-10377,poor_payment,0
0.865962261659877,0.0,0.7896052631649274,0.134037738340123,0.2,21,17,4,17,3,4,0,4,0,46,71,1,0,347.04392342839117,buyer,BUY-10378,mixed,0
0.8956137413595977,0.0,1.0,0.10438625864040219,1.0,30,25,5,25,0,1,0,18,1,75,106,2,0,362.461973482743,buyer,BUY-10379,reliable,1
0.9444598284401902,0.0,0.9675526194188069,0.05554017155980984,0.1,11,9,2,9,1,0,0,2,0,22,33,0,0,337.28051556643516,buyer,BUY-10380,occasional_reliable,1
0.9944841722767307,0.4252400783266095,0.9478436081588949,0.0055158277232690844,0.65,40,39,1,39,1,12,4,13,0,104,152,2,0,361.39670331475696,buyer,BUY-10381,frequent_returner,0
0.6300634364185629,0.0,0.8345206012203346,0.3699365635814368,0.0,17,10,7,10,1,0,0,0,0,27,44,6,1,345.29641841521993,buyer,BUY-10382,frequent_canceller,0
0.9409632485866513,0.0,0.5381545277130777,0.05903675141334874,0.15,17,14,3,14,4,0,0,3,0,34,51,2,0,355.91013407890046,buyer,BUY-10383,poor_payment,0
0.7230781444959037,0.0,0.9807181766578345,0.27692185550409654,0.3,29,19,10,19,1,2,0,6,0,56,87,1,0,361.04272569467594,buyer,BUY-10384,mixed,0
0.9179951949411082,0.0,0.9657519770988331,0.08200480505889185,1.0,40,37,3,37,2,1,0,17,2,97,138,2,0,354.2327495684491,buyer,BUY-10385,reliable,1
0.8395611443525757,0.0,1.0,0.16043885564742433,0.2,7,6,1,6,0,0,0,4,0,17,24,0,0,359.3299499744792,buyer,BUY-10386,occasional_reliable,1
0.9113537065852821,0.09393951389735022,0.9726014449970755,0.08864629341471786,0.65,38,34,4,34,3,11,2,11,1,95,142,4,0,354.66817235502316,buyer,BUY-10387,frequent_returner,0
0.3601834582063252,0.0,0.9371732451910497,0.639816541793675,0.0,30,11,19,11,2,0,0,0,0,41,71,1,1,355.2533241723958,buyer,BUY-10388,frequent_canceller,0
0.9495847111293967,0.0,0.6268385881061537,0.0504152888706032,0.25,19,17,2,17,9,1,0,1,2,40,60,1,0,358.1450382328588,buyer,BUY-10389,poor_payment,0
0.589736111715001,0.0,0.8134731907836303,0.41026388828499916,0.4,33,19,14,19,5,3,0,6,1,62,98,2,0,363.0812545450463,buyer,BUY-10390,mixed,0
0.9852539000786779,0.0,1.0,0.014746099921322253,0.9,31,30,1,30,0,3,0,18,0,82,116,2,0,342.6558255117245,buyer,BUY-10391,reliable,1
1.0,0.0,1.0,0.0,0.1,13,13,0,13,0,0,0,2,0,28,41,0,0,320.26061313699074,buyer,BUY-10392,occasional_reliable,1
0.910465406245946,0.31603574070051377,0.9841508637077498,0.08953459375405415,0.45,35,32,3,32,2,10,2,7,1,85,128,5,1,364.4096259252662,buyer,BUY-10393,frequent_returner,0
0.3615625698092308,0.0,1.0,0.6384374301907692,0.0,19,8,11,8,0,1,0,0,0,28,48,2,1,324.0093654826273,buyer,BUY-10394,frequent_canceller,0
0.8367864885623307,0.0,0.38723958413701864,0.16321351143766927,0.0,12,10,2,10,4,0,0,0,0,22,34,1,0,335.72620881012733,buyer,BUY-10395,poor_payment,0
0.6446141116844617,0.0,0.7799064365334911,0.3553858883155382,0.15,17,13,4,13,3,2,0,3,0,35,54,0,0,338.7055973203125,buyer,BUY-10396,mixed,0
0.8355489682910074,0.0,0.9799665365334711,0.16445103170899245,0.45,21,17,4,17,1,2,0,9,0,49,72,3,0,351.501552288125,buyer,BUY-10397,reliable,1
0.6764393655642964,0.0,1.0,0.3235606344357036,0.1,6,4,2,4,0,2,0,2,0,14,22,1,0,208.47716977542822,buyer,BUY-10398,occasional_reliable,1
0.9545386435380857,0.0,0.9169882913354823,0.04546135646191429,0.3,38,36,2,36,2,11,0,6,0,91,140,2,0,358.31216092858796,buyer,BUY-10399,frequent_returner,0
0.5359213885712409,0.0,0.7123378309149179,0.4640786114287593,0.05,29,13,16,13,2,1,0,1,0,44,74,7,3,354.9141678611343,buyer,BUY-10400,frequent_canceller,0
0.8283492388223636,0.0,0.523361144024366,0.17165076117763645,0.05,12,11,1,11,6,0,0,1,0,24,36,1,0,335.03757649729164,buyer,BUY-10401,poor_payment,0
0.7505114780725266,0.0,0.6834385182510362,0.2494885219274735,0.25,20,13,7,13,3,2,0,5,0,40,62,2,0,337.12241543533565,buyer,BUY-10402,mixed,1
0.9915220115307756,0.0,1.0,0.008477988469224318,0.75,22,21,1,21,0,0,0,15,0,58,80,1,0,362.64706641788194,buyer,BUY-10403,reliable,1
0.9827269743928772,0.0,0.8701197417458038,0.01727302560712274,0.15,11,10,1,10,1,1,0,3,0,25,37,1,0,356.6429686691667,buyer,BUY-10404,occasional_reliable,1
0.8562965224988259,0.0865708335855383,0.9503866199458915,0.14370347750117407,0.35,30,26,4,26,3,11,2,5,1,73,112,2,1,358.02110419211806,buyer,BUY-10405,frequent_returner,0
0.46797329522479936,0.0,0.8661678319128043,0.5320267047752008,0.05,40,18,22,18,4,2,0,1,0,61,103,2,0,354.0360529591898,buyer,BUY-10406,frequent_canceller,0
0.9139703341852864,0.0,0.4582892167472166,0.08602966581471361,0.3,30,27,3,27,15,2,0,6,0,65,97,1,0,363.5129081923611,buyer,BUY-10407,poor_payment,0
0.3612300427863329,0.0,0.5917449671373137,0.638769957213667,0.1,13,9,4,9,3,2,0,2,0,26,41,2,2,348.74832793765046,buyer,BUY-10408,mixed,1
1.0,0.0,1.0,0.0,1.0,41,41,0,41,0,1,0,23,0,106,148,5,0,341.91807230114586,buyer,BUY-10409,reliable,1
1.0,0.0,1.0,0.0,0.3,10,10,0,10,0,1,0,6,0,27,38,1,0,323.96799028068284,buyer,BUY-10410,occasional_reliable,1
0.8390557974920951,0.29434246413398446,1.0,0.16094420250790498,0.45,28,24,4,24,0,8,3,9,0,69,102,6,1,364.0282489880324,buyer,BUY-10411,frequent_returner,0
0.4532076133546639,0.0,1.0,0.5467923866453361,0.15,36,17,19,17,0,0,0,3,0,56,92,3,2,359.82430002322917,buyer,BUY-10412,frequent_canceller,0
0.9595154742471408,0.0,0.7838436777441476,0.04048452575285921,0.1,13,12,1,12,2,2,0,2,0,29,44,0,0,319.7103906647454,buyer,BUY-10413,poor_payment,0
0.8277592498299174,0.0,0.7093608602801207,0.17224075017008267,0.3,23,19,4,19,4,2,0,6,0,50,75,2,0,362.50952497598377,buyer,BUY-10414,mixed,0
0.9019547588102425,0.0,1.0,0.09804524118975755,1.0,52,46,6,46,0,0,0,25,1,124,176,8,0,350.74236053376154,buyer,BUY-10415,reliable,1
0.749058796439884,0.0,1.0,0.2509412035601162,0.25,10,8,2,8,0,1,0,5,0,24,35,1,1,191.94831205160878,buyer,BUY-10416,occasional_reliable,1
1.0,0.66953323181806,0.8620216934402039,0.0,0.4,17,17,0,17,1,5,3,8,0,47,66,2,0,364.49749969372687,buyer,BUY-10417,frequent_returner,0
0.5057118306052628,0.0,0.8654596579831744,0.4942881693947372,0.15,32,15,17,15,1,3,0,3,0,53,88,3,1,360.03669148168984,buyer,BUY-10418,frequent_canceller,0
0.8211911588561646,0.0,0.5808716708994376,0.17880884114383566,0.0,29,23,6,23,8,1,0,0,0,53,83,2,0,361.35956785997683,buyer,BUY-10419,poor_payment,0
0.38006286467587036,0.0,1.0,0.6199371353241296,0.15,11,4,7,4,0,1,0,1,1,18,30,1,1,359.90185603096063,buyer,BUY-10420,mixed,1
0.9351445169324197,0.0,1.0,0.06485548306758016,0.7,31,27,4,27,0,1,0,14,0,73,105,1,0,354.0014016817014,buyer,BUY-10421,reliable,1
0.8686553786316706,0.0,0.9853512348776267,0.13134462136832936,0.5,13,12,1,12,1,0,0,6,2,33,46,1,0,360.4950609509491,buyer,BUY-10422,occasional_reliable,1
0.9155160524538111,0.259244925789052,1.0,0.0844839475461886,0.35,27,25,2,25,0,9,1,7,0,68,103,1,0,364.93986455592596,buyer,BUY-10423,frequent_returner,0
0.43546313535058323,0.0,1.0,0.5645368646494169,0.05,16,7,9,7,0,0,0,1,0,24,40,1,0,339.2618187332407,buyer,BUY-10424,frequent_canceller,0
0.7954093922605039,0.0,0.6187746874982984,0.2045906077394959,0.1,13,11,2,11,6,0,0,2,0,26,39,0,0,362.8628484054282,buyer,BUY-10425,poor_payment,0
0.7444639811728136,0.0,0.8386381339883247,0.25553601882718635,0.4,31,23,8,23,6,4,0,8,0,66,101,3,1,345.5291993133796,buyer,BUY-10426,mixed,1
0.9143685353662024,0.0,1.0,0.08563146463379767,0.55,20,19,1,19,0,2,0,11,0,52,74,0,0,351.5602616568634,buyer,BUY-10427,reliable,1
0.7011461487131644,0.0,0.7305544007110725,0.2988538512868356,0.05,5,3,2,3,1,0,0,1,0,9,14,0,0,305.9001847215625,buyer,BUY-10428,occasional_reliable,1
0.8827896041443601,0.07252792542722575,1.0,0.11721039585563986,0.65,25,22,3,22,0,8,1,13,0,68,100,3,0,359.3206782466435,buyer,BUY-10429,frequent_returner,0
0.43263738974366,0.0,1.0,0.5673626102563398,0.0,15,7,8,7,0,0,0,0,0,22,37,0,0,326.78607924494213,buyer,BUY-10430,frequent_canceller,0
0.9689068093514678,0.0,0.384089938901379,0.03109319064853222,0.25,27,26,1,26,14,3,0,5,0,61,91,3,0,362.7763371761227,buyer,BUY-10431,poor_payment,0
0.8113348854694614,0.0,0.9713683571136014,0.1886651145305389,0.15,11,8,3,8,1,2,0,3,0,24,37,0,0,354.9253848050347,buyer,BUY-10432,mixed,1
0.9935980846367447,0.0,1.0,0.006401915363255517,1.0,45,44,1,44,0,2,0,25,1,117,164,7,0,362.5580502868866,buyer,BUY-10433,reliable,1
1.0,0.0,1.0,0.0,0.15,5,5,0,5,0,0,0,3,0,13,18,0,0,362.7313039789236,buyer,BUY-10434,occasional_reliable,1
0.9871684939764213,0.3815518444435526,1.0,0.012831506023578743,0.55,31,30,1,30,0,14,6,11,0,86,125,6,0,362.99344851899303,buyer,BUY-10435,frequent_returner,0
0.5286847410304943,0.0,1.0,0.47131525896950566,0.2,23,13,10,13,0,0,0,2,1,39,62,1,1,357.9340003603819,buyer,BUY-10436,frequent_canceller,0
0.7945565234872882,0.0,0.43205190710132024,0.20544347651271178,0.25,28,22,6,22,9,2,0,5,0,57,87,3,1,358.7802861044329,buyer,BUY-10437,poor_payment,0
0.7560703445791415,0.0,0.7646102419501345,0.24392965542085876,0.1,32,20,12,20,4,2,0,2,0,56,90,2,0,361.8955523917361,buyer,BUY-10438,mixed,1
0.8427534724626418,0.0,1.0,0.15724652753735802,0.75,28,23,5,23,0,0,0,13,1,65,93,2,0,342.2977344112963,buyer,BUY-10439,reliable,1
0.929900683962808,0.0,1.0,0.070099316037192,0.1,10,9,1,9,0,1,0,2,0,22,33,1,0,351.39709112054396,buyer,BUY-10440,occasional_reliable,1
0.9564179268408202,0.6938046094854362,0.9326208126499365,0.043582073159179835,0.5,26,25,1,25,1,8,3,10,0,69,100,1,0,350.1854349238657,buyer,BUY-10441,frequent_returner,0
0.4807245231939505,0.0,0.959185189888997,0.5192754768060495,0.1,20,8,12,8,1,0,0,2,0,30,50,3,1,332.661030030625,buyer,BUY-10442,frequent_canceller,0
0.7485633215492868,0.0,0.5899973416774829,0.25143667845071327,0.2,28,20,8,20,10,3,0,4,0,55,86,4,1,327.5022949046643,buyer,BUY-10443,poor_payment,0
0.8236323530303599,0.0,0.7082778945613558,0.17636764696964025,0.15,16,12,4,12,2,2,0,3,0,33,51,4,1,338.8323618858796,buyer,BUY-10444,mixed,1
1.0,0.0,0.96753357004253,0.0,1.0,27,27,0,27,1,0,0,20,0,74,101,4,0,363.5545964997338,buyer,BUY-10445,reliable,1
0.8225468073700332,0.0,0.6835875629667585,0.17745319262996695,0.0,5,4,1,4,1,0,0,0,0,9,14,0,0,297.3829824467824,buyer,BUY-10446,occasional_reliable,1
0.7641103359546888,0.0,1.0,0.23588966404531142,0.1,18,15,3,15,0,4,0,2,0,39,61,1,0,355.3765739563426,buyer,BUY-10447,frequent_returner,0
0.3894902497587851,0.0,1.0,0.610509750241215,0.15,29,15,14,15,0,2,0,1,1,48,79,3,2,300.8257489047106,buyer,BUY-10448,frequent_canceller,0
0.6205312133783121,0.0,0.3921153347709454,0.3794687866216879,0.1,14,10,4,10,7,1,0,2,0,27,42,2,0,362.2578079635648,buyer,BUY-10449,poor_payment,0
0.49108782238939425,0.0,0.7447090199489359,0.5089121776106058,0.15,14,8,6,8,2,1,0,1,1,25,40,0,0,309.4877514814005,buyer,BUY-10450,mixed,0
0.9148404463605672,0.0,0.9745859335123319,0.08515955363943273,1.0,51,49,2,49,1,4,0,31,0,135,190,5,1,359.92280560196764,buyer,BUY-10451,reliable,1
1.0,0.0,1.0,0.0,0.05,4,4,0,4,0,0,0,1,0,9,13,0,0,312.3011541464468,buyer,BUY-10452,occasional_reliable,1
0.9271306191859241,0.0735408161541461,0.7968508879848724,0.0728693808140759,0.7,37,35,2,35,5,12,1,14,0,98,146,2,0,353.98468707104166,buyer,BUY-10453,frequent_returner,0
0.6928412197253018,0.0,0.8252984461868721,0.30715878027469834,0.05,28,19,9,19,2,0,0,1,0,48,76,2,0,345.00907583608796,buyer,BUY-10454,frequent_canceller,0
0.9641050618900466,0.0,0.5127302587030677,0.03589493810995337,0.1,14,13,1,13,6,0,0,2,0,29,43,3,0,328.626653331713,buyer,BUY-10455,poor_payment,0
0.5231646481314862,0.0,0.7478906968717289,0.4768353518685138,0.15,23,13,10,13,1,2,0,3,0,41,66,3,2,359.9520771299421,buyer,BUY-10456,mixed,1
0.9746363325769785,0.0,0.9878064803345583,0.02536366742302154,1.0,47,45,2,45,1,3,0,30,0,125,175,2,0,349.87616176230324,buyer,BUY-10457,reliable,1
0.9715903043214653,0.0,0.9279372464264148,0.028409695678534463,0.45,15,14,1,14,1,1,0,9,0,39,55,2,0,332.5954099524768,buyer,BUY-10458,occasional_reliable,1
0.9625731467510021,0.02925637250584956,0.8804850183744808,0.03742685324899775,0.4,38,34,4,34,2,13,1,8,0,93,143,4,0,364.71892109011577,buyer,BUY-10459,frequent_returner,0
0.2657325959590559,0.0,0.8900755428788686,0.734267404040944,0.05,38,12,26,12,2,2,0,1,0,53,93,4,2,363.9257520455903,buyer,BUY-10460,frequent_canceller,0
0.771954899225733,0.0,0.2228133078879279,0.2280451007742672,0.15,15,11,4,11,8,1,0,3,0,30,46,0,0,348.3307425751852,buyer,BUY-10461,poor_payment,0
0.5529679742657431,0.0,0.9103143713777198,0.44703202573425693,0.2,10,6,4,6,1,3,0,2,1,22,35,0,0,350.9401649383449,buyer,BUY-10462,mixed,1
0.9615202072035448,0.0,0.8998395469461209,0.03847979279645519,0.8,34,32,2,32,3,1,0,16,0,83,118,3,0,344.7228268960301,buyer,BUY-10463,reliable,1
1.0,0.0,1.0,0.0,0.1,6,6,0,6,0,0,0,2,0,14,20,0,0,306.80702385109953,buyer,BUY-10464,occasional_reliable,1
0.945963291602742,0.0,0.9534730573683409,0.05403670839725816,0.35,27,25,2,25,1,6,0,7,0,65,98,3,0,356.9487996726852,buyer,BUY-10465,frequent_returner,0
0.4131664692556314,0.0,0.7037897591777535,0.5868335307443684,0.0,35,13,22,13,4,0,0,0,0,48,83,3,2,318.6795926240162,buyer,BUY-10466,frequent_canceller,0
0.8541712822967564,0.0,0.16507520378684404,0.14582871770324357,0.25,18,16,2,16,11,2,0,5,0,41,61,1,0,359.09443624675924,buyer,BUY-10467,poor_payment,0
0.8098950484137204,0.0,0.8935121557093721,0.19010495158627982,0.2,30,24,6,24,4,5,0,4,0,63,98,3,0,334.97435990335646,buyer,BUY-10468,mixed,1
0.8841013340586934,0.0,1.0,0.11589866594130682,0.75,40,35,5,35,0,1,0,15,0,91,132,3,1,364.64675992733794,buyer,BUY-10469,reliable,1
1.0,0.0,1.0,0.0,0.25,10,10,0,10,0,0,0,5,0,25,35,3,0,263.133885045625,buyer,BUY-10470,occasional_reliable,1
1.0,0.0,0.919631760066339,0.0,0.6,22,22,0,22,2,6,0,10,1,61,89,2,0,344.2493704698495,buyer,BUY-10471,frequent_returner,0
0.3142133138919387,0.0,0.862516173128822,0.6857866861080613,0.0,37,11,26,11,1,1,0,0,0,49,87,4,2,353.48830155915505,buyer,BUY-10472,frequent_canceller,0
0.9626983655580273,0.0,0.257527329000541,0.03730163444197265,0.05,10,9,1,9,6,1,0,1,0,21,32,0,0,333.1225555722106,buyer,BUY-10473,poor_payment,0
0.7794649343659678,0.0,0.7100458389054183,0.22053506563403213,0.3,31,20,11,20,6,4,0,4,1,60,95,3,0,363.79961413288197,buyer,BUY-10474,mixed,0
0.8629591717295442,0.0,0.9284603277970994,0.13704082827045572,1.0,37,34,3,34,2,1,0,20,2,94,132,2,0,351.4017326588889,buyer,BUY-10475,reliable,1
0.8203550997872163,0.0,0.9298745164082495,0.17964490021278356,0.3,15,12,3,12,1,0,0,4,1,32,47,2,0,354.5162647617014,buyer,BUY-10476,occasional_reliable,1
0.822862729232647,0.22206481397634148,0.9035495194211868,0.17713727076735286,0.15,15,12,3,12,1,7,1,3,0,37,58,1,1,314.3365026052083,buyer,BUY-10477,frequent_returner,0
0.43668445554829594,0.0,0.8649800898188397,0.563315544451704,0.0,17,8,9,8,1,0,0,0,0,25,42,0,0,326.3338348287847,buyer,BUY-10478,frequent_canceller,0
0.8077234630588382,0.0,0.555205095401906,0.19227653694116187,0.15,22,17,5,17,8,3,0,1,1,44,69,6,1,360.19766966160876,buyer,BUY-10479,poor_payment,0
0.6992155558933044,0.0,0.6346726177619328,0.3007844441066956,0.1,8,5,3,5,1,0,0,2,0,15,23,0,0,351.28023741170136,buyer,BUY-10480,mixed,0
0.8607572855437094,0.0,1.0,0.13924271445629044,0.6,24,22,2,22,0,0,0,12,0,58,82,2,1,360.6979742547685,buyer,BUY-10481,reliable,1
1.0,0.0,1.0,0.0,0.15,3,3,0,3,0,0,0,1,1,8,11,0,0,285.94718477870373,buyer,BUY-10482,occasional_reliable,1
0.9793489069877467,0.0,1.0,0.02065109301225332,0.5,27,25,2,25,0,9,0,10,0,71,107,1,0,345.9011740719792,buyer,BUY-10483,frequent_returner,0
0.569991043347664,0.0,1.0,0.43000895665233585,0.0,30,17,13,17,0,1,0,0,0,48,79,4,1,352.82612730886575,buyer,BUY-10484,frequent_canceller,0
0.74729982697308,0.16400980947362442,0.35469250426890436,0.25270017302691994,0.05,27,18,9,18,10,5,1,1,0,51,82,1,0,351.80810009124997,buyer,BUY-10485,poor_payment,0
0.6370638358063144,0.0,0.8891598054146225,0.36293616419368535,0.1,18,12,6,12,2,0,0,2,0,32,50,0,0,360.36856055609957,buyer,BUY-10486,mixed,0
1.0,0.0,0.9838534350837198,0.0,0.8,25,25,0,25,2,0,0,16,0,66,91,2,0,363.78717511119214,buyer,BUY-10487,reliable,1
1.0,0.0,1.0,0.0,0.25,5,5,0,5,0,1,0,3,1,15,21,0,0,361.5404612341667,buyer,BUY-10488,occasional_reliable,1
0.9864214951017904,0.0,0.9879479442063793,0.013578504898209554,0.5,30,29,1,29,1,12,0,10,0,81,123,0,0,359.9152016193866,buyer,BUY-10489,frequent_returner,0
0.4625144530618415,0.0,0.653947645704299,0.5374855469381585,0.0,28,10,18,10,3,1,0,0,0,39,68,1,0,361.1439355000116,buyer,BUY-10490,frequent_canceller,0
0.7768363730117335,0.0,0.4424911638062052,0.22316362698826642,0.05,14,10,4,10,6,0,0,1,0,25,39,0,0,335.5330051968171,buyer,BUY-10491,poor_payment,0
0.6487473981858902,0.0,1.0,0.3512526018141098,0.0,9,5,4,5,0,1,0,0,0,15,25,3,1,215.08786019737266,buyer,BUY-10492,mixed,0
0.917640713234071,0.0,1.0,0.08235928676592907,1.0,39,35,4,35,0,0,0,23,0,97,136,3,0,352.1059313898611,buyer,BUY-10493,reliable,1
1.0,0.0,1.0,0.0,0.1,7,7,0,7,0,0,0,2,0,16,23,0,0,359.82161956406253,buyer,BUY-10494,occasional_reliable,1
0.9341965844150174,0.1813206925553038,1.0,0.0658034155849826,0.25,19,18,1,18,0,7,1,5,0,49,74,1,0,356.91191159833335,buyer,BUY-10495,frequent_returner,0
0.4126631176322463,0.0,0.8039134561576259,0.5873368823677538,0.1,37,18,19,18,3,1,0,2,0,58,96,1,1,358.99913725188657,buyer,BUY-10496,frequent_canceller,0
0.8426371910590599,0.0,0.6979253221090482,0.15736280894094012,0.1,25,19,6,19,6,4,0,0,1,49,78,2,0,294.29564809375,buyer,BUY-10497,poor_payment,0
0.3575966114656809,0.0,0.9009270138436672,0.6424033885343192,0.2,10,6,4,6,1,1,0,2,1,20,31,0,0,344.83875806564816,buyer,BUY-10498,mixed,0
0.9731539482187923,0.0,0.9809891206283764,0.02684605178120758,1.0,57,55,2,55,1,3,0,32,2,149,209,11,0,363.1439744806597,buyer,BUY-10499,reliable,1
0.816962893731726,0.0,0.7008417143652428,0.18303710626827396,0.05,8,6,2,6,1,1,0,1,0,16,25,0,0,264.36615500622685,buyer,BUY-10500,occasional_reliable,1
0.8575553852987144,0.23204630207214383,0.929732123390808,0.14244461470128567,0.55,38,33,5,33,2,16,4,11,0,98,148,5,1,359.2561735457176,buyer,BUY-10501,frequent_returner,0
0.39601330287112213,0.0,0.8765276343991625,0.6039866971288779,0.0,33,12,21,12,1,2,0,0,0,47,82,2,1,360.86358636237264,buyer,BUY-10502,frequent_canceller,0
0.7850675325428109,0.0,0.6082093976525229,0.21493246745718897,0.3,27,24,3,24,9,2,0,4,1,58,87,4,1,362.74876670806714,buyer,BUY-10503,poor_payment,0
0.7715244482397685,0.0,0.8615688096548836,0.2284755517602315,0.5,30,22,8,22,5,4,0,8,1,65,99,3,1,358.5743480757986,buyer,BUY-10504,mixed,0
0.9001874034746205,0.0,1.0,0.09981259652537955,0.75,22,20,2,20,0,0,0,11,2,55,77,2,0,352.9412387112037,buyer,BUY-10505,reliable,1
0.7138132342816536,0.0,1.0,0.2861867657183462,0.1,7,6,1,6,0,0,0,2,0,15,22,2,1,363.8559369640972,buyer,BUY-10506,occasional_reliable,1
0.8366355957611683,0.3962133930965557,0.9892845007450628,0.16336440423883158,0.45,32,28,4,28,1,10,3,9,0,79,118,1,0,359.8368174743056,buyer,BUY-10507,frequent_returner,0
0.5889165064068186,0.0,0.8834982159610865,0.4110834935931815,0.05,26,17,9,17,3,0,0,1,0,44,70,1,0,350.21703276168984,buyer,BUY-10508,frequent_canceller,0
0.9714136607563949,0.0,0.5411768378345528,0.028586339243604875,0.15,18,16,2,16,6,0,0,1,1,36,54,2,0,339.1567738282523,buyer,BUY-10509,poor_payment,0
0.4558589193169372,0.0,0.5846192154229444,0.5441410806830629,0.3,27,14,13,14,5,1,0,4,1,47,75,3,1,359.8884410631134,buyer,BUY-10510,mixed,1
0.944033818900767,0.0,1.0,0.055966181099233236,1.0,45,43,2,43,0,1,0,23,0,112,158,6,1,360.43471467539354,buyer,BUY-10511,reliable,1
1.0,0.0,1.0,0.0,0.15,6,6,0,6,0,0,0,3,0,15,21,3,0,301.5400448816088,buyer,BUY-10512,occasional_reliable,1
0.9789049866629488,0.10299801442424039,0.9345964505899205,0.021095013337051216,0.3,20,19,1,19,2,10,2,4,1,54,82,2,0,345.5299987621759,buyer,BUY-10513,frequent_returner,0
0.42539659782902917,0.0,1.0,0.574603402170971,0.05,13,5,8,5,0,0,0,1,0,19,32,1,0,345.6376861845139,buyer,BUY-10514,frequent_canceller,0
0.5866369505746482,0.0,0.7885995960258166,0.41336304942535185,0.25,17,11,6,11,1,0,0,5,0,33,50,1,1,327.12504909219905,buyer,BUY-10515,poor_payment,0
0.8018887531529468,0.0,1.0,0.19811124684705328,0.5,25,19,6,19,0,6,0,8,1,59,90,1,0,364.51664367048613,buyer,BUY-10516,mixed,0
1.0,0.0,0.9744565947542514,0.0,0.65,20,20,0,20,1,0,0,11,1,52,72,3,0,340.9865039343287,buyer,BUY-10517,reliable,1
1.0,0.0,1.0,0.0,0.25,12,12,0,12,0,1,0,5,0,30,43,0,0,336.9167922664699,buyer,BUY-10518,occasional_reliable,1
0.9243345441526176,0.09122277050235017,1.0,0.07566545584738238,0.5,26,24,2,24,0,11,2,10,0,71,106,2,0,359.8577577588542,buyer,BUY-10519,frequent_returner,0
0.31248331562921994,0.0,1.0,0.6875166843707801,0.1,28,10,18,10,0,0,0,2,0,40,68,3,2,364.52521173230326,buyer,BUY-10520,frequent_canceller,0
0.7903762631923695,0.0,0.5162957569647211,0.20962373680763047,0.15,24,20,4,20,10,1,0,3,0,48,73,4,1,355.16901257193285,buyer,BUY-10521,poor_payment,0
0.6068542131948605,0.0,0.7660226284091717,0.39314578680513945,0.15,19,11,8,11,2,1,0,3,0,34,54,2,1,344.72009328133106,buyer,BUY-10522,mixed,0
0.9819784070402554,0.0,0.989965756390806,0.018021592959744703,1.0,40,39,1,39,1,3,0,23,0,105,148,1,0,360.2496243540509,buyer,BUY-10523,reliable,1
0.7755682054796597,0.0,0.8999277458666901,0.22443179452034012,0.2,7,6,1,6,1,0,0,2,1,16,23,0,0,318.47290948810183,buyer,BUY-10524,occasional_reliable,1
0.8935879382457578,0.279997622570507,1.0,0.10641206175424234,0.3,32,30,2,30,0,13,3,6,0,81,123,1,0,345.73214349094906,buyer,BUY-10525,frequent_returner,0
0.39882514893202997,0.0,0.956956334047545,0.6011748510679701,0.1,26,9,17,9,1,0,0,0,1,36,62,2,1,351.286837566875,buyer,BUY-10526,frequent_canceller,0
0.7318180728366018,0.0,0.31678903834319655,0.26818192716339817,0.15,21,16,5,16,8,2,0,3,0,42,65,2,1,351.8736124698727,buyer,BUY-10527,poor_payment,0
0.6536764803659088,0.4342938342210365,0.9645937443912935,0.34632351963409125,0.3,21,15,6,15,1,4,2,4,1,45,68,1,1,352.8146371973495,buyer,BUY-10528,mixed,0
0.9728301990561558,0.0,0.9906759333862402,0.027169800943844247,1.0,58,55,3,55,1,0,0,35,0,148,206,6,0,358.55719211998843,buyer,BUY-10529,reliable,1
0.8160257642285917,0.0,1.0,0.1839742357714086,0.2,13,10,3,10,0,0,0,4,0,27,40,1,0,339.35292695815974,buyer,BUY-10530,occasional_reliable,1
0.8919817033489328,0.5135239300086234,0.8514785600734389,0.10801829665106721,0.45,17,16,1,16,2,8,4,7,1,49,70,4,1,331.54178661037037,buyer,BUY-10531,frequent_returner,0
0.436013564728838,0.0,1.0,0.5639864352711619,0.1,21,9,12,9,0,0,0,2,0,32,53,3,1,348.8224065797917,buyer,BUY-10532,frequent_canceller,0
0.9400305500138235,0.0,0.5705305700460553,0.05996944998617648,0.15,12,10,2,10,5,0,0,1,1,24,36,1,0,352.75899053841437,buyer,BUY-10533,poor_payment,0
0.9801090504768326,0.0,1.0,0.01989094952316739,0.1,8,7,1,7,0,1,0,2,0,18,27,3,0,326.53329821552086,buyer,BUY-10534,mixed,0
0.9108679904089462,0.0,0.9246147071067081,0.08913200959105361,0.9,31,28,3,28,1,3,0,18,0,80,114,1,0,363.52839122631946,buyer,BUY-10535,reliable,1
0.7706325921196373,0.0,1.0,0.2293674078803627,0.05,6,5,1,5,0,2,0,1,0,14,22,0,0,332.43073511203704,buyer,BUY-10536,occasional_reliable,1
0.9921298034334101,0.4174660339497047,0.9049217478153048,0.00787019656659016,0.3,26,25,1,25,2,9,3,6,0,66,98,2,0,361.303942575162,buyer,BUY-10537,frequent_returner,0
0.38951183941633927,0.0,1.0,0.6104881605836606,0.15,25,11,14,11,0,1,0,3,0,40,66,3,2,362.95413941880787,buyer,BUY-10538,frequent_canceller,0
0.7208543961428102,0.0,0.5833228197397814,0.2791456038571898,0.15,11,9,2,9,4,2,0,3,0,25,38,1,1,364.05196504434025,buyer,BUY-10539,poor_payment,0
0.8198508027880766,0.0,0.8072690892121916,0.18014919721192368,0.4,31,23,8,23,6,4,0,6,1,65,100,3,0,336.25099797689813,buyer,BUY-10540,mixed,0
0.9708716173497007,0.0,1.0,0.029128382650299267,1.0,53,51,2,51,0,2,0,29,0,135,190,4,0,364.0644404659838,buyer,BUY-10541,reliable,1
1.0,0.0,1.0,0.0,0.3,10,10,0,10,0,0,0,4,1,25,35,1,0,360.03845555181715,buyer,BUY-10542,occasional_reliable,1
1.0,0.02789091360635587,0.8789983267853878,0.0,0.65,24,24,0,24,3,10,1,11,1,70,103,3,0,351.17302752138886,buyer,BUY-10543,frequent_returner,0
0.4446714331055276,0.0,0.8883340725613257,0.5553285668944723,0.15,35,18,17,18,3,0,0,3,0,56,91,3,1,358.27859003247687,buyer,BUY-10544,frequent_canceller,0
0.8584535824917887,0.0,0.6053284404222047,0.14154641750821118,0.25,15,13,2,13,5,1,0,3,1,33,49,1,0,333.12913136952545,buyer,BUY-10545,poor_payment,0
0.7815952787059094,0.0,0.7835448257868904,0.21840472129409072,0.0,18,15,3,15,2,2,0,0,0,35,55,2,1,359.7304056506134,buyer,BUY-10546,mixed,1
1.0,0.0,1.0,0.0,1.0,23,23,0,23,0,1,0,16,2,65,89,1,0,364.9186065614468,buyer,BUY-10547,reliable,1
0.7183555733931782,0.0,0.9321065238638411,0.2816444266068219,0.4,15,12,3,12,1,0,0,6,1,34,49,2,0,362.40429853024307,buyer,BUY-10548,occasional_reliable,1
0.8114130799581324,0.0,0.7975771608733873,0.1885869200418675,0.4,22,19,3,19,3,5,0,8,0,54,81,1,0,354.160762845544,buyer,BUY-10549,frequent_returner,0
0.3989084452309789,0.0,0.9685357349713785,0.6010915547690212,0.0,26,9,17,9,1,0,0,0,0,35,61,1,0,354.55800846668984,buyer,BUY-10550,frequent_canceller,0
0.8702710755175013,0.0,0.6470436529157922,0.12972892448249862,0.1,24,21,3,21,11,1,0,2,0,48,73,2,0,364.7621449743171,buyer,BUY-10551,poor_payment,0
0.8757376174809848,0.0,0.6607317046722276,0.12426238251901522,0.35,11,9,2,9,3,2,0,5,1,28,41,1,0,347.6415336343403,buyer,BUY-10552,mixed,0
0.9512375881113859,0.0,0.9836244703022383,0.04876241188861408,1.0,49,47,2,47,2,1,0,27,1,125,175,2,0,352.99566027608796,buyer,BUY-10553,reliable,1
0.6931092817215583,0.0,0.8674215939885722,0.3068907182784417,0.15,8,5,3,5,1,0,0,1,1,15,23,0,0,335.9542875696991,buyer,BUY-10554,occasional_reliable,1
0.8084713550368879,0.5374538198118027,1.0,0.19152864496311217,0.15,15,13,2,13,0,4,2,3,0,35,52,1,1,306.9043736484954,buyer,BUY-10555,frequent_returner,0
0.5965916151428952,0.0,0.948443206030831,0.40340838485710473,0.0,15,7,8,7,1,0,0,0,0,22,37,1,0,339.67603346336807,buyer,BUY-10556,frequent_canceller,0
0.6496289973692082,0.0,0.429473711082858,0.3503710026307917,0.15,12,9,3,9,6,1,0,3,0,25,38,1,1,360.446597475,buyer,BUY-10557,poor_payment,0
0.5225390845396107,0.0,0.6502401713345183,0.47746091546038916,0.15,23,13,10,13,4,2,0,3,0,41,66,1,0,321.1437639340393,buyer,BUY-10558,mixed,0
0.9625790697983776,0.0,0.986155810397747,0.037420930201622404,1.0,57,55,2,55,2,3,0,37,3,155,215,3,0,360.42874502212965,buyer,BUY-10559,reliable,1
0.9786952208334228,0.0,0.8740985349965749,0.021304779166577026,0.45,14,13,1,13,2,1,0,5,2,35,50,2,0,359.1091278828009,buyer,BUY-10560,occasional_reliable,1
0.9841925447473904,0.11448993441827426,0.9650881155186749,0.015807455252609626,0.55,39,37,2,37,2,18,2,11,0,105,160,3,0,361.15400975402775,buyer,BUY-10561,frequent_returner,0
0.29474442243055293,0.0,0.7932908918519778,0.7052555775694471,0.0,20,7,13,7,1,0,0,0,0,27,47,1,1,345.99850769923614,buyer,BUY-10562,frequent_canceller,0
0.8800302331419055,0.0,0.3304100613102295,0.11996976685809446,0.1,12,10,2,10,6,1,0,2,0,25,38,1,0,318.66798718991896,buyer,BUY-10563,poor_payment,0
0.7218576337903364,0.4202632677225139,0.9281477858628663,0.27814236620966337,0.3,8,6,2,6,1,2,1,2,2,20,29,0,0,324.04302442844903,buyer,BUY-10564,mixed,0
0.9668530995411306,0.0,1.0,0.033146900458869366,0.9,33,32,1,32,0,1,0,16,1,83,117,4,0,344.49705711097226,buyer,BUY-10565,reliable,1
0.603878576037432,0.0,1.0,0.3961214239625679,0.25,7,5,2,5,0,0,0,1,2,15,22,0,0,336.9211406291551,buyer,BUY-10566,occasional_reliable,1
0.8961748899022588,0.05233432600280519,0.8874811824608412,0.10382511009774109,0.65,22,19,3,19,1,8,1,9,2,60,89,1,0,313.3574321010301,buyer,BUY-10567,frequent_returner,0
0.3247290031703574,0.0,0.9584993176650523,0.6752709968296425,0.05,27,12,15,12,1,0,0,1,0,40,67,0,0,360.4023688626852,buyer,BUY-10568,frequent_canceller,0
1.0,0.0,0.7100718238933886,0.0,0.1,13,13,0,13,5,0,0,2,0,28,41,1,0,354.67508675585646,buyer,BUY-10569,poor_payment,0
0.7059653298275311,0.0,0.8480093792533084,0.29403467017246876,0.5,31,24,7,24,5,1,0,10,0,66,98,4,1,353.8151642436227,buyer,BUY-10570,mixed,1
0.9276529577437442,0.0,1.0,0.07234704225625577,1.0,40,38,2,38,0,3,0,23,0,104,147,1,0,322.10923194288193,buyer,BUY-10571,reliable,1
0.5870962165394809,0.0,0.836196254405295,0.41290378346051904,0.2,8,7,1,7,2,0,0,2,1,18,26,1,1,344.21434364697916,buyer,BUY-10572,occasional_reliable,1
0.9471912126105296,0.20821625402425503,0.9019440712024958,0.05280878738947037,0.3,21,20,1,20,1,8,1,6,0,55,83,1,0,346.2529448137153,buyer,BUY-10573,frequent_returner,0
0.3061392170070801,0.0,0.8773027951621163,0.69386078299292,0.1,32,11,21,11,1,0,0,2,0,45,77,3,2,351.9192520204745,buyer,BUY-10574,frequent_canceller,0
0.6693119238092813,0.0,0.24115275270796926,0.3306880761907186,0.15,15,12,3,12,7,1,0,3,0,31,47,2,0,331.8345855325,buyer,BUY-10575,poor_payment,0
0.4663428484165329,0.09394335218452055,0.7311310392821864,0.5336571515834672,0.4,33,20,13,20,4,2,1,6,1,62,96,3,2,362.80856029613426,buyer,BUY-10576,mixed,0
0.924475529268045,0.0,1.0,0.07552447073195512,1.0,52,47,5,47,0,1,0,30,0,130,183,4,0,363.79502543327544,buyer,BUY-10577,reliable,1
0.9247359342469058,0.0,0.7716438705567483,0.07526406575309397,0.3,14,12,2,12,2,1,0,4,1,32,47,1,0,346.3016657482986,buyer,BUY-10578,occasional_reliable,1
0.952095212497972,0.0,1.0,0.04790478750202798,0.4,29,27,2,27,0,19,0,8,0,83,131,1,0,351.6465101490162,buyer,BUY-10579,frequent_returner,0
0.48861322994861517,0.0,1.0,0.5113867700513849,0.05,15,5,10,5,0,0,0,1,0,21,36,3,1,338.0387014797454,buyer,BUY-10580,frequent_canceller,0
0.6741830924514359,0.0,0.6843539538845084,0.32581690754856407,0.05,18,13,5,13,4,1,0,1,0,33,52,0,0,364.2023033877199,buyer,BUY-10581,poor_payment,0
0.6970587924410576,0.6055513387490707,0.9468309140097809,0.3029412075589424,0.25,28,18,10,18,2,3,1,5,0,54,84,1,0,320.61177553078704,buyer,BUY-10582,mixed,0
0.9609741699335088,0.0,1.0,0.039025830066491185,1.0,38,36,2,36,0,2,0,25,1,102,142,3,0,362.2436604557523,buyer,BUY-10583,reliable,1
0.4930196369226342,0.0,1.0,0.5069803630773657,0.2,10,6,4,6,0,0,0,2,1,19,29,1,1,348.4296628426389,buyer,BUY-10584,occasional_reliable,1
1.0,0.22835717583483262,0.9539311603224458,0.0,0.5,31,31,0,31,1,9,1,10,0,81,120,1,0,355.5306973292824,buyer,BUY-10585,frequent_returner,0
0.3285194361866513,0.0,0.7693399114185278,0.6714805638133488,0.0,28,14,14,14,3,1,0,0,0,43,72,5,5,360.440715113287,buyer,BUY-10586,frequent_canceller,0
0.8439377865059221,1.0,0.8927383630123462,0.156062213494078,0.0,12,8,4,8,1,1,1,0,0,21,33,0,0,352.9165589423495,buyer,BUY-10587,poor_payment,0
0.7471923914606329,0.06433490258648467,0.7500076164271078,0.252807608539367,0.3,34,28,6,28,4,6,1,6,0,74,113,1,0,352.75920565704865,buyer,BUY-10588,mixed,0
1.0,0.0,0.9674287190772666,0.0,1.0,27,27,0,27,1,1,0,20,0,75,103,0,0,361.8650644712731,buyer,BUY-10589,reliable,1
0.5059369115679097,0.0,1.0,0.49406308843209035,0.25,10,7,3,7,0,0,0,3,1,21,31,1,1,329.7844958037963,buyer,BUY-10590,occasional_reliable,1
0.9331874180176495,0.21438187067352366,0.9857727464565431,0.06681258198235074,0.45,39,37,2,37,1,10,2,9,0,95,142,4,1,362.0753903047338,buyer,BUY-10591,frequent_returner,0
0.6251905797128626,0.0,0.762460231496565,0.3748094202871375,0.05,10,6,4,6,2,1,0,1,0,18,29,2,1,308.6637469048495,buyer,BUY-10592,frequent_canceller,0
0.872158903258329,0.0,0.633069066496458,0.12784109674167077,0.3,30,24,6,24,8,4,0,4,1,63,97,9,0,350.89708387078707,buyer,BUY-10593,poor_payment,0
0.9642926158454129,0.0,0.9467006962607495,0.035707384154587074,0.15,9,8,1,8,1,0,0,3,0,20,29,0,0,322.7390403673611,buyer,BUY-10594,mixed,1
0.8668433825218749,0.0,1.0,0.13315661747812502,1.0,41,37,4,37,0,3,0,20,0,101,145,6,1,362.280833337338,buyer,BUY-10595,reliable,1
1.0,0.0,0.8217350712480279,0.0,0.45,12,12,0,12,1,1,0,7,1,33,46,0,0,362.6275236690509,buyer,BUY-10596,occasional_reliable,1
0.905483929795235,0.0,1.0,0.09451607020476527,0.4,25,20,5,20,0,10,0,6,1,62,97,0,0,326.1483820758565,buyer,BUY-10597,frequent_returner,0
0.5407196319463384,0.0,1.0,0.4592803680536617,0.05,10,5,5,5,0,1,0,1,0,17,28,0,0,364.01814804248846,buyer,BUY-10598,frequent_canceller,0
0.7327079258176888,1.0,0.5795945801466195,0.2672920741823115,0.15,25,20,5,20,6,1,1,3,0,49,74,4,1,347.87280946741896,buyer,BUY-10599,poor_payment,0
0.7421305185053878,0.9080235320030472,0.9582957127695962,0.2578694814946123,0.25,26,19,7,19,1,2,1,5,0,52,79,1,1,350.56487230988427,buyer,BUY-10600,mixed,1
0.9598503873657543,0.0,1.0,0.04014961263424566,1.0,49,48,1,48,0,3,0,25,1,126,178,4,0,356.29792604305555,buyer,BUY-10601,reliable,1
0.7979751626958792,0.0,0.9419963180888657,0.20202483730412102,0.3,13,8,5,8,1,0,0,4,1,26,39,1,0,341.29388361726853,buyer,BUY-10602,occasional_reliable,1
0.8960460244993838,0.19541102868402915,0.946799257838623,0.10395397550061636,0.5,33,31,2,31,2,16,2,10,0,90,137,5,1,364.3112193972222,buyer,BUY-10603,frequent_returner,0
0.48890973740221155,0.0,0.9410141116321097,0.5110902625977884,0.0,10,6,4,6,1,0,0,0,0,16,26,1,1,338.4452747452546,buyer,BUY-10604,frequent_canceller,0
0.789395732868275,0.0,0.5808320258336837,0.2106042671317251,0.15,28,24,4,24,10,0,0,3,0,55,83,2,0,359.132463038287,buyer,BUY-10605,poor_payment,0
0.8442832864238593,0.0,0.8128311171046808,0.1557167135761408,0.05,22,16,6,16,4,3,0,1,0,42,67,1,0,331.5760689898959,buyer,BUY-10606,mixed,0
0.942348709044778,0.0,1.0,0.05765129095522237,0.45,22,20,2,20,0,1,0,9,0,52,75,1,0,356.6813127758333,buyer,BUY-10607,reliable,1
0.9256997118971307,0.0,0.9771389348532196,0.07430028810286915,0.15,15,14,1,14,1,1,0,3,0,33,49,1,0,321.6481451411458,buyer,BUY-10608,occasional_reliable,1
0.9947026488890635,0.5095789584231767,0.973681614166084,0.005297351110936543,1.0,40,39,1,39,4,9,3,18,2,108,154,3,0,364.4374443221991,buyer,BUY-10609,frequent_returner,0
0.5482554313054135,0.0,1.0,0.45174456869458646,0.15,29,18,11,18,0,0,0,3,0,50,79,2,2,361.48378643162033,buyer,BUY-10610,frequent_canceller,0
0.7105806301836003,0.0,0.4708661674082986,0.2894193698163995,0.1,30,22,8,22,11,3,0,2,0,57,90,3,1,364.325718688588,buyer,BUY-10611,poor_payment,0
0.7927714570914304,0.0,0.7811417341898048,0.20722854290856985,0.2,23,17,6,17,2,3,0,4,0,47,73,0,0,346.8865071548727,buyer,BUY-10612,mixed,0
1.0,1.0,1.0,0.0,0.7,33,33,0,33,0,1,1,14,0,81,114,3,0,354.7394056756713,buyer,BUY-10613,reliable,1
0.9827438438843972,0.0,1.0,0.01725615611560294,0.2,11,10,1,10,0,1,0,4,0,26,38,1,0,363.93516720064815,buyer,BUY-10614,occasional_reliable,1
0.9197701957718764,0.0725155161288954,0.9589842883757238,0.08022980422812398,0.35,23,22,1,22,1,10,2,7,0,62,93,4,1,338.03281886655094,buyer,BUY-10615,frequent_returner,0
0.28163058550312947,0.0,0.9084098009491489,0.7183694144968704,0.05,38,12,26,12,1,0,0,1,0,51,89,3,3,358.3497488718634,buyer,BUY-10616,frequent_canceller,0
0.9624833447526346,0.0,0.40532567430999006,0.03751665524736536,0.2,28,26,2,26,14,1,0,4,0,59,88,2,0,352.3346527153472,buyer,BUY-10617,poor_payment,0
0.6818493575552977,0.0,0.9153178697108016,0.31815064244470226,0.05,8,5,3,5,1,0,0,1,0,14,22,1,0,285.823316492419,buyer,BUY-10618,mixed,1
0.8776740645810185,0.0,1.0,0.12232593541898129,1.0,39,36,3,36,0,2,0,21,0,98,139,3,1,363.04240801954865,buyer,BUY-10619,reliable,1
0.8508715775619656,0.0,0.9085240392379661,0.14912842243803448,0.25,8,7,1,7,1,0,0,3,1,19,27,0,0,362.10173891957174,buyer,BUY-10620,occasional_reliable,1
0.9286838447444176,0.04007834296461843,0.9619477327869046,0.07131615525558255,0.4,31,26,5,26,1,8,1,8,0,73,111,3,0,364.2518109512037,buyer,BUY-10621,frequent_returner,0
0.5854241940687546,0.0,0.9501523747999755,0.41457580593124543,0.0,21,12,9,12,2,2,0,0,0,35,58,3,1,357.43165427738427,buyer,BUY-10622,frequent_canceller,0
0.8950000344682849,0.0,0.3975953385599055,0.1049999655317152,0.05,12,11,1,11,7,2,0,1,0,26,40,2,0,314.2330933540278,buyer,BUY-10623,poor_payment,0
0.9046709839681013,0.0,0.6753571631148375,0.0953290160318988,0.2,23,20,3,20,6,2,0,4,0,49,74,1,0,356.5814046352546,buyer,BUY-10624,mixed,0
0.988308081666451,0.0,0.9656251892530036,0.011691918333548879,1.0,42,40,2,40,2,2,0,28,0,112,156,5,0,361.91592810373845,buyer,BUY-10625,reliable,1
0.9299195536170821,0.0,0.8037355751372441,0.07008044638291788,0.05,8,7,1,7,1,2,0,1,0,18,28,0,0,287.1264322521991,buyer,BUY-10626,occasional_reliable,1
1.0,0.0,0.9589012108922451,0.0,0.15,16,16,0,16,1,5,0,3,0,40,61,3,0,354.8290175754282,buyer,BUY-10627,frequent_returner,0
0.61102823557159,0.0,0.9017049815885546,0.38897176442840986,0.2,23,11,12,11,1,2,0,4,0,40,65,1,0,361.79711269456016,buyer,BUY-10628,frequent_canceller,0
1.0,0.0,0.3478267849028693,0.0,0.25,13,13,0,13,8,1,0,3,1,31,45,0,0,360.64899974745373,buyer,BUY-10629,poor_payment,0
0.7206646990133222,0.0,0.8783953333037746,0.2793353009866779,0.05,8,5,3,5,1,1,0,1,0,15,24,0,0,344.6029457790278,buyer,BUY-10630,mixed,0
0.8892214729831434,0.0,1.0,0.11077852701685664,1.0,49,45,4,45,0,3,0,23,1,121,173,0,0,358.7708767813773,buyer,BUY-10631,reliable,1
0.7207157269961004,0.0,1.0,0.2792842730038998,0.35,13,10,3,10,0,0,0,7,0,30,43,0,0,359.0903719377778,buyer,BUY-10632,occasional_reliable,1
0.8991491772111384,0.23563126838225723,0.9915381994254188,0.10085082278886148,0.65,36,33,3,33,1,14,3,11,1,95,142,0,0,361.68267377875,buyer,BUY-10633,frequent_returner,0
0.6235932182063099,0.0,1.0,0.37640678179369014,0.05,10,6,4,6,0,0,0,1,0,17,27,0,0,353.981309270081,buyer,BUY-10634,frequent_canceller,0
0.7973711811562173,0.0,0.7154239370239375,0.2026288188437826,0.2,19,15,4,15,6,0,0,4,0,38,57,0,0,359.1875359784722,buyer,BUY-10635,poor_payment,0
0.7706178892549732,0.0,0.6891128985970225,0.229382110745027,0.6,33,22,11,22,9,3,0,12,0,70,106,1,0,355.37227139525464,buyer,BUY-10636,mixed,0
0.8860361638451618,0.0,1.0,0.1139638361548384,1.0,57,51,6,51,0,2,0,23,0,133,192,4,1,362.043635896713,buyer,BUY-10637,reliable,1
1.0,0.0,1.0,0.0,0.1,4,4,0,4,0,0,0,2,0,10,14,0,0,274.5753597661458,buyer,BUY-10638,occasional_reliable,1
0.9903272295059318,0.020479985258771705,0.9280914237805236,0.009672770494068228,0.35,34,33,1,33,1,9,1,7,0,83,125,4,0,363.7691624544213,buyer,BUY-10639,frequent_returner,0
0.6781458333407662,0.0,0.7627434294103018,0.32185416665923383,0.1,26,18,8,18,3,0,0,0,1,45,71,2,1,360.6102325959606,buyer,BUY-10640,frequent_canceller,0
0.7164092549160278,0.0,0.6531510564694061,0.2835907450839721,0.15,15,12,3,12,3,1,0,3,0,31,47,1,1,358.52481282101854,buyer,BUY-10641,poor_payment,0
0.6067602074619304,0.0,0.9393828163502123,0.3932397925380695,0.35,35,20,15,20,2,1,0,7,0,63,99,0,0,362.8065961289699,buyer,BUY-10642,mixed,0
0.9396095615864607,0.0,0.983239820788273,0.060390438413539305,1.0,53,51,2,51,2,4,0,29,1,138,195,6,1,348.02447400788196,buyer,BUY-10643,reliable,1
0.9463591490956239,0.0,1.0,0.053640850904376314,0.2,15,14,1,14,0,0,0,4,0,33,48,2,0,325.1860909536459,buyer,BUY-10644,occasional_reliable,1
0.9199384355712545,0.38716442821874353,0.9660558965923534,0.08006156442874546,0.45,21,19,2,19,1,6,1,9,0,55,81,3,0,362.123470379294,buyer,BUY-10645,frequent_returner,0
0.5464796770755367,0.0,0.9613948794280831,0.4535203229244632,0.0,17,9,8,9,1,0,0,0,0,26,43,0,0,362.334356187419,buyer,BUY-10646,frequent_canceller,0
0.7460499211825244,0.0,0.4877363710219104,0.25395007881747556,0.0,18,13,5,13,6,1,0,0,0,32,51,0,0,362.21502294644677,buyer,BUY-10647,poor_payment,0
0.7841034828027207,0.0,0.7910646117279231,0.2158965171972792,0.3,24,17,7,17,3,2,0,6,0,49,75,2,0,332.2124895547685,buyer,BUY-10648,mixed,0
0.8687735228713173,0.0,1.0,0.13122647712868252,0.45,20,17,3,17,0,3,0,9,0,49,72,0,0,355.9950816926389,buyer,BUY-10649,reliable,1
1.0,0.0,1.0,0.0,0.3,3,3,0,3,0,0,0,2,2,10,13,0,0,294.8671269340394,buyer,BUY-10650,occasional_reliable,1
0.9482081061784597,0.0,0.9034331893179984,0.05179189382154026,0.3,22,20,2,20,3,4,0,4,1,51,77,1,0,325.89283096232634,buyer,BUY-10651,frequent_returner,0
0.3973637290931277,0.0,0.7507485295270665,0.6026362709068723,0.2,37,19,18,19,3,2,0,2,1,61,100,3,2,358.40916419060187,buyer,BUY-10652,frequent_canceller,0
0.6949367931652947,0.0,0.8023031655282457,0.30506320683470545,0.15,29,20,9,20,7,2,0,3,0,54,85,3,1,364.65381667943285,buyer,BUY-10653,poor_payment,0
0.929053732172194,0.0,0.479443280512623,0.070946267827806,0.25,17,15,2,15,5,1,0,5,0,38,56,1,0,332.9462148155208,buyer,BUY-10654,mixed,0
0.9293732704756306,0.0,1.0,0.07062672952436955,0.7,31,29,2,29,0,2,0,14,0,76,109,7,0,364.0770628973611,buyer,BUY-10655,reliable,1
0.5628272320507225,0.0,1.0,0.4371727679492775,0.05,3,2,1,2,0,0,0,1,0,6,9,1,0,245.90489412628472,buyer,BUY-10656,occasional_reliable,1
0.975033980623502,0.34111811243001344,0.918874309752534,0.024966019376497894,0.3,24,23,1,23,1,10,2,6,0,63,95,2,0,349.4286752823148,buyer,BUY-10657,frequent_returner,0
0.4638400575819634,0.0,0.9624171211805119,0.5361599424180366,0.0,35,15,20,15,1,1,0,0,0,51,87,4,2,355.57153900006944,buyer,BUY-10658,frequent_canceller,0
0.9200306794720422,0.0,0.4412397879597061,0.0799693205279578,0.0,13,11,2,11,6,1,0,0,0,25,39,1,0,362.3759825175926,buyer,BUY-10659,poor_payment,0
0.7267744877261095,0.0,0.8402628399179386,0.2732255122738908,0.4,34,26,8,26,5,7,0,4,2,73,114,1,0,362.6574370287384,buyer,BUY-10660,mixed,1
0.9857498620246244,0.0,0.9442826058954686,0.014250137975375554,0.85,22,21,1,21,1,0,0,17,0,60,82,5,0,364.63601368173613,buyer,BUY-10661,reliable,1
0.9235304508811002,0.0,1.0,0.0764695491188998,0.25,6,5,1,5,0,0,0,5,0,16,22,1,0,328.53115202019677,buyer,BUY-10662,occasional_reliable,1
0.9122164501606116,0.1805601163673075,1.0,0.08778354983938841,0.15,18,15,3,15,0,4,1,3,0,40,61,0,0,344.7518585461921,buyer,BUY-10663,frequent_returner,0
0.3671722675175929,0.0,0.5099072042161634,0.6328277324824071,0.2,21,7,14,7,3,0,0,2,1,31,52,4,2,357.24818587697916,buyer,BUY-10664,frequent_canceller,0
0.7410705199027228,0.0,0.5470915227130144,0.25892948009727734,0.25,18,15,3,15,9,5,0,5,0,43,66,1,0,347.91593304550923,buyer,BUY-10665,poor_payment,0
0.6783106936630213,0.0,1.0,0.3216893063369787,0.25,16,13,3,13,0,4,0,5,0,38,58,1,1,360.7023169613426,buyer,BUY-10666,mixed,1
0.9891050070149164,0.0,1.0,0.010894992985083563,1.0,35,34,1,34,0,2,0,20,1,92,129,1,0,335.01489571056715,buyer,BUY-10667,reliable,1
1.0,0.0,1.0,0.0,0.2,5,5,0,5,0,0,0,2,1,13,18,1,0,353.7880972504514,buyer,BUY-10668,occasional_reliable,1
0.8000171099039216,0.0,0.8652368317805301,0.1999828900960784,0.3,20,17,3,17,1,6,0,6,0,49,75,2,0,362.1979376972454,buyer,BUY-10669,frequent_returner,0
0.6068223411852417,0.0,1.0,0.3931776588147583,0.05,29,13,16,13,0,0,0,1,0,43,72,0,0,356.81171901168983,buyer,BUY-10670,frequent_canceller,0
0.7463067736698914,0.0,0.4616455397194229,0.2536932263301086,0.25,14,9,5,9,4,1,0,1,2,27,42,0,0,354.92858716255785,buyer,BUY-10671,poor_payment,0
0.6546871475571902,0.35162490988228234,0.6781263887376031,0.34531285244280996,0.05,28,20,8,20,4,3,1,1,0,52,82,0,0,363.15171799125,buyer,BUY-10672,mixed,1
0.9911024057084272,0.0,0.991097230513519,0.008897594291572997,1.0,40,39,1,39,1,2,0,22,1,104,146,4,0,361.7354314908102,buyer,BUY-10673,reliable,1
0.8984499789019686,0.0,1.0,0.10155002109803146,0.3,11,9,2,9,0,1,0,4,1,26,38,1,0,349.8515081024653,buyer,BUY-10674,occasional_reliable,1
0.6851352918214796,0.0,1.0,0.3148647081785204,0.2,18,12,6,12,0,2,0,4,0,36,56,2,1,346.7995793441088,buyer,BUY-10675,frequent_returner,0
0.6325718302802263,1.0,0.9128260386209102,0.36742816971977366,0.0,14,8,6,8,1,1,1,0,0,23,37,1,0,349.17912503609955,buyer,BUY-10676,frequent_canceller,0
0.8219786960814559,0.0,0.40283108691731534,0.1780213039185441,0.15,18,16,2,16,4,1,0,3,0,38,57,1,0,350.7289853379977,buyer,BUY-10677,poor_payment,0
0.9019780202615251,0.0,0.8535202958101122,0.09802197973847493,0.1,19,17,2,17,2,4,0,2,0,42,65,2,0,358.9028842919676,buyer,BUY-10678,mixed,1
0.9795880135782928,0.0,0.989708536561707,0.02041198642170683,1.0,54,52,2,52,1,2,0,29,1,138,194,7,0,354.0274756202199,buyer,BUY-10679,reliable,1
0.8370560603107282,0.0,1.0,0.1629439396892718,0.3,15,14,1,14,0,2,0,6,0,37,54,1,0,292.7736402068519,buyer,BUY-10680,occasional_reliable,1
0.9539788506821744,0.23015722624791757,0.9798638582766923,0.04602114931782564,0.45,30,29,1,29,1,10,2,9,0,78,116,2,0,360.01288269760414,buyer,BUY-10681,frequent_returner,0
0.6895602021249749,0.0,1.0,0.31043979787502507,0.05,12,8,4,8,0,1,0,1,0,22,35,0,0,333.4156908333334,buyer,BUY-10682,frequent_canceller,0
0.9791763573801003,0.0,0.5773613075461115,0.020823642619899663,0.15,19,17,2,17,8,0,0,3,0,39,58,3,0,332.54212833627315,buyer,BUY-10683,poor_payment,0
0.8263700658117831,0.9315309269278756,0.8614690322382285,0.17362993418821693,0.25,29,21,8,21,1,2,1,5,0,57,87,4,0,361.18321083494214,buyer,BUY-10684,mixed,1
0.9945934327625953,0.0,0.9907033369229082,0.005406567237404736,1.0,48,47,1,47,1,2,0,35,1,133,183,2,0,356.49536968376157,buyer,BUY-10685,reliable,1
0.913849245002315,0.0,1.0,0.08615075499768499,0.1,3,2,1,2,0,0,0,2,0,7,10,1,0,301.28269038501156,buyer,BUY-10686,occasional_reliable,1
0.9662850147522426,0.13373587421448996,0.9470391502254966,0.03371498524775729,0.45,34,31,3,31,1,10,2,9,0,84,126,2,0,349.40299063480325,buyer,BUY-10687,frequent_returner,0
0.5042543267918073,0.0,0.6080617415242666,0.49574567320819274,0.15,27,15,12,15,4,1,0,3,0,46,74,5,2,363.234691860081,buyer,BUY-10688,frequent_canceller,0
0.7073007349278381,0.0,0.6350103232984076,0.29269926507216193,0.2,22,15,7,15,6,0,0,2,1,40,62,1,1,359.9019003210185,buyer,BUY-10689,poor_payment,0
0.7418879941289064,0.0,0.7862758470264005,0.25811200587109373,0.25,16,12,4,12,2,2,0,5,0,35,53,0,0,332.5754934822338,buyer,BUY-10690,mixed,1
0.9830759369527042,0.0,1.0,0.016924063047295546,1.0,35,34,1,34,0,2,0,22,0,93,130,3,0,361.87953734444443,buyer,BUY-10691,reliable,1
0.8215559991660014,0.0,1.0,0.17844400083399858,0.0,3,2,1,2,0,0,0,0,0,5,8,0,0,174.6655193354051,buyer,BUY-10692,occasional_reliable,1
0.8432629216216502,0.0,0.8913049092286022,0.15673707837834983,0.1,15,13,2,13,1,2,0,2,0,32,49,0,0,335.92868702993053,buyer,BUY-10693,frequent_returner,0
0.4255797417265181,0.0,0.9502358069240221,0.574420258273482,0.05,31,15,16,15,1,1,0,1,0,48,80,1,1,346.21798587730325,buyer,BUY-10694,frequent_canceller,0
0.7323241213437077,0.0,0.7631112009444179,0.2676758786562924,0.2,25,20,5,20,6,1,0,4,0,50,76,4,2,358.2267733711921,buyer,BUY-10695,poor_payment,0
0.6878522942255233,0.0,0.6685422516679348,0.3121477057744767,0.4,33,22,11,22,7,5,0,8,0,68,106,4,2,356.0484631913426,buyer,BUY-10696,mixed,1
0.9916751873901801,0.0,1.0,0.008324812609819765,0.8,31,30,1,30,0,0,0,16,0,77,108,3,0,346.1994700007523,buyer,BUY-10697,reliable,1
1.0,0.0,1.0,0.0,0.2,3,3,0,3,0,0,0,2,1,9,12,0,0,354.3950351680556,buyer,BUY-10698,occasional_reliable,1
0.9821590096199944,0.18122838074309222,0.9382284807107517,0.01784099038000564,0.5,39,37,2,37,2,16,3,10,0,102,154,4,0,361.33312925136573,buyer,BUY-10699,frequent_returner,0
0.21279539521711768,0.0,1.0,0.7872046047828823,0.0,10,3,7,3,0,0,0,0,0,13,23,1,1,320.77862090518516,buyer,BUY-10700,frequent_canceller,0
0.8016000156952058,0.0,0.5084038595594398,0.19839998430479444,0.4,29,24,5,24,13,2,0,8,0,63,94,2,0,343.53663666510414,buyer,BUY-10701,poor_payment,0
0.6014736473618234,0.0,0.8999954989460729,0.3985263526381768,0.45,35,23,12,23,3,7,0,7,1,73,115,3,1,350.93504954711807,buyer,BUY-10702,mixed,0
0.9692370161554071,0.0,0.9297419194332438,0.03076298384459275,1.0,59,57,2,57,4,2,0,39,0,157,218,13,0,354.147335779213,buyer,BUY-10703,reliable,1
0.8299383322635512,0.0,0.9105208316252862,0.17006166773644882,0.3,8,7,1,7,1,0,0,2,2,19,27,0,0,363.58980117346067,buyer,BUY-10704,occasional_reliable,1
0.9774827905671629,0.37035699315724147,1.0,0.022517209432837082,0.55,29,27,2,27,0,8,2,11,0,75,110,2,0,343.3176988033565,buyer,BUY-10705,frequent_returner,0
0.5537033772181152,0.0,0.9054548514192109,0.4462966227818851,0.1,37,21,16,21,4,1,0,2,0,61,99,2,0,342.3962936685764,buyer,BUY-10706,frequent_canceller,0
0.8478451995278988,0.0,0.5839828667129036,0.15215480047210128,0.15,29,24,5,24,12,2,0,3,0,58,89,2,1,352.30145065262735,buyer,BUY-10707,poor_payment,0
0.7703550926508437,0.26103727371351426,0.904588871627086,0.2296449073491561,0.2,22,16,6,16,3,2,1,4,0,44,67,1,0,364.43784589483795,buyer,BUY-10708,mixed,1
0.979737315796299,0.0,0.9515928076594493,0.020262684203701142,1.0,45,43,2,43,2,2,0,20,1,111,158,5,0,364.12514295785877,buyer,BUY-10709,reliable,1
0.803493254933906,0.0,0.7967139568424652,0.19650674506609378,0.25,10,9,1,9,1,0,0,3,1,23,33,2,1,340.86411741365737,buyer,BUY-10710,occasional_reliable,1
0.8651840969145546,0.035679946151020214,1.0,0.13481590308544544,0.35,40,32,8,32,0,9,1,7,0,88,136,5,0,356.4584567830324,buyer,BUY-10711,frequent_returner,0
0.43432655933086173,0.0,0.8548643877719043,0.5656734406691383,0.1,30,14,16,14,2,0,0,2,0,46,76,2,2,361.104599840081,buyer,BUY-10712,frequent_canceller,0
0.8649901755593674,0.0,0.4229126059166814,0.1350098244406326,0.2,29,25,4,25,13,5,0,2,1,62,96,2,0,341.1376847766667,buyer,BUY-10713,poor_payment,0
0.9502248712963027,0.0,0.7788454783841446,0.04977512870369727,0.3,20,18,2,18,3,2,0,4,1,45,67,2,0,364.4549352965162,buyer,BUY-10714,mixed,0
0.9092971310829917,0.0,1.0,0.0907028689170083,1.0,58,54,4,54,0,6,0,30,2,150,214,8,1,363.61938094866895,buyer,BUY-10715,reliable,1
0.5569556649329847,0.0,1.0,0.44304433506701546,0.2,10,8,2,8,0,1,0,4,0,23,34,1,1,353.03436200353013,buyer,BUY-10716,occasional_reliable,1
0.9005893318973155,0.22743324070760207,0.9444154265009587,0.09941066810268451,0.2,37,33,4,33,1,19,4,4,0,93,145,3,0,355.58163851702545,buyer,BUY-10717,frequent_returner,0
0.32338839956782256,0.0,0.7768585131060473,0.6766116004321774,0.2,23,9,14,9,2,0,0,0,2,34,57,1,1,361.12516831413194,buyer,BUY-10718,frequent_canceller,0
1.0,0.0,0.7669219764618115,0.0,0.2,10,10,0,10,4,1,0,4,0,25,36,1,0,347.41015965502316,buyer,BUY-10719,poor_payment,0
0.584461254716142,0.0,0.9467006479186068,0.41553874528385826,0.45,32,18,14,18,2,5,0,7,1,63,100,2,1,345.9234303608912,buyer,BUY-10720,mixed,0
0.9454706561020585,0.0,0.989897246950812,0.05452934389794151,1.0,36,33,3,33,1,1,0,16,2,88,125,2,0,359.1756628988657,buyer,BUY-10721,reliable,1
0.9693333112988519,0.0,0.9190859811935997,0.030666688701148304,0.35,13,11,2,11,1,0,0,5,1,30,43,2,0,348.3628392728241,buyer,BUY-10722,occasional_reliable,1
0.9074504730926025,0.6406756895844076,0.8919025313768814,0.09254952690739748,0.6,29,26,3,26,1,13,4,6,3,77,115,4,0,356.76653240247686,buyer,BUY-10723,frequent_returner,0
0.7374760406045914,0.0,0.8983864004104724,0.2625239593954084,0.1,10,7,3,7,2,0,0,0,1,18,28,2,0,340.8242293679514,buyer,BUY-10724,frequent_canceller,0
0.730382764339146,0.0,0.4996725321872407,0.26961723566085405,0.25,30,23,7,23,12,1,0,5,0,59,90,2,1,360.59871928680553,buyer,BUY-10725,poor_payment,0
0.6103787585318202,0.0,0.8694703591957756,0.3896212414681798,0.55,35,24,11,24,4,3,0,9,1,72,110,3,1,354.9892447538079,buyer,BUY-10726,mixed,1
0.9305866864459036,0.16926196043244668,1.0,0.06941331355409641,1.0,42,40,2,40,0,3,1,27,1,113,157,3,0,361.9544048293634,buyer,BUY-10727,reliable,1
1.0,0.0,0.7998291650830636,0.0,0.25,11,11,0,11,1,0,0,5,0,27,38,2,0,276.530831065706,buyer,BUY-10728,occasional_reliable,1
0.7800019789552,0.021050183109363907,0.9671166801583863,0.21999802104479993,0.35,36,30,6,30,1,11,1,7,0,84,130,4,1,364.10037553313657,buyer,BUY-10729,frequent_returner,0
0.32945161890340185,0.0,0.9434780610726295,0.6705483810965982,0.05,37,12,25,12,1,0,0,1,0,50,87,1,0,360.15497127915506,buyer,BUY-10730,frequent_canceller,0
0.45857855879753584,0.0,0.5109388449040175,0.5414214412024643,0.1,16,9,7,9,4,0,0,2,0,27,43,4,3,324.01190060188657,buyer,BUY-10731,poor_payment,0
0.7621900456663439,0.0,0.8060905535386109,0.23780995433365615,0.45,33,24,9,24,5,7,0,7,1,72,112,1,0,348.559717003044,buyer,BUY-10732,mixed,0
0.9869059700241437,0.0,0.9448634642960221,0.013094029975856292,1.0,44,43,1,43,1,2,0,23,0,112,158,8,0,363.95205414335646,buyer,BUY-10733,reliable,1
0.816202479752345,0.0,1.0,0.18379752024765506,0.15,14,11,3,11,0,0,0,3,0,28,42,1,0,357.53867252318287,buyer,BUY-10734,occasional_reliable,1
0.8439286320564007,0.5159839389615645,0.9575018225328338,0.15607136794359944,0.7,35,31,4,31,3,8,3,12,1,87,127,5,2,356.6176633891435,buyer,BUY-10735,frequent_returner,0
0.43005264330560095,0.0,1.0,0.5699473566943992,0.0,25,9,16,9,0,1,0,0,0,35,61,2,1,348.10079428282404,buyer,BUY-10736,frequent_canceller,0
0.6439753373505678,0.0,0.5518637136935052,0.35602466264943233,0.2,17,12,5,12,5,2,0,2,1,34,53,2,1,336.25629349675927,buyer,BUY-10737,poor_payment,0
0.7289845242124051,0.0,0.7335317708549246,0.27101547578759433,0.45,32,24,8,24,6,3,0,9,0,68,103,2,1,334.8173277840509,buyer,BUY-10738,mixed,0
0.9396554289549003,0.6658683117208137,0.9312333230719073,0.060344571045099715,1.0,44,43,1,43,1,3,1,24,0,114,160,7,1,364.85734551392363,buyer,BUY-10739,reliable,1
0.8984532519482766,0.0,1.0,0.10154674805172337,0.3,11,10,1,10,0,0,0,4,1,26,37,2,0,343.803738549294,buyer,BUY-10740,occasional_reliable,1
0.973145463048609,0.8066551331350129,1.0,0.02685453695139095,0.55,23,22,1,22,0,6,4,9,1,61,86,3,0,360.1483732159491,buyer,BUY-10741,frequent_returner,0
0.5386082518935761,0.0,0.9689473153177557,0.4613917481064239,0.15,37,16,21,16,1,3,0,1,1,58,98,4,0,364.02956828908566,buyer,BUY-10742,frequent_canceller,0
0.8204589016912713,0.0,0.8360011825188408,0.17954109830872855,0.15,18,14,4,14,3,0,0,1,1,34,52,2,0,330.11575338594906,buyer,BUY-10743,poor_payment,0
0.6410969470979448,0.0,0.6097793017166597,0.35890305290205493,0.25,25,18,7,18,7,1,0,3,1,48,74,1,1,338.07484820300925,buyer,BUY-10744,mixed,0
0.9844415193758908,0.0,0.9627679170914807,0.01555848062410925,1.0,47,46,1,46,2,4,0,33,1,131,182,4,0,361.5085034228588,buyer,BUY-10745,reliable,1
0.8591801341213047,0.0,0.971853896098812,0.14081986587869533,0.55,13,12,1,12,1,2,0,5,3,35,50,2,1,357.42257364305556,buyer,BUY-10746,occasional_reliable,1
0.9376544275667326,0.18523782007916878,0.995078075110748,0.06234557243326733,0.7,39,36,3,36,1,13,2,14,0,102,152,3,0,362.7723773075116,buyer,BUY-10747,frequent_returner,0
0.5127657483771618,0.0,0.9004635150326749,0.4872342516228383,0.0,34,17,17,17,2,0,0,0,0,51,85,2,2,364.6101841529398,buyer,BUY-10748,frequent_canceller,0
0.9139944613102868,0.0,0.6399237469551616,0.08600553868971317,0.1,26,23,3,23,11,1,0,2,0,52,79,4,0,364.71719043449076,buyer,BUY-10749,poor_payment,0
0.6739524312864081,0.0,0.268381701368634,0.32604756871359164,0.15,21,15,6,15,9,2,0,3,0,41,64,0,0,314.996683788125,buyer,BUY-10750,mixed,1
0.8889232659891115,0.0,0.9630019901723798,0.11107673401088847,0.85,27,25,2,25,2,1,0,17,0,70,98,3,1,351.3094049288658,buyer,BUY-10751,reliable,1
1.0,0.0,0.9075481159193678,0.0,0.2,14,14,0,14,1,1,0,4,0,33,48,0,0,316.81075541344904,buyer,BUY-10752,occasional_reliable,1
0.9482578380471968,0.025615263285996615,1.0,0.051742161952803345,0.5,40,37,3,37,0,9,1,10,0,96,144,5,0,362.17792804552084,buyer,BUY-10753,frequent_returner,0
0.3459795879246118,0.0,0.7148051576255865,0.6540204120753882,0.1,24,11,13,11,1,0,0,2,0,37,61,3,2,352.52355668300925,buyer,BUY-10754,frequent_canceller,0
0.7455325845274249,0.0,0.10916738507872516,0.25446741547257523,0.05,16,11,5,11,9,2,0,1,0,30,48,2,0,340.362206754213,buyer,BUY-10755,poor_payment,0
0.8421427271053189,0.0,0.5942075091455992,0.157857272894681,0.25,23,20,3,20,8,1,0,5,0,49,73,0,0,359.9574110814815,buyer,BUY-10756,mixed,1
0.9895007825422176,0.0,0.9402098754902514,0.010499217457782262,1.0,36,34,2,34,2,0,0,19,2,91,127,3,0,361.4888435437963,buyer,BUY-10757,reliable,1
1.0,0.0,0.8979557369514471,0.0,0.35,9,9,0,9,1,0,0,5,1,24,33,0,0,285.2475205930208,buyer,BUY-10758,occasional_reliable,1
0.8578992303601776,0.14426219285522857,1.0,0.14210076963982232,0.55,29,25,4,25,0,10,3,9,1,74,110,4,1,334.9703777199305,buyer,BUY-10759,frequent_returner,0
0.38216097632873514,0.0,0.9100329567380541,0.6178390236712648,0.05,37,17,20,17,2,2,0,1,0,57,96,2,2,352.9625417902894,buyer,BUY-10760,frequent_canceller,0
0.7242847367477064,0.0,0.9634985893500942,0.2757152632522938,0.0,11,8,3,8,1,0,0,0,0,19,30,0,0,363.38194835108794,buyer,BUY-10761,poor_payment,0
0.9300924447135132,0.0,0.6119983556947424,0.06990755528648684,0.45,23,20,3,20,6,6,0,5,2,56,85,1,0,356.82555327887735,buyer,BUY-10762,mixed,0
0.9786395868602681,0.0,0.9845458810364912,0.021360413139731915,0.95,32,30,2,30,1,2,0,17,1,82,116,3,0,361.8925438664352,buyer,BUY-10763,reliable,1
0.8944317606104789,0.0,1.0,0.10556823938952087,0.35,12,10,2,10,0,1,0,5,1,29,42,0,0,335.04999446813656,buyer,BUY-10764,occasional_reliable,1
0.9198194744776778,0.06310514072486284,0.9838566438783027,0.08018052552232235,0.3,26,24,2,24,1,7,1,4,1,62,94,0,0,363.90440712099536,buyer,BUY-10765,frequent_returner,0
0.5501407861098515,0.0,0.6913375499066351,0.44985921389014827,0.0,23,10,13,10,3,0,0,0,0,33,56,4,1,352.9040282339815,buyer,BUY-10766,frequent_canceller,0
0.964703174396645,0.0,0.36528001691866285,0.03529682560335523,0.05,10,9,1,9,7,1,0,1,0,21,32,0,0,336.16001438223384,buyer,BUY-10767,poor_payment,0
0.7606496572812358,0.0,0.7420182572039333,0.2393503427187641,0.25,32,22,10,22,8,1,0,5,0,60,93,5,0,359.34088227372683,buyer,BUY-10768,mixed,0
0.9454297680889177,0.0,1.0,0.05457023191108201,1.0,58,53,5,53,0,2,0,32,0,145,205,4,0,363.9635750209028,buyer,BUY-10769,reliable,1
1.0,0.0,1.0,0.0,0.0,4,4,0,4,0,0,0,0,0,8,12,0,0,267.89537258122687,buyer,BUY-10770,occasional_reliable,1
0.8869799289906806,0.0,1.0,0.11302007100931954,0.45,26,21,5,21,0,7,0,9,0,63,96,4,0,344.92843850003476,buyer,BUY-10771,frequent_returner,0
0.4809595808281254,0.0,1.0,0.5190404191718747,0.0,10,5,5,5,0,0,0,0,0,15,25,1,1,342.9940289159838,buyer,BUY-10772,frequent_canceller,0
0.8866264687465096,0.0,0.6974682296330373,0.11337353125349015,0.15,23,19,4,19,5,2,0,3,0,47,72,2,0,346.055733171007,buyer,BUY-10773,poor_payment,0
0.8635271026723975,0.0,0.8139485444590456,0.13647289732760237,0.2,22,18,4,18,4,2,0,4,0,46,70,1,0,362.52703015298613,buyer,BUY-10774,mixed,0
0.9626863720683425,0.0,0.9792405866414172,0.03731362793165738,1.0,52,49,3,49,2,5,0,28,4,138,195,3,0,355.5793455036342,buyer,BUY-10775,reliable,1
0.9148542339102523,1.0,1.0,0.08514576608974789,0.2,14,13,1,13,0,1,1,4,0,32,46,2,0,266.3156970261458,buyer,BUY-10776,occasional_reliable,1
1.0,0.0,1.0,0.0,0.1,15,15,0,15,0,4,0,2,0,36,55,1,0,356.05748852759257,buyer,BUY-10777,frequent_returner,0
0.1513060650858258,0.0,1.0,0.8486939349141742,0.0,12,3,9,3,0,0,0,0,0,15,27,1,1,349.5284585434259,buyer,BUY-10778,frequent_canceller,0
0.9127992244135016,0.0,0.7371990282960712,0.08720077558649852,0.15,29,25,4,25,9,2,0,3,0,59,90,4,0,356.5890791515856,buyer,BUY-10779,poor_payment,0
0.81796834386002,0.0,0.8935667882482984,0.18203165613997996,0.15,15,12,3,12,2,3,0,1,1,32,50,0,0,326.83965127739583,buyer,BUY-10780,mixed,0
0.9334622924770921,0.0,1.0,0.06653770752290789,1.0,52,49,3,49,0,0,0,33,0,134,186,4,1,354.3687920427662,buyer,BUY-10781,reliable,1
1.0,0.0,1.0,0.0,0.2,10,10,0,10,0,2,0,4,0,26,38,2,0,364.1519678376505,buyer,BUY-10782,occasional_reliable,1
0.9313892525661999,0.3773986563777594,1.0,0.06861074743380013,0.3,15,12,3,12,0,3,1,6,0,36,53,2,0,362.3308849415278,buyer,BUY-10783,frequent_returner,0
0.5600729552659627,0.0,0.9678129825297221,0.43992704473403765,0.05,34,20,14,20,1,1,0,1,0,56,91,5,2,362.2438699688426,buyer,BUY-10784,frequent_canceller,0
0.7100794001880935,0.3404797619528658,0.46165242367054055,0.2899205998119063,0.25,28,21,7,21,13,3,1,5,0,57,87,2,1,358.06086476391204,buyer,BUY-10785,poor_payment,0
0.8268110605091473,0.0,0.9576742587826275,0.17318893949085268,0.3,16,12,4,12,2,0,0,4,1,33,49,2,0,358.8190213270023,buyer,BUY-10786,mixed,0
0.9899093362243343,0.0,1.0,0.010090663775665698,1.0,36,35,1,35,0,1,0,21,0,93,130,3,0,333.5476903883912,buyer,BUY-10787,reliable,1
0.9825316840568036,0.0,1.0,0.017468315943196422,0.35,11,10,1,10,0,0,0,1,3,25,36,1,0,344.8047996166782,buyer,BUY-10788,occasional_reliable,1
0.9178930712346429,0.247510089543461,1.0,0.08210692876535686,0.4,29,25,4,25,0,9,3,8,0,71,106,4,0,357.98686784930555,buyer,BUY-10789,frequent_returner,0
0.5498460233801707,0.0,0.7869929719978938,0.45015397661982937,0.05,25,15,10,15,2,1,0,1,0,42,68,3,1,363.9584901310532,buyer,BUY-10790,frequent_canceller,0
0.8537759731350858,0.0,0.5629507338648013,0.1462240268649143,0.0,14,12,2,12,5,1,0,0,0,27,42,1,0,353.47590586300925,buyer,BUY-10791,poor_payment,0
0.7457142122823639,0.0,0.9864498826012988,0.2542857877176361,0.25,24,19,5,19,1,3,0,5,0,51,78,1,1,324.8620521983912,buyer,BUY-10792,mixed,1
0.976938683444081,0.0,1.0,0.02306131655591903,0.75,25,23,2,23,0,2,0,13,1,64,91,3,0,343.16081779872684,buyer,BUY-10793,reliable,1
0.841710983663195,0.0,1.0,0.15828901633680492,0.2,10,9,1,9,0,0,0,2,1,22,32,1,0,356.82421296527775,buyer,BUY-10794,occasional_reliable,1
0.920012738166348,0.0,0.983863954386814,0.07998726183365179,0.45,33,30,3,30,1,8,0,9,0,80,121,3,0,352.6446438374074,buyer,BUY-10795,frequent_returner,0
0.729556778888625,0.0,0.791832318455995,0.2704432211113752,0.1,29,18,11,18,3,2,0,2,0,51,82,4,1,361.4097732077662,buyer,BUY-10796,frequent_canceller,0
0.9101993939210533,0.0,0.5465043108185185,0.08980060607894624,0.2,26,23,3,23,14,1,0,4,0,54,81,3,0,334.74482938559026,buyer,BUY-10797,poor_payment,0
0.5064320330368429,0.0,1.0,0.4935679669631572,0.15,11,5,6,5,0,1,0,3,0,20,32,1,0,333.98135113423615,buyer,BUY-10798,mixed,0
1.0,0.0,1.0,0.0,1.0,48,48,0,48,0,4,0,25,2,127,179,4,0,353.4224122427546,buyer,BUY-10799,reliable,1
0.8374845473007309,0.0,0.801213013497368,0.16251545269926937,0.15,14,11,3,11,2,0,0,3,0,28,42,1,0,357.10919629243057,buyer,BUY-10800,occasional_reliable,1
1.0,0.17439233721886394,1.0,0.0,0.3,17,17,0,17,0,7,1,4,1,46,69,1,0,349.6233099280324,buyer,BUY-10801,frequent_returner,0
0.621956299559875,0.0,0.8284330672341926,0.37804370044012503,0.1,28,14,14,14,3,0,0,2,0,44,72,0,0,344.3461799910995,buyer,BUY-10802,frequent_canceller,0
0.8390940423113641,0.0,0.7470100562791565,0.16090595768863591,0.15,22,18,4,18,7,1,0,3,0,44,67,4,0,355.2334153904398,buyer,BUY-10803,poor_payment,0
0.5886713422807754,0.0,0.7766071596984253,0.41132865771922456,0.25,32,19,13,19,4,0,0,5,0,56,88,6,2,362.1166840908681,buyer,BUY-10804,mixed,1
0.9933001999652963,0.0,1.0,0.00669980003470394,1.0,39,38,1,38,0,2,0,24,4,107,148,3,0,345.3902553335417,buyer,BUY-10805,reliable,1
0.9501160454297214,0.0,0.8135036585072185,0.04988395457027839,0.25,6,5,1,5,1,1,0,3,1,16,23,0,0,339.355553089294,buyer,BUY-10806,occasional_reliable,1
0.9344690862134817,0.28134457824938475,1.0,0.06553091378651843,0.25,25,24,1,24,0,5,2,5,0,59,87,1,0,324.3385511055324,buyer,BUY-10807,frequent_returner,0
0.3551239428367133,0.0,1.0,0.6448760571632866,0.05,23,9,14,9,0,0,0,1,0,33,56,2,1,358.75536766680557,buyer,BUY-10808,frequent_canceller,0
0.8625950390337459,0.0,0.48103675355764874,0.13740496096625388,0.25,29,26,3,26,13,2,0,5,0,62,93,1,0,361.1979194829398,buyer,BUY-10809,poor_payment,0
0.5571446897860557,0.06972252864705919,0.6030432994756239,0.4428553102139444,0.25,16,13,3,13,2,2,1,3,1,35,52,3,2,363.8468528439815,buyer,BUY-10810,mixed,1
0.9537077680741372,0.0,1.0,0.04629223192586296,0.9,23,21,2,21,0,0,0,14,2,60,83,2,0,352.4724252479977,buyer,BUY-10811,reliable,1
0.9559560033158514,0.0,1.0,0.0440439966841486,0.3,11,10,1,10,0,1,0,4,1,27,39,1,0,346.71270705964116,buyer,BUY-10812,occasional_reliable,1
0.9262953428523367,0.24317062471066297,0.9044562154023622,0.07370465714766328,0.2,18,16,2,16,1,6,1,4,0,44,67,1,0,338.1918665074537,buyer,BUY-10813,frequent_returner,0
0.5230142876127294,0.0,0.9481966737113657,0.4769857123872704,0.15,30,16,14,16,2,1,0,3,0,50,81,6,4,363.2589967782639,buyer,BUY-10814,frequent_canceller,0
0.6339185723101808,0.0,0.2273916770049977,0.3660814276898192,0.0,10,7,3,7,3,1,0,0,0,18,29,1,0,311.74386672890046,buyer,BUY-10815,poor_payment,0
0.652007214020613,0.0,0.5499719040108871,0.3479927859793869,0.55,25,17,8,17,7,1,0,7,2,52,78,0,0,339.55135094072915,buyer,BUY-10816,mixed,0
0.9206741568548323,0.0,1.0,0.07932584314516755,0.5,24,21,3,21,0,0,0,10,0,55,79,2,0,364.07443555714116,buyer,BUY-10817,reliable,1
0.9747868814501212,0.0,1.0,0.025213118549878843,0.25,14,13,1,13,0,2,0,5,0,34,50,3,0,325.05493770965273,buyer,BUY-10818,occasional_reliable,1
1.0,0.17966730780209628,0.9478213378352729,0.0,0.3,20,20,0,20,2,8,2,6,0,54,80,0,0,361.3064776950694,buyer,BUY-10819,frequent_returner,0
0.5248385374969601,0.0,0.8142893310679166,0.4751614625030399,0.1,17,8,9,8,1,0,0,0,1,26,43,0,0,348.0944417586574,buyer,BUY-10820,frequent_canceller,0
0.7955241831366652,0.0,0.3837831731656698,0.20447581686333471,0.15,20,18,2,18,10,0,0,3,0,41,61,1,1,361.80256868644676,buyer,BUY-10821,poor_payment,0
0.8094045157140373,0.0,0.904217095517055,0.19059548428596274,0.2,12,10,2,10,1,1,0,4,0,27,40,1,0,245.8625570115162,buyer,BUY-10822,mixed,1
0.9297988040930183,0.0,1.0,0.0702011959069817,1.0,36,33,3,33,0,1,0,18,2,90,127,3,0,356.69588399971065,buyer,BUY-10823,reliable,1
0.9274731909892451,0.0,1.0,0.07252680901075514,0.4,10,9,1,9,0,0,0,6,1,26,36,0,0,360.0987037629861,buyer,BUY-10824,occasional_reliable,1
0.9282458318439141,0.17458084524105844,0.9158177928637584,0.07175416815608593,0.55,31,29,2,29,4,10,2,9,1,80,119,2,0,362.6478193314699,buyer,BUY-10825,frequent_returner,0
0.5318662227824948,0.0,0.9624273810561996,0.46813377721750515,0.05,13,7,6,7,1,1,0,1,0,22,36,1,1,363.7005924935185,buyer,BUY-10826,frequent_canceller,0
0.6911557776150027,0.0,0.6045331630429543,0.3088442223849974,0.25,29,22,7,22,9,1,0,3,1,56,86,6,3,344.9307617166204,buyer,BUY-10827,poor_payment,0
0.8647084193524751,0.05800835898461243,0.7342612700255317,0.1352915806475249,0.35,20,14,6,14,4,4,1,5,1,44,67,4,0,326.87225710186345,buyer,BUY-10828,mixed,1
0.9610838711096195,0.0,1.0,0.03891612889038054,0.9,31,30,1,30,0,1,0,18,0,80,112,3,0,364.24207213711804,buyer,BUY-10829,reliable,1
0.9390639062146434,0.0,0.8061892060130083,0.06093609378535658,0.1,9,8,1,8,2,0,0,2,0,19,28,1,0,341.9770126529977,buyer,BUY-10830,occasional_reliable,1
0.8265140762419875,0.5352771437379267,0.971207318826313,0.17348592375801242,0.75,32,28,4,28,1,7,3,15,0,82,118,3,1,352.10873241971063,buyer,BUY-10831,frequent_returner,0
0.545246796959383,0.0,0.6997480679639658,0.45475320304061684,0.1,24,11,13,11,3,0,0,2,0,37,61,1,0,321.6781269358565,buyer,BUY-10832,frequent_canceller,0
0.831262384835657,0.0,0.657004542570597,0.16873761516434316,0.1,15,14,1,14,6,2,0,2,0,33,50,2,1,324.3531152278009,buyer,BUY-10833,poor_payment,0
0.7091970224370066,1.0,0.8288793283269487,0.29080297756299334,0.4,30,25,5,25,4,1,1,8,0,64,94,1,1,346.890392693125,buyer,BUY-10834,mixed,0
0.965705645525991,0.0,1.0,0.03429435447400897,1.0,46,44,2,44,0,1,0,28,1,120,167,3,0,344.7196159618287,buyer,BUY-10835,reliable,1
0.5190614407251937,0.0,1.0,0.4809385592748062,0.55,9,7,2,7,0,0,0,3,4,23,32,1,1,361.70873175047456,buyer,BUY-10836,occasional_reliable,1
0.8759157891798813,0.0,0.9660039854888323,0.12408421082011867,0.25,16,14,2,14,1,6,0,5,0,41,63,0,0,332.9902286041551,buyer,BUY-10837,frequent_returner,0
0.11566687092045028,0.0,1.0,0.8843331290795498,0.0,14,2,12,2,0,0,0,0,0,16,30,0,0,349.50058896565974,buyer,BUY-10838,frequent_canceller,0
0.9117086278199972,0.0,0.5195235949818156,0.0882913721800026,0.25,18,15,3,15,6,1,0,5,0,39,58,0,0,345.4523763911227,buyer,BUY-10839,poor_payment,0
0.8234960478958303,0.0,0.8893926479641658,0.17650395210416958,0.45,33,24,9,24,4,5,0,9,0,71,109,6,0,345.4924028812847,buyer,BUY-10840,mixed,1
0.9776276399556387,0.0,1.0,0.02237236004436105,1.0,55,51,4,51,0,3,0,29,2,140,198,5,0,364.6310089022338,buyer,BUY-10841,reliable,1
1.0,0.0,0.8901635061579003,0.0,0.3,12,12,0,12,1,0,0,6,0,30,42,0,0,304.5514538794792,buyer,BUY-10842,occasional_reliable,1
0.8598616740581755,0.0,0.9578900615269507,0.14013832594182463,0.15,24,22,2,22,2,3,0,3,0,52,79,2,1,361.1885097243634,buyer,BUY-10843,frequent_returner,0
0.4505530158300094,0.0,1.0,0.5494469841699907,0.15,32,10,22,10,0,0,0,1,1,44,76,3,1,360.57424234877317,buyer,BUY-10844,frequent_canceller,0
0.6207447501544803,1.0,0.7790138036805886,0.37925524984551984,0.2,11,9,2,9,3,1,1,4,0,25,36,1,1,359.8360595053009,buyer,BUY-10845,poor_payment,0
0.6557872514687249,0.0,1.0,0.34421274853127504,0.05,12,8,4,8,0,2,0,1,0,23,37,1,1,355.47112465288194,buyer,BUY-10846,mixed,0
0.9835504160070137,0.0,0.9925186773834004,0.01644958399298657,0.95,31,29,2,29,1,0,0,15,2,77,108,1,0,343.8104109541204,buyer,BUY-10847,reliable,1
0.6097939476034073,0.0,1.0,0.3902060523965927,0.15,4,3,1,3,0,0,0,3,0,10,14,0,0,285.0847818388194,buyer,BUY-10848,occasional_reliable,1
1.0,0.0,0.9093519878581194,0.0,0.35,15,15,0,15,1,5,0,7,0,42,62,0,0,351.4329153475926,buyer,BUY-10849,frequent_returner,0
0.2993260428733638,0.0,0.8786854215386022,0.7006739571266363,0.15,15,5,10,5,2,0,0,3,0,23,38,1,1,317.34835996306714,buyer,BUY-10850,frequent_canceller,0
0.9649614655722769,0.0,0.5455892119334033,0.0350385344277232,0.15,28,25,3,25,12,1,0,3,0,57,86,1,0,355.1094476137616,buyer,BUY-10851,poor_payment,0
0.7677970327409946,0.0,1.0,0.23220296725900547,0.3,9,8,1,8,0,1,0,4,1,23,33,0,0,309.06341876797455,buyer,BUY-10852,mixed,1
0.9313994563442738,0.0,1.0,0.06860054365572632,0.85,20,18,2,18,0,1,0,13,2,54,75,0,0,351.40358946189815,buyer,BUY-10853,reliable,1
1.0,0.0,0.8012609628660325,0.0,0.25,15,15,0,15,2,1,0,3,1,35,51,1,0,350.1139395669792,buyer,BUY-10854,occasional_reliable,1
0.9145469673152972,0.0,0.9425252460978537,0.08545303268470283,0.2,19,18,1,18,1,6,0,4,0,47,72,3,0,332.03835562502314,buyer,BUY-10855,frequent_returner,0
0.3726098141218807,0.0,0.9637253695581321,0.6273901858781192,0.3,39,19,20,19,1,3,0,4,1,66,108,6,5,359.57431440912035,buyer,BUY-10856,frequent_canceller,0
0.9146663275098622,0.0,0.7968980693063646,0.08533367249013768,0.3,22,18,4,18,5,2,0,4,1,47,71,1,0,356.3492429769213,buyer,BUY-10857,poor_payment,0
0.6752704127110485,0.6864853308059967,0.6377127834248975,0.3247295872889516,0.4,26,20,6,20,7,8,3,8,0,62,93,1,1,355.12281570542825,buyer,BUY-10858,mixed,1
0.9014854695189729,0.0,0.9849798638827634,0.09851453048102721,1.0,43,41,2,41,1,3,0,24,0,111,157,4,0,335.7326634586921,buyer,BUY-10859,reliable,1
0.8101524972733495,0.0,0.9832140206332096,0.18984750272665052,0.3,12,11,1,11,1,0,0,4,1,28,40,3,1,349.0291412604167,buyer,BUY-10860,occasional_reliable,1
0.9396972599940862,0.04041841354156628,0.8699800932472429,0.06030274000591396,0.6,36,32,4,32,2,12,1,10,1,91,138,4,0,362.6499553870949,buyer,BUY-10861,frequent_returner,0
0.38785720314698907,0.0,1.0,0.6121427968530111,0.15,24,8,16,8,0,1,0,1,1,35,60,1,1,359.54390031480324,buyer,BUY-10862,frequent_canceller,0
0.7847325325341372,0.0,0.58339730694511,0.2152674674658629,0.4,26,20,6,20,6,1,0,6,1,54,81,2,0,362.4153334397338,buyer,BUY-10863,poor_payment,0
0.6855716838035731,0.0,0.6675390948767793,0.31442831619642697,0.3,26,17,9,17,5,3,0,4,1,51,80,0,0,317.42889891658564,buyer,BUY-10864,mixed,1
0.9781926527884077,0.0,1.0,0.021807347211592498,1.0,29,28,1,28,0,2,0,19,2,80,111,2,0,364.6165510032176,buyer,BUY-10865,reliable,1
0.6382667517650218,0.0,0.8192976749513594,0.3617332482349783,0.15,14,10,4,10,1,1,0,3,0,28,43,1,1,352.19605191850695,buyer,BUY-10866,occasional_reliable,1
0.8899624336598508,0.15184862832003054,0.8828416940050733,0.11003756634014916,0.75,32,28,4,28,2,14,3,13,1,88,131,1,0,354.52893475328705,buyer,BUY-10867,frequent_returner,0
0.40746809018605606,0.0,0.8493129730026286,0.5925319098139439,0.05,25,14,11,14,2,1,0,1,0,41,67,6,5,340.8959718918171,buyer,BUY-10868,frequent_canceller,0
0.9297436085360656,0.0,0.5900484623313612,0.07025639146393436,0.15,30,26,4,26,10,1,0,3,0,60,91,1,0,360.47433109754627,buyer,BUY-10869,poor_payment,0
0.6160554061703882,0.0,0.9771186802533474,0.38394459382961177,0.2,22,15,7,15,1,2,0,4,0,43,67,0,0,358.12593234175927,buyer,BUY-10870,mixed,1
1.0,0.0,0.9850390830568486,0.0,0.6,20,20,0,20,1,1,0,12,0,53,74,0,0,360.2961276569444,buyer,BUY-10871,reliable,1
0.8242169498661315,0.0,1.0,0.17578305013386852,0.3,15,13,2,13,0,2,0,4,1,35,52,1,1,342.98628261533565,buyer,BUY-10872,occasional_reliable,1
0.8900740221097346,0.33407150095619875,0.9582823747299262,0.10992597789026537,0.35,26,24,2,24,1,11,2,7,0,68,103,1,0,357.64668796873843,buyer,BUY-10873,frequent_returner,0
0.5339278489600765,0.0,0.5756270118440692,0.4660721510399234,0.0,27,17,10,17,3,0,0,0,0,44,71,2,0,354.9934982648495,buyer,BUY-10874,frequent_canceller,0
0.8102160153714932,0.0,0.4943447940404336,0.18978398462850676,0.1,14,11,3,11,7,0,0,2,0,27,41,0,0,347.5246725521991,buyer,BUY-10875,poor_payment,0
0.8348189181882257,0.0,0.774729156402692,0.16518108181177427,0.3,25,19,6,19,4,5,0,6,0,55,85,2,0,355.3697917506597,buyer,BUY-10876,mixed,1
0.9808499501720066,0.0,1.0,0.01915004982799362,1.0,32,31,1,31,0,1,0,20,0,84,117,3,0,347.6183979690972,buyer,BUY-10877,reliable,1
1.0,0.0,1.0,0.0,0.3,6,6,0,6,0,1,0,4,1,18,25,0,0,359.95223718375,buyer,BUY-10878,occasional_reliable,1
0.7363258075775622,0.9188503501028995,1.0,0.26367419242243784,0.3,26,21,5,21,0,3,2,6,0,56,83,0,0,361.3725773939815,buyer,BUY-10879,frequent_returner,0
0.5061496314324733,0.0,0.8368305592147298,0.49385036856752673,0.15,35,19,16,19,2,1,0,3,0,58,94,3,2,358.28505852511574,buyer,BUY-10880,frequent_canceller,0
0.8910002198801933,0.0,0.6201783547643901,0.10899978011980671,0.1,11,10,1,10,4,0,0,2,0,23,34,2,0,356.15211496047453,buyer,BUY-10881,poor_payment,0
0.8288610482040941,0.0,0.8293901652598235,0.17113895179590588,0.25,27,23,4,23,5,2,0,5,0,57,86,1,0,353.84863171100693,buyer,BUY-10882,mixed,0
0.8238070335323688,0.0,1.0,0.17619296646763094,0.95,23,21,2,21,0,3,0,17,1,65,91,3,1,331.2008141126967,buyer,BUY-10883,reliable,1
1.0,0.0,0.7556582399337527,0.0,0.15,12,12,0,12,2,2,0,3,0,29,43,0,0,342.21612918001154,buyer,BUY-10884,occasional_reliable,1
0.8356064296710916,0.07280992631570493,0.9809850147628569,0.16439357032890856,0.4,39,32,7,32,1,9,1,8,0,88,135,1,0,357.3095211515625,buyer,BUY-10885,frequent_returner,0
0.33794285470824775,0.0,0.9178852940307888,0.6620571452917523,0.1,11,5,6,5,1,0,0,2,0,18,29,0,0,359.9233683357639,buyer,BUY-10886,frequent_canceller,0
0.879384986058786,0.0,0.7389225907979656,0.12061501394121388,0.35,20,18,2,18,6,4,0,5,1,48,72,2,0,360.1678463455556,buyer,BUY-10887,poor_payment,0
0.9040477553350063,0.15112166136751481,0.8726201421081449,0.09595224466499352,0.25,31,26,5,26,4,5,1,5,0,67,102,2,0,364.88119966986113,buyer,BUY-10888,mixed,0
0.9261734874137649,0.0,1.0,0.07382651258623507,0.4,21,19,2,19,0,0,0,8,0,48,69,1,0,317.1044108238078,buyer,BUY-10889,reliable,1
0.9223684072130683,0.0,1.0,0.07763159278693166,0.05,7,6,1,6,0,0,0,1,0,14,21,2,0,252.4242076399537,buyer,BUY-10890,occasional_reliable,1
0.8681777380201198,0.2529568650658516,0.9910364373791903,0.13182226197988045,0.45,24,22,2,22,1,9,2,7,1,63,94,3,1,364.3279821940046,buyer,BUY-10891,frequent_returner,0
0.09853115342901644,0.0,1.0,0.9014688465709836,0.0,13,3,10,3,0,0,0,0,0,16,29,0,0,338.75688636956016,buyer,BUY-10892,frequent_canceller,0
0.9132874567127015,0.0,0.7308686619701035,0.0867125432872986,0.25,23,20,3,20,7,0,0,5,0,48,71,3,0,357.8890203140278,buyer,BUY-10893,poor_payment,0
0.7597844370089721,0.0,0.6704834093456482,0.24021556299102775,0.35,18,13,5,13,5,1,0,5,1,38,57,4,1,336.9776246905787,buyer,BUY-10894,mixed,0
0.953437171032751,0.0,0.9715809393190327,0.04656282896724884,1.0,60,57,3,57,2,2,0,33,0,152,214,6,1,361.54117844364583,buyer,BUY-10895,reliable,1
0.6166246685047841,0.0,1.0,0.38337533149521597,0.0,3,2,1,2,0,0,0,0,0,5,8,0,0,291.3864907740509,buyer,BUY-10896,occasional_reliable,1
0.8636532586607044,0.04128620237382297,0.933560845041196,0.1363467413392958,0.35,37,32,5,32,1,13,1,7,0,89,138,2,0,361.3881727458565,buyer,BUY-10897,frequent_returner,0
0.4019452619681662,0.0,0.9256611452720215,0.598054738031834,0.0,21,12,9,12,1,2,0,0,0,35,58,4,4,355.792827476331,buyer,BUY-10898,frequent_canceller,0
0.8721102556841793,0.0,0.25517403695092933,0.12788974431582079,0.25,27,23,4,23,15,2,0,5,0,57,86,3,0,362.72474469365744,buyer,BUY-10899,poor_payment,0
0.42461764625782283,0.0,0.7509596258404692,0.5753823537421773,0.25,27,16,11,16,5,5,0,5,0,53,85,4,3,341.11460276408565,buyer,BUY-10900,mixed,0
0.9847314817977708,0.0,1.0,0.015268518202229298,0.8,21,20,1,20,0,0,0,16,0,57,78,2,0,360.8673178810301,buyer,BUY-10901,reliable,1
0.7022438283608086,0.0,1.0,0.29775617163919155,0.05,3,2,1,2,0,0,0,1,0,6,9,0,0,85.08765037836805,buyer,BUY-10902,occasional_reliable,1
0.9828351546453791,0.6199525582469736,1.0,0.01716484535462104,0.25,21,20,1,20,0,5,2,5,0,51,75,2,0,358.84301126907405,buyer,BUY-10903,frequent_returner,0
0.6219746844248992,0.0,1.0,0.3780253155751008,0.05,10,7,3,7,0,0,0,1,0,18,28,0,0,359.2131439324305,buyer,BUY-10904,frequent_canceller,0
0.7873636334146135,0.0,0.38855562016826883,0.21263636658538665,0.15,29,22,7,22,10,0,0,3,0,54,83,2,0,361.0142668948611,buyer,BUY-10905,poor_payment,0
0.7507158656551072,0.0,0.9305977194461809,0.24928413434489283,0.3,19,12,7,12,2,2,0,4,1,38,59,2,0,356.68725396471064,buyer,BUY-10906,mixed,0
0.9298693400479385,0.0,1.0,0.07013065995206169,1.0,39,36,3,36,0,0,0,20,0,95,134,4,0,361.03968426822917,buyer,BUY-10907,reliable,1
0.9698936265292586,0.0,0.9345661792701844,0.03010637347074141,0.15,7,6,1,6,1,0,0,3,0,16,23,0,0,355.9683520932523,buyer,BUY-10908,occasional_reliable,1
0.8931431099327064,0.40369264182105313,1.0,0.1068568900672936,0.45,27,24,3,24,0,7,1,9,0,67,100,1,0,355.66270934160883,buyer,BUY-10909,frequent_returner,0
0.7073071110303517,0.0,0.9280156391888696,0.2926928889696483,0.05,30,19,11,19,2,2,0,1,0,52,84,3,0,351.4273609429398,buyer,BUY-10910,frequent_canceller,0
0.732464459936928,0.0,0.33861005261292515,0.2675355400630721,0.15,26,20,6,20,13,1,0,3,0,50,77,1,0,352.2248720462037,buyer,BUY-10911,poor_payment,0
0.5566953074630717,0.0,0.7080978071634978,0.4433046925369283,0.45,35,24,11,24,5,7,0,7,1,74,116,5,3,362.5823397835301,buyer,BUY-10912,mixed,1
0.9817567152040012,0.0,0.994357646926654,0.01824328479599857,1.0,43,41,2,41,1,6,0,26,2,118,167,9,0,364.0814176098148,buyer,BUY-10913,reliable,1
1.0,0.0,1.0,0.0,0.25,10,10,0,10,0,0,0,3,1,24,34,0,0,343.21444048894676,buyer,BUY-10914,occasional_reliable,1
0.9761843829025226,0.3031023886495948,0.8431327327022947,0.02381561709747737,0.25,29,27,2,27,4,9,3,5,0,70,105,3,0,358.0751474570949,buyer,BUY-10915,frequent_returner,0
0.5169190181843076,0.0,0.729804657853213,0.4830809818156925,0.0,30,15,15,15,3,0,0,0,0,45,75,4,1,347.48028502062505,buyer,BUY-10916,frequent_canceller,0
0.6797308028208248,0.0,0.3970989331050952,0.32026919717917557,0.1,25,18,7,18,12,0,0,2,0,45,70,2,2,363.68682337165507,buyer,BUY-10917,poor_payment,0
0.43575779662204167,0.0,0.45018116144891135,0.5642422033779584,0.35,22,12,10,12,6,5,0,5,1,45,72,1,1,323.3621966182407,buyer,BUY-10918,mixed,0
0.9344538317787675,0.0,0.9387876170581972,0.06554616822123249,1.0,51,46,5,46,2,2,0,26,2,127,180,3,0,344.23634518484954,buyer,BUY-10919,reliable,1
1.0,0.0,1.0,0.0,0.05,3,3,0,3,0,0,0,1,0,7,10,0,0,159.35935471325232,buyer,BUY-10920,occasional_reliable,1
0.9088757167942423,0.3145994715191309,1.0,0.09112428320575772,0.4,16,15,1,15,0,4,1,8,0,43,62,0,0,352.06897181988427,buyer,BUY-10921,frequent_returner,0
0.41628411286857364,0.0,1.0,0.5837158871314263,0.1,26,12,14,12,0,1,0,2,0,41,68,2,1,354.0336688302546,buyer,BUY-10922,frequent_canceller,0
1.0,0.0,0.4577290844137674,0.0,0.05,11,11,0,11,4,4,0,1,0,27,42,1,0,291.2705291341782,buyer,BUY-10923,poor_payment,0
0.4365955546031146,0.0,0.702152860412549,0.5634044453968854,0.05,21,12,9,12,1,0,0,1,0,34,55,4,3,336.76062061403934,buyer,BUY-10924,mixed,0
0.9292806292972218,0.0,1.0,0.07071937070277823,1.0,43,40,3,40,0,2,0,27,0,112,157,1,0,356.07252889157405,buyer,BUY-10925,reliable,1
0.7623176255950852,0.0,0.6943112271143469,0.2376823744049149,0.2,9,6,3,6,1,0,0,2,1,18,27,0,0,310.0178474723611,buyer,BUY-10926,occasional_reliable,1
0.7560475757672968,0.46224027668613554,0.9633074642494374,0.24395242423270325,0.55,34,27,7,27,1,6,3,9,1,77,114,1,0,347.71713406989585,buyer,BUY-10927,frequent_returner,0
0.2314683765274588,0.0,0.9512667417140793,0.7685316234725412,0.1,36,13,23,13,1,1,0,2,0,52,89,3,3,356.6419261397107,buyer,BUY-10928,frequent_canceller,0
0.891775840894163,1.0,0.681069199921633,0.10822415910583705,0.2,17,14,3,14,4,1,1,2,1,35,52,0,0,358.0231863464468,buyer,BUY-10929,poor_payment,0
0.7739756422401908,0.0,0.8245647567525433,0.22602435775980922,0.2,33,24,9,24,7,3,0,4,0,64,100,2,0,349.0896737337847,buyer,BUY-10930,mixed,0
0.9918598635267079,0.0,1.0,0.008140136473292148,1.0,25,24,1,24,0,0,0,18,2,69,94,1,0,362.81027980355327,buyer,BUY-10931,reliable,1
1.0,0.0,1.0,0.0,0.5,10,10,0,10,0,2,0,4,3,29,41,0,0,333.79655104615745,buyer,BUY-10932,occasional_reliable,1
0.9195282711852956,0.2929164031891287,0.8638345136128475,0.08047172881470444,0.85,37,35,2,35,4,15,4,17,0,104,152,5,1,350.4227274433449,buyer,BUY-10933,frequent_returner,0
0.4446410049559289,0.0,1.0,0.5553589950440712,0.1,28,12,16,12,0,1,0,2,0,43,72,5,3,345.26083249699076,buyer,BUY-10934,frequent_canceller,0
0.7927249780157275,0.0,0.18329995578343605,0.2072750219842724,0.05,14,12,2,12,8,2,0,1,0,29,45,0,0,359.5418215042361,buyer,BUY-10935,poor_payment,0
0.9463919767247491,0.681730387563079,0.869212025907713,0.05360802327525083,0.2,20,17,3,17,2,3,2,4,0,44,65,2,0,356.18276878763885,buyer,BUY-10936,mixed,0
0.9327576439209567,0.0,0.9933135590982881,0.06724235607904328,1.0,43,42,1,42,1,2,0,30,2,119,164,3,1,359.75499695747686,buyer,BUY-10937,reliable,1
0.9518503097104068,0.0,0.9749135935450998,0.04814969028959315,0.4,15,13,2,13,1,0,0,6,1,35,50,0,0,342.6517118293403,buyer,BUY-10938,occasional_reliable,1
0.9921011967154292,0.4696458551346977,0.918826861640844,0.007898803284571043,0.35,26,25,1,25,2,6,2,7,0,64,94,2,0,362.7580468859375,buyer,BUY-10939,frequent_returner,0
0.2648722435436697,0.0,0.8450403239572241,0.7351277564563303,0.0,18,5,13,5,2,0,0,0,0,23,41,1,0,359.8073040417824,buyer,BUY-10940,frequent_canceller,0
0.7152240025076227,0.0,0.38949684686042896,0.2847759974923776,0.25,24,18,6,18,13,1,0,3,1,47,72,1,0,342.023636260706,buyer,BUY-10941,poor_payment,0
0.705455851206262,0.0,0.6308733706770865,0.2945441487937376,0.35,31,20,11,20,6,2,0,5,1,59,92,6,1,362.70003308618055,buyer,BUY-10942,mixed,0
0.8623513004673,0.0,1.0,0.1376486995327001,0.8,22,19,3,19,0,1,0,14,1,57,80,2,1,335.8795385073727,buyer,BUY-10943,reliable,1
1.0,0.0,0.8852435602178007,0.0,0.2,9,9,0,9,1,0,0,4,0,22,31,1,0,349.05249530515044,buyer,BUY-10944,occasional_reliable,1
0.8624798102711155,0.2643086980349346,1.0,0.1375201897288847,0.45,35,29,6,29,0,15,3,5,2,86,133,1,1,362.3468657970486,buyer,BUY-10945,frequent_returner,0
0.39372511948493766,0.0,0.8512153259676928,0.6062748805150622,0.0,32,14,18,14,3,1,0,0,0,47,80,0,0,364.70134762723376,buyer,BUY-10946,frequent_canceller,0
0.9603037677175795,0.0,0.5940559514676399,0.039696232282420474,0.1,19,17,2,17,7,1,0,2,0,39,59,3,0,335.53314295913196,buyer,BUY-10947,poor_payment,0
0.3113612924338922,0.0,0.8683421143611066,0.6886387075661078,0.15,9,4,5,4,1,0,0,1,1,15,24,0,0,344.9227009515857,buyer,BUY-10948,mixed,1
0.922909509690334,0.0,0.9423077757519494,0.07709049030966597,1.0,40,37,3,37,2,0,0,21,2,100,140,6,0,361.1626342329167,buyer,BUY-10949,reliable,1
0.9358965225383512,0.06826354992379924,0.9603139159460197,0.06410347746164913,0.2,14,11,3,11,1,2,1,4,0,31,46,2,0,347.71730711028937,buyer,BUY-10950,occasional_reliable,1
0.7893122075590142,0.0,1.0,0.21068779244098534,0.4,28,23,5,23,0,9,0,8,0,68,105,3,1,339.71086208766206,buyer,BUY-10951,frequent_returner,0
0.5319831421714841,0.0,0.8016067886644034,0.4680168578285159,0.1,40,20,20,20,3,1,0,0,1,62,103,3,1,360.9369083264699,buyer,BUY-10952,frequent_canceller,0
0.8002991582860344,0.0,0.5137065895148191,0.19970084171396563,0.05,22,16,6,16,7,1,0,1,0,40,63,4,1,351.94066835447916,buyer,BUY-10953,poor_payment,0
0.8468464632154816,1.0,0.7092514689239799,0.15315353678451826,0.5,30,23,7,23,6,1,1,8,1,63,93,3,0,355.8876542100347,buyer,BUY-10954,mixed,0
0.9907955048457093,0.0,1.0,0.00920449515429067,1.0,44,43,1,43,0,1,0,25,2,115,160,5,0,360.587778298125,buyer,BUY-10955,reliable,1
0.8429887026312646,0.0,1.0,0.15701129736873543,0.3,7,6,1,6,0,1,0,4,1,19,27,2,0,351.9894161941088,buyer,BUY-10956,occasional_reliable,1
0.7823924623065192,0.1955089935430816,0.9446416868670514,0.21760753769348073,0.15,17,14,3,14,2,6,1,3,0,40,62,0,0,360.3319786636458,buyer,BUY-10957,frequent_returner,0
0.5673739520998536,0.0,0.8671197397850643,0.43262604790014636,0.05,25,14,11,14,2,1,0,1,0,41,67,2,2,345.07113626293983,buyer,BUY-10958,frequent_canceller,0
0.9669711053845828,0.0,0.38657635378709027,0.03302889461541725,0.25,22,21,1,21,10,3,0,5,0,51,76,3,0,351.65487814822916,buyer,BUY-10959,poor_payment,0
0.6761475824055236,0.0,0.7793086772099889,0.32385241759447636,0.25,34,21,13,21,4,2,0,5,0,62,98,1,0,362.0751297291435,buyer,BUY-10960,mixed,0
0.8280188674703057,0.0,0.9933917313447103,0.17198113252969405,1.0,36,31,5,31,1,5,0,21,2,95,136,3,0,355.5217530012037,buyer,BUY-10961,reliable,1
1.0,0.0,1.0,0.0,0.25,6,6,0,6,0,0,0,3,1,16,22,2,0,324.3099916940162,buyer,BUY-10962,occasional_reliable,1
0.9644708490320479,0.07974078514393024,0.8868282057922813,0.03552915096795195,0.3,16,14,2,14,1,7,2,6,0,43,64,0,0,344.49658194994214,buyer,BUY-10963,frequent_returner,0
0.5905128330819183,0.0,0.8223677129235945,0.40948716691808196,0.05,25,12,13,12,1,0,0,1,0,38,63,5,2,361.21528759440974,buyer,BUY-10964,frequent_canceller,0
0.7795273881040659,0.0,0.5279358973191122,0.22047261189593437,0.25,29,21,8,21,8,2,0,3,1,56,87,2,0,362.37666562164355,buyer,BUY-10965,poor_payment,0
0.528229247858458,0.0,0.8617997100284106,0.47177075214154185,0.2,26,15,11,15,3,4,0,4,0,49,79,1,0,335.7353717801852,buyer,BUY-10966,mixed,1
0.9594262448882807,0.0,1.0,0.040573755111719345,0.8,29,28,1,28,0,2,0,16,0,75,106,2,0,364.80545048125003,buyer,BUY-10967,reliable,1
0.7413084427963154,0.0,1.0,0.25869155720368453,0.25,13,10,3,10,0,0,0,5,0,28,41,1,0,353.38880007384256,buyer,BUY-10968,occasional_reliable,1
0.8842084837779968,0.6865003430994189,0.86057945903015,0.11579151622200334,0.15,17,15,2,15,2,2,1,3,0,37,55,3,0,354.3459979281019,buyer,BUY-10969,frequent_returner,0
0.43072176910047505,0.0,0.9607979586390178,0.5692782308995249,0.25,29,14,15,14,1,1,0,5,0,49,79,3,2,348.2123285846181,buyer,BUY-10970,frequent_canceller,0
0.874974899796333,0.0,0.6105488736695358,0.12502510020366708,0.3,19,18,1,18,6,3,0,4,1,45,67,3,1,364.7019054139236,buyer,BUY-10971,poor_payment,0
0.5156194729783882,0.0,0.5488538491364524,0.48438052702161183,0.2,16,11,5,11,4,3,0,4,0,34,53,1,1,364.07941311190973,buyer,BUY-10972,mixed,0
0.9072019224046532,0.0,0.9733938638441395,0.09279807759534653,1.0,50,47,3,47,1,1,0,31,2,131,182,6,1,363.33738186175924,buyer,BUY-10973,reliable,1
0.914211667814223,0.0,0.9560188391365235,0.08578833218577697,0.25,15,13,2,13,1,0,0,5,0,33,48,1,0,342.16937735994213,buyer,BUY-10974,occasional_reliable,1
0.870714764314914,0.0,1.0,0.12928523568508588,0.2,22,21,1,21,0,4,0,4,0,51,77,3,1,328.37311624631946,buyer,BUY-10975,frequent_returner,0
0.5376366032652983,0.0,0.9739103045640402,0.46236339673470184,0.05,40,21,19,21,1,0,0,1,0,62,102,6,3,355.4103433294676,buyer,BUY-10976,frequent_canceller,0
0.9695776451677571,0.0,0.5829975266731211,0.03042235483224298,0.05,25,23,2,23,11,3,0,1,0,52,80,2,0,350.75577811997687,buyer,BUY-10977,poor_payment,0
0.6045480719961457,0.0,0.5828934272547144,0.3954519280038543,0.15,22,13,9,13,4,2,0,3,0,40,64,3,1,357.16482954391205,buyer,BUY-10978,mixed,1
0.9270340657819798,0.0,0.8912671800056278,0.07296593421802045,1.0,50,48,2,48,2,1,0,26,3,128,179,3,0,352.6944344922685,buyer,BUY-10979,reliable,1
0.9712125622937964,0.0,0.8820393212207323,0.02878743770620351,0.35,12,11,1,11,2,0,0,7,0,30,42,0,0,348.14057266298613,buyer,BUY-10980,occasional_reliable,1
0.9199829498270589,0.3744592495073912,0.9566913928076564,0.08001705017294125,0.45,16,15,1,15,1,6,2,9,0,46,66,0,0,341.39791974182873,buyer,BUY-10981,frequent_returner,0
0.49400403817991795,0.0,0.9031476352462328,0.505995961820082,0.05,38,18,20,18,1,2,0,1,0,59,99,3,0,346.2981634035879,buyer,BUY-10982,frequent_canceller,0
0.9484270240167331,0.0,0.3735417836799326,0.05157297598326693,0.1,21,19,2,19,13,1,0,2,0,43,65,0,0,363.9084966720602,buyer,BUY-10983,poor_payment,0
0.6921932472903565,0.0,0.925773135477656,0.3078067527096431,0.4,31,21,10,21,2,3,0,8,0,63,97,3,0,353.1192264208102,buyer,BUY-10984,mixed,1
0.8814448853541661,0.0,1.0,0.11855511464583413,1.0,53,49,4,49,0,2,0,26,1,131,186,5,1,361.85391039120367,buyer,BUY-10985,reliable,1
0.9753293958556868,0.0,0.8940969057092135,0.024670604144313213,0.1,9,8,1,8,1,0,0,2,0,19,28,2,0,306.8067490228935,buyer,BUY-10986,occasional_reliable,1
1.0,0.17252618561256672,0.9621573975175027,0.0,0.15,15,15,0,15,1,4,1,3,0,37,55,1,0,348.8493426527315,buyer,BUY-10987,frequent_returner,0
0.5871337716097327,0.0,0.7180280085791033,0.4128662283902673,0.2,32,15,17,15,5,0,0,2,1,50,82,1,0,361.00948250385414,buyer,BUY-10988,frequent_canceller,0
0.7765893448832809,0.0,0.6653987377563441,0.2234106551167191,0.2,18,15,3,15,6,0,0,4,0,37,55,0,0,322.14468992075234,buyer,BUY-10989,poor_payment,0
0.6240084790874146,0.17287659652373,0.8834659645005376,0.3759915209125855,0.2,21,15,6,15,3,5,1,4,0,45,70,3,1,317.1208596539815,buyer,BUY-10990,mixed,1
0.8881438736240919,0.0,1.0,0.11185612637590814,0.6,27,26,1,26,0,2,0,12,0,67,96,1,1,350.90829491031246,buyer,BUY-10991,reliable,1
0.7788800499651792,0.0,0.9556403868427852,0.22111995003482066,0.4,15,12,3,12,1,0,0,4,2,33,48,3,1,351.0105483198148,buyer,BUY-10992,occasional_reliable,1
0.9497854237619651,0.371133990570207,1.0,0.050214576238034825,0.5,26,24,2,24,0,7,2,8,1,66,97,3,0,363.32781695422455,buyer,BUY-10993,frequent_returner,0
0.4803380681041068,0.0,0.8573291494475163,0.5196619318958929,0.1,38,16,22,16,3,0,0,0,1,55,93,2,0,353.71934137940974,buyer,BUY-10994,frequent_canceller,0
0.6179877559040617,0.0,0.5814290948494137,0.38201224409593804,0.05,18,11,7,11,3,0,0,1,0,30,48,1,0,317.33184531820604,buyer,BUY-10995,poor_payment,0
0.5975156521683687,0.0,0.7717553552285709,0.40248434783163145,0.25,27,16,11,16,4,0,0,5,0,48,75,5,2,360.20429575375,buyer,BUY-10996,mixed,0
0.9787216295458167,0.0,1.0,0.02127837045418357,1.0,48,47,1,47,0,1,0,29,1,126,175,3,0,360.80470373409725,buyer,BUY-10997,reliable,1
0.8174548149026301,0.0,0.8758587391316962,0.18254518509737017,0.2,9,7,2,7,2,0,0,4,0,20,29,0,0,337.5953070322569,buyer,BUY-10998,occasional_reliable,1
0.8682498950045197,0.028146561577900964,0.9768711281283421,0.13175010499548012,0.3,25,22,3,22,1,9,1,6,0,62,95,3,0,359.19710902288193,buyer,BUY-10999,frequent_returner,0
0.6786560925443265,0.0,0.8927121124055263,0.32134390745567387,0.0,15,8,7,8,1,0,0,0,0,23,38,2,0,323.1522285723148,buyer,BUY-11000,frequent_canceller,0
0.7251149141494081,0.0,0.5659765352206642,0.2748850858505919,0.1,20,16,4,16,10,2,0,2,0,40,62,1,0,360.2261430474421,buyer,BUY-11001,poor_payment,0
0.591066410513017,0.0,0.611712942591041,0.4089335894869829,0.15,15,9,6,9,3,2,0,1,1,28,45,2,1,342.2238143034375,buyer,BUY-11002,mixed,0
1.0,0.0,0.9496224731783182,0.0,1.0,37,37,0,37,1,4,0,21,0,99,140,6,0,318.79839779373845,buyer,BUY-11003,reliable,1
1.0,0.0,1.0,0.0,0.15,3,3,0,3,0,0,0,1,1,8,11,0,0,147.53251623457177,buyer,BUY-11004,occasional_reliable,1
0.8942116569753197,0.41056754735322853,0.8776198034316494,0.10578834302468021,0.6,28,25,3,25,1,6,2,10,1,70,102,3,0,356.58218625576393,buyer,BUY-11005,frequent_returner,0
0.17265723682924164,0.0,0.8577100357229133,0.8273427631707584,0.0,14,4,10,4,1,1,0,0,0,19,34,2,2,321.2955528672801,buyer,BUY-11006,frequent_canceller,0
0.7764766277455186,0.0,0.43288586114640765,0.22352337225448127,0.25,24,16,8,16,7,0,0,1,2,43,67,4,1,364.0763126009259,buyer,BUY-11007,poor_payment,0
0.6625647552999547,0.0,0.798370806380113,0.33743524470004527,0.15,23,15,8,15,3,4,0,3,0,45,72,2,1,351.89624294907406,buyer,BUY-11008,mixed,1
1.0,0.0,1.0,0.0,1.0,39,39,0,39,0,0,0,20,2,100,139,3,0,349.0945486242593,buyer,BUY-11009,reliable,1
1.0,0.0,1.0,0.0,0.1,6,6,0,6,0,0,0,2,0,14,20,0,0,343.1881148172454,buyer,BUY-11010,occasional_reliable,1
0.7840930173680383,0.0,0.8161711639175042,0.21590698263196173,0.45,22,18,4,18,2,5,0,7,1,53,80,3,1,356.97490929309026,buyer,BUY-11011,frequent_returner,0
0.39416941203286077,0.0,0.9022168473457232,0.6058305879671393,0.05,30,13,17,13,2,1,0,1,0,45,76,2,2,363.8342371443982,buyer,BUY-11012,frequent_canceller,0
0.8898866695553055,0.30139225275758097,0.674974846797815,0.11011333044469462,0.1,27,22,5,22,7,2,1,2,0,53,81,1,0,361.35947908553237,buyer,BUY-11013,poor_payment,0
0.583284015607916,0.0,0.35386175372022516,0.4167159843920841,0.15,12,7,5,7,3,1,0,3,0,23,36,0,0,325.4386437284838,buyer,BUY-11014,mixed,0
0.9633771151308099,0.0,0.922764085026519,0.036622884869189964,0.9,31,29,2,29,2,1,0,16,1,78,110,2,0,359.357251608125,buyer,BUY-11015,reliable,1
1.0,0.0,1.0,0.0,0.0,3,3,0,3,0,0,0,0,0,6,9,0,0,256.86843926806716,buyer,BUY-11016,occasional_reliable,1
0.7994577242677016,0.05549021110598429,0.8939471122657797,0.20054227573229821,0.35,35,31,4,31,2,18,3,7,0,91,141,4,1,361.66783433357637,buyer,BUY-11017,frequent_returner,0
0.4956571608826943,0.0,0.88631401860087,0.5043428391173056,0.15,37,19,18,19,2,1,0,1,1,59,97,5,5,361.4218680897685,buyer,BUY-11018,frequent_canceller,0
0.8098980056242813,0.0,0.6843198412938699,0.19010199437571917,0.35,30,24,6,24,9,1,0,5,1,61,92,3,1,364.8269114613079,buyer,BUY-11019,poor_payment,0
0.7018825361741025,0.0,1.0,0.29811746382589754,0.25,15,10,5,10,0,2,0,1,2,30,47,1,0,352.6898027489583,buyer,BUY-11020,mixed,1
0.9250602671029698,0.7565707968329427,0.8873894075514523,0.07493973289703015,1.0,52,49,3,49,4,2,1,26,2,131,184,5,0,358.5892358830903,buyer,BUY-11021,reliable,1
0.6607624334145965,0.0,1.0,0.3392375665854035,0.1,8,5,3,5,0,1,0,2,0,16,25,0,0,292.6261607946875,buyer,BUY-11022,occasional_reliable,1
0.7749233032329994,0.2788940021572929,0.9132933459326789,0.22507669676700026,0.35,35,28,7,28,1,9,5,7,0,79,118,4,1,354.29018268340275,buyer,BUY-11023,frequent_returner,0
0.34169380281393597,0.0,0.9027607505982665,0.658306197186064,0.0,24,8,16,8,2,1,0,0,0,33,58,3,2,363.48075286261576,buyer,BUY-11024,frequent_canceller,0
0.5885413414876184,0.0,0.8296411950385607,0.4114586585123816,0.05,16,11,5,11,3,0,0,1,0,28,44,0,0,363.64022426755787,buyer,BUY-11025,poor_payment,0
0.6436606939167029,0.0,0.8111673516889438,0.356339306083297,0.25,20,14,6,14,3,2,0,3,1,40,62,3,2,355.2354948127199,buyer,BUY-11026,mixed,0
0.9828902436812887,0.0,1.0,0.017109756318711367,1.0,39,37,2,37,0,2,0,19,1,98,139,2,0,359.3814874873727,buyer,BUY-11027,reliable,1
1.0,0.0,0.8463057753602952,0.0,0.1,3,3,0,3,1,0,0,2,0,8,11,0,0,299.06778120449076,buyer,BUY-11028,occasional_reliable,1
0.8773075006479883,0.30974604035676356,1.0,0.12269249935201165,0.45,28,25,3,25,0,9,3,9,0,71,105,3,1,327.73651639673614,buyer,BUY-11029,frequent_returner,0
0.3782798433413604,0.0,0.9315895052481121,0.6217201566586394,0.05,38,15,23,15,2,2,0,1,0,56,96,3,2,364.7780735659375,buyer,BUY-11030,frequent_canceller,0
0.7536544962282005,0.0,0.5672132805536381,0.24634550377179942,0.1,17,14,3,14,6,0,0,2,0,33,50,1,1,357.2796792986343,buyer,BUY-11031,poor_payment,0
0.7715271529437884,0.0,0.7777450386070652,0.22847284705621163,0.2,28,22,6,22,6,2,0,4,0,56,86,2,0,364.76907929894674,buyer,BUY-11032,mixed,0
0.9442906361134219,0.0,1.0,0.0557093638865781,0.75,27,26,1,26,0,2,0,13,1,69,98,1,0,355.260564564537,buyer,BUY-11033,reliable,1
0.9773573444555864,0.0,1.0,0.02264265554441358,0.05,6,5,1,5,0,1,0,1,0,13,20,2,0,334.9106371021181,buyer,BUY-11034,occasional_reliable,1
1.0,0.27371620778151473,0.9567003809751862,0.0,0.25,23,23,0,23,1,6,1,5,0,57,85,3,0,329.8912438730556,buyer,BUY-11035,frequent_returner,0
0.32422515777374517,0.0,0.6430407885239597,0.6757748422262548,0.0,22,8,14,8,3,0,0,0,0,30,52,1,1,356.7183903848611,buyer,BUY-11036,frequent_canceller,0
0.9020586437222133,0.0,0.49413337869894897,0.09794135627778688,0.25,29,26,3,26,10,1,0,5,0,61,91,1,0,356.78302819158563,buyer,BUY-11037,poor_payment,0
0.7009342599432619,0.0,0.8675306002985483,0.29906574005673825,0.3,21,17,4,17,2,3,0,6,0,47,71,1,0,354.4631626337269,buyer,BUY-11038,mixed,1
1.0,0.0,1.0,0.0,1.0,39,39,0,39,0,0,0,27,2,107,146,1,0,361.5955804784375,buyer,BUY-11039,reliable,1
0.6577054762257442,0.0,1.0,0.34229452377425573,0.25,12,9,3,9,0,0,0,5,0,26,38,3,1,343.9796901803009,buyer,BUY-11040,occasional_reliable,1
1.0,0.6039385867190767,1.0,0.0,0.25,17,17,0,17,0,6,1,5,0,45,67,3,0,308.8431462634838,buyer,BUY-11041,frequent_returner,0
0.41728813543501714,0.0,0.7831219351821505,0.5827118645649827,0.1,30,14,16,14,2,1,0,0,1,46,77,3,2,364.27947161152775,buyer,BUY-11042,frequent_canceller,0
0.7008351124581627,0.0,0.4720709979503979,0.29916488754183723,0.15,26,18,8,18,9,1,0,3,0,48,75,2,0,330.5107878897222,buyer,BUY-11043,poor_payment,0
0.7702195852220258,0.0,0.7033098099755023,0.22978041477797417,0.3,23,18,5,18,4,2,0,6,0,49,74,2,1,358.09350051988423,buyer,BUY-11044,mixed,0
1.0,0.0,0.9941196347873168,0.0,0.95,39,39,0,39,1,4,0,19,0,101,144,2,0,350.0798956253356,buyer,BUY-11045,reliable,1
0.9570145359064111,0.0,1.0,0.04298546409358894,0.35,13,12,1,12,0,0,0,7,0,32,45,1,0,337.0271826156366,buyer,BUY-11046,occasional_reliable,1
0.9468960096439321,0.30992613396458757,1.0,0.05310399035606794,0.7,37,35,2,35,0,14,3,14,0,100,148,2,0,362.9871125684028,buyer,BUY-11047,frequent_returner,0
0.5323009728868531,0.0,0.8593855899568327,0.4676990271131466,0.05,38,19,19,19,1,0,0,1,0,58,96,1,0,363.3232432828241,buyer,BUY-11048,frequent_canceller,0
0.6756206633999747,0.0,0.8197162651333273,0.32437933660002527,0.1,14,10,4,10,2,1,0,2,0,27,42,0,0,341.87102221400465,buyer,BUY-11049,poor_payment,0
0.685146060252723,0.0,0.8244264321099599,0.31485393974727716,0.2,27,18,9,18,3,3,0,4,0,52,82,1,0,355.78852862545136,buyer,BUY-11050,mixed,1
0.9839050752822466,0.0,0.9416873505362144,0.016094924717753534,1.0,49,46,3,46,2,5,0,28,4,132,186,2,0,364.4431173289699,buyer,BUY-11051,reliable,1
0.9361806932137349,0.0,1.0,0.06381930678626502,0.25,15,14,1,14,0,1,0,5,0,35,51,1,0,291.9457704320023,buyer,BUY-11052,occasional_reliable,1
0.8953187563920173,0.0,0.8874166943965887,0.10468124360798248,0.7,38,35,3,35,2,12,0,14,0,99,149,0,0,363.9461068670833,buyer,BUY-11053,frequent_returner,0
0.3681160412387704,0.0,0.7893082231940196,0.6318839587612297,0.1,35,15,20,15,2,0,0,2,0,52,87,1,1,359.6483357580093,buyer,BUY-11054,frequent_canceller,0
0.7725503689355232,0.0,0.5815546230416723,0.2274496310644768,0.35,25,20,5,20,9,3,0,5,1,54,82,2,0,363.4765593527083,buyer,BUY-11055,poor_payment,0
0.7178081788125489,0.0,0.8491690687036232,0.2821918211874511,0.25,24,17,7,17,1,6,0,3,1,51,81,3,1,359.63327579909725,buyer,BUY-11056,mixed,0
0.970487970931374,0.0,1.0,0.029512029068626267,1.0,54,51,3,51,0,2,0,26,1,134,190,7,0,363.4860430175463,buyer,BUY-11057,reliable,1
0.5209094186579708,0.0,1.0,0.4790905813420293,0.05,3,2,1,2,0,0,0,1,0,6,9,2,1,359.7047748955903,buyer,BUY-11058,occasional_reliable,1
0.9561369877258262,0.11097222788074046,1.0,0.043863012274173774,0.35,28,27,1,27,0,10,2,7,0,72,108,0,0,362.374434823588,buyer,BUY-11059,frequent_returner,0
0.4437083732567716,0.0,0.7837860066069344,0.5562916267432283,0.1,37,18,19,18,4,3,0,2,0,60,100,4,2,364.12206681744215,buyer,BUY-11060,frequent_canceller,0
0.8752602263627559,0.0,0.7057788302026147,0.12473977363724409,0.05,25,20,5,20,6,0,0,1,0,46,71,2,0,338.65790803131944,buyer,BUY-11061,poor_payment,0
0.5833275356342,0.0,0.7081253045396342,0.41667246436579997,0.1,25,15,10,15,4,4,0,2,0,46,75,3,2,345.67555226129633,buyer,BUY-11062,mixed,0
0.9214208580154575,0.0,1.0,0.07857914198454252,1.0,35,33,2,33,0,1,0,21,2,92,128,6,1,355.06206806773145,buyer,BUY-11063,reliable,1
0.8374925667709654,0.0,1.0,0.1625074332290346,0.25,10,9,1,9,0,0,0,3,1,23,33,1,0,315.6845763873148,buyer,BUY-11064,occasional_reliable,1
1.0,0.07357507381546302,1.0,0.0,0.35,15,15,0,15,0,6,1,7,0,43,63,1,0,354.5008874095949,buyer,BUY-11065,frequent_returner,0
0.32715767898387477,0.0,0.8912664909460952,0.6728423210161254,0.0,17,5,12,5,1,0,0,0,0,22,39,4,2,263.16881468186347,buyer,BUY-11066,frequent_canceller,0
0.7820547702172899,0.0,0.6019084067139873,0.2179452297827098,0.2,25,20,5,20,7,0,0,4,0,49,74,4,2,361.67784751714123,buyer,BUY-11067,poor_payment,0
0.7014865662529838,1.0,0.601215750068731,0.2985134337470162,0.15,15,12,3,12,4,1,1,3,0,31,46,1,1,347.20606290513894,buyer,BUY-11068,mixed,0
0.9192784976883185,0.0,0.9764912055565537,0.08072150231168151,1.0,49,46,3,46,1,2,0,28,1,126,177,2,0,362.3892486877546,buyer,BUY-11069,reliable,1
1.0,0.0,1.0,0.0,0.2,8,8,0,8,0,1,0,4,0,21,30,1,0,336.06592262376154,buyer,BUY-11070,occasional_reliable,1
0.8233044088747733,0.23446509959975947,0.9160158506306804,0.1766955911252267,0.45,39,33,6,33,3,8,2,9,0,89,134,3,1,364.0937401840741,buyer,BUY-11071,frequent_returner,0
0.25543204180317775,0.0,0.6139809925693773,0.7445679581968223,0.0,40,12,28,12,5,0,0,0,0,52,92,7,7,364.45178078761575,buyer,BUY-11072,frequent_canceller,0
0.7772393670266354,0.0,0.4479162983655027,0.22276063297336446,0.05,20,16,4,16,8,0,0,1,0,37,57,0,0,364.9531028427662,buyer,BUY-11073,poor_payment,0
0.8326766310480116,0.0,0.637864854311618,0.16732336895198852,0.3,32,26,6,26,7,4,0,6,0,68,104,6,0,353.48456578016203,buyer,BUY-11074,mixed,1
0.9526352973863541,0.0,1.0,0.04736470261364589,1.0,37,33,4,33,0,1,0,19,3,93,131,3,0,358.0981011529861,buyer,BUY-11075,reliable,1
0.7363519627405241,0.0,1.0,0.26364803725947616,0.15,11,9,2,9,0,0,0,3,0,23,34,1,1,359.497450242419,buyer,BUY-11076,occasional_reliable,1
0.9403430607126775,0.0,1.0,0.05965693928732252,0.5,29,27,2,27,0,5,0,10,0,71,105,1,0,356.00827998195604,buyer,BUY-11077,frequent_returner,0
0.46452882993977007,0.0,1.0,0.5354711700602299,0.15,17,8,9,8,0,0,0,1,1,27,44,2,1,337.4879865093171,buyer,BUY-11078,frequent_canceller,0
0.6997085400195,0.0,0.4411240710677023,0.3002914599805,0.35,28,21,7,21,14,1,0,5,1,56,85,1,1,364.9152448034838,buyer,BUY-11079,poor_payment,0
0.6729572851338878,0.0,0.44040439460095554,0.32704271486611247,0.25,25,15,10,15,7,4,0,5,0,49,78,3,0,361.0755966002199,buyer,BUY-11080,mixed,0
0.9833636600872546,0.0,0.9399792881719395,0.016636339912745268,1.0,58,57,1,57,3,4,0,32,0,151,213,6,0,361.0072016628241,buyer,BUY-11081,reliable,1
0.9721334637265936,0.0,1.0,0.027866536273406406,0.15,9,8,1,8,0,0,0,1,1,19,28,0,0,360.2035007334954,buyer,BUY-11082,occasional_reliable,1
0.8358411823435082,0.026692111304941757,0.9509612329961769,0.16415881765649198,0.65,39,33,6,33,2,10,1,11,1,94,142,6,1,364.02086861371527,buyer,BUY-11083,frequent_returner,0
0.3590694671067795,0.0,1.0,0.6409305328932204,0.05,23,8,15,8,0,0,0,1,0,32,55,1,0,332.90617737462964,buyer,BUY-11084,frequent_canceller,0
0.6095851087917561,0.0,0.8026661184960846,0.3904148912082438,0.1,18,10,8,10,2,1,0,2,0,31,50,0,0,362.2841768190394,buyer,BUY-11085,poor_payment,0
0.7228358631710633,0.0,0.8499621220710604,0.27716413682893637,0.4,34,25,9,25,4,2,0,6,1,68,104,1,1,362.26647118255784,buyer,BUY-11086,mixed,0
0.9258257056520914,0.0,0.9845329257391519,0.07417429434790856,1.0,56,51,5,51,2,2,0,35,1,145,203,8,0,362.89341443050927,buyer,BUY-11087,reliable,1
0.9697500455994574,0.0,0.7174359874191804,0.030249954400542567,0.25,9,8,1,8,1,0,0,3,1,21,30,2,0,358.9837947467477,buyer,BUY-11088,occasional_reliable,1
0.982223647457194,0.03455069791722154,1.0,0.017776352542805962,0.25,19,18,1,18,0,7,1,5,0,49,74,0,0,333.1509779141204,buyer,BUY-11089,frequent_returner,0
0.47884004263377605,0.0,0.9144024679304452,0.521159957366224,0.1,35,17,18,17,1,1,0,2,0,55,91,2,2,357.3616877981481,buyer,BUY-11090,frequent_canceller,0
0.6263740210025845,0.0,0.46386078002258874,0.37362597899741534,0.1,24,17,7,17,11,2,0,2,0,45,71,0,0,349.8482156579167,buyer,BUY-11091,poor_payment,0
0.5325840925556032,0.41940692321627104,0.6350666725820164,0.46741590744439676,0.15,19,11,8,11,4,3,1,3,0,36,57,1,1,290.5994550020023,buyer,BUY-11092,mixed,0
0.9874863141393213,0.0,0.9801093557182939,0.012513685860678692,1.0,51,49,2,49,1,1,0,25,2,128,180,5,0,353.3446052703819,buyer,BUY-11093,reliable,1
0.9506007422626633,0.0,1.0,0.04939925773733633,0.25,15,14,1,14,0,0,0,5,0,34,49,2,0,360.6789797722338,buyer,BUY-11094,occasional_reliable,1
0.9304118759997712,0.5530446170857304,1.0,0.06958812400022896,0.5,35,31,4,31,0,6,2,10,0,82,121,5,0,353.7344831036921,buyer,BUY-11095,frequent_returner,0
0.412093566633133,0.0,1.0,0.5879064333668669,0.05,23,10,13,10,0,0,0,1,0,34,57,1,1,359.62496750810186,buyer,BUY-11096,frequent_canceller,0
0.783624663706322,0.0,0.6876466142790549,0.2163753362936781,0.0,15,13,2,13,6,1,0,0,0,29,45,1,1,361.48188462792825,buyer,BUY-11097,poor_payment,0
0.8512131343386499,0.0,0.91834027117857,0.14878686566135002,0.2,16,14,2,14,2,0,0,4,0,34,50,0,0,303.1386280177315,buyer,BUY-11098,mixed,1
0.8957112376578839,0.0,1.0,0.10428876234211581,1.0,49,44,5,44,0,2,0,28,0,123,174,6,1,362.3144102925232,buyer,BUY-11099,reliable,1
0.965022750463455,0.0,0.8542084170449782,0.03497724953654502,0.2,14,12,2,12,1,1,0,4,0,31,46,0,0,358.83536267096065,buyer,BUY-11100,occasional_reliable,1
0.9754807482264629,0.06892234742861614,1.0,0.024519251773537087,0.2,23,22,1,22,0,6,1,4,0,55,83,6,0,354.30513740925926,buyer,BUY-11101,frequent_returner,0
0.5728345284795259,0.0,0.8056748388657823,0.427165471520474,0.05,37,19,18,19,4,0,0,1,0,57,94,1,0,351.0801970551852,buyer,BUY-11102,frequent_canceller,0
0.9725617816377772,0.0,0.52866124410091,0.02743821836222282,0.2,10,9,1,9,4,0,0,2,1,22,32,1,0,347.10598843190974,buyer,BUY-11103,poor_payment,0
0.790936722690609,0.0,0.7637970117023856,0.20906327730939112,0.25,10,8,2,8,1,1,0,3,1,23,34,0,0,360.8899455213078,buyer,BUY-11104,mixed,1
0.9411812573980491,0.0,1.0,0.058818742601950635,1.0,44,42,2,42,0,2,0,23,1,112,158,4,0,352.99355785539353,buyer,BUY-11105,reliable,1
1.0,0.0,0.982147970716096,0.0,0.5,13,13,0,13,1,1,0,6,2,35,49,2,0,334.57486125973384,buyer,BUY-11106,occasional_reliable,1
0.9648005981477915,0.25341177643686885,0.9137605154961559,0.03519940185220849,0.25,24,22,2,22,2,5,2,5,0,56,83,1,0,355.58763708346066,buyer,BUY-11107,frequent_returner,0
0.5046322704876948,0.0,0.6290346614011743,0.49536772951230534,0.0,28,14,14,14,4,1,0,0,0,43,72,1,0,345.12821577285877,buyer,BUY-11108,frequent_canceller,0
0.978160583054489,0.0,0.5939094837375742,0.021839416945510948,0.0,15,14,1,14,5,2,0,0,0,31,48,1,0,307.53894862917826,buyer,BUY-11109,poor_payment,0
0.8685773832749213,0.0,0.6057011515130568,0.13142261672507882,0.25,21,16,5,16,6,5,0,5,0,47,73,3,0,354.14238455762734,buyer,BUY-11110,mixed,0
0.8703958600916752,0.0,0.9690038197183085,0.12960413990832476,0.65,25,22,3,22,1,1,0,13,0,61,87,3,1,362.38192840105324,buyer,BUY-11111,reliable,1
0.8961390219461679,0.0,1.0,0.10386097805383188,0.5,13,12,1,12,0,1,0,10,0,36,50,1,0,359.8956885063426,buyer,BUY-11112,occasional_reliable,1
0.9083756222645519,0.30791125878679604,0.8135657427532509,0.09162437773544807,0.25,16,15,1,15,3,4,1,3,1,39,58,2,0,352.22622223480323,buyer,BUY-11113,frequent_returner,0
0.6064713113432862,0.0,0.6893370990554023,0.39352868865671375,0.1,40,20,20,20,4,0,0,2,0,62,102,3,1,359.6649277886111,buyer,BUY-11114,frequent_canceller,0
0.9369775687597522,0.0,0.49488160194673575,0.06302243124024776,0.1,30,26,4,26,15,5,0,2,0,63,98,2,0,354.21729005652776,buyer,BUY-11115,poor_payment,0
0.6889512749265563,0.0,0.6748780556101176,0.3110487250734435,0.35,29,22,7,22,7,3,0,7,0,61,93,0,0,341.6499692111921,buyer,BUY-11116,mixed,0
0.9849262962649266,0.0,0.9442182986003878,0.015073703735073551,1.0,42,40,2,40,1,0,0,27,0,109,151,2,0,363.1751951916435,buyer,BUY-11117,reliable,1
1.0,0.0,1.0,0.0,0.1,5,5,0,5,0,0,0,2,0,12,17,0,0,324.70624641059027,buyer,BUY-11118,occasional_reliable,1
0.9584427284632303,0.19389970592773897,0.9789203923580099,0.0415572715367698,0.3,22,20,2,20,1,7,1,6,0,55,83,3,0,349.3629697811458,buyer,BUY-11119,frequent_returner,0
0.5307290951019331,0.0,0.7626657999856664,0.4692709048980669,0.15,25,13,12,13,3,0,0,3,0,41,66,2,0,352.70878645623844,buyer,BUY-11120,frequent_canceller,0
0.7957954475973514,0.0,0.5525583234169701,0.20420455240264856,0.15,24,17,7,17,8,1,0,3,0,45,70,2,1,346.9903462810648,buyer,BUY-11121,poor_payment,0
0.6845379829070707,0.0,0.7060851418035321,0.3154620170929294,0.3,20,13,7,13,3,2,0,6,0,41,63,2,1,361.93520444118053,buyer,BUY-11122,mixed,1
0.9496517100838382,0.0,0.9692916549631654,0.05034828991616169,1.0,53,50,3,50,1,4,0,32,2,141,198,6,0,364.39586700065973,buyer,BUY-11123,reliable,1
0.8473996782701589,0.0,0.9197187231444727,0.15260032172984062,0.2,11,10,1,10,1,1,0,4,0,26,38,1,0,314.1596092777199,buyer,BUY-11124,occasional_reliable,1
0.8768971994544139,0.4971735457140888,1.0,0.12310280054558631,0.55,40,35,5,35,0,13,5,11,0,99,147,2,0,362.12115567663193,buyer,BUY-11125,frequent_returner,0
0.15818303039729237,0.0,0.6819834804733916,0.8418169696027076,0.1,19,6,13,6,1,2,0,2,0,29,50,1,1,333.980287259375,buyer,BUY-11126,frequent_canceller,0
1.0,0.0,0.6065710488861898,0.0,0.25,12,12,0,12,5,1,0,3,1,29,42,0,0,210.23297033611112,buyer,BUY-11127,poor_payment,0
0.7676746843401872,0.0,0.5714125998950073,0.23232531565981274,0.15,22,16,6,16,7,4,0,3,0,45,71,4,0,361.7638797644097,buyer,BUY-11128,mixed,1
0.9653522012436762,0.0,1.0,0.03464779875632373,1.0,40,39,1,39,0,3,0,22,1,105,148,2,0,359.0415257647801,buyer,BUY-11129,reliable,1
1.0,0.0,1.0,0.0,0.05,6,6,0,6,0,0,0,1,0,13,19,0,0,292.57894799649307,buyer,BUY-11130,occasional_reliable,1
1.0,0.03235716381200171,0.9762629220606373,0.0,0.55,29,29,0,29,1,8,1,11,0,77,113,2,0,356.3879248715162,buyer,BUY-11131,frequent_returner,0
0.31839663844865695,0.0,1.0,0.681603361551343,0.1,14,5,9,5,0,0,0,0,1,20,34,1,1,308.63259576739586,buyer,BUY-11132,frequent_canceller,0
0.8886949331973979,0.0,0.7866567172450002,0.1113050668026021,0.05,10,9,1,9,4,2,0,1,0,22,34,0,0,340.3945656994676,buyer,BUY-11133,poor_payment,0
0.5909442262866065,0.0,0.5971540062537837,0.40905577371339397,0.05,20,13,7,13,3,3,0,1,0,37,60,0,0,364.22899294733793,buyer,BUY-11134,mixed,0
1.0,0.0,1.0,0.0,0.9,23,23,0,23,0,1,0,16,1,64,88,0,0,364.12324211059024,buyer,BUY-11135,reliable,1
0.806343549081036,0.0,0.9727704006742106,0.193656450918964,0.1,12,8,4,8,1,0,0,2,0,22,34,0,0,336.60519318939816,buyer,BUY-11136,occasional_reliable,1
0.9104974654736656,0.11994562437273804,0.9698492118108859,0.0895025345263345,0.45,39,36,3,36,2,13,2,9,0,97,147,3,1,359.47896873435184,buyer,BUY-11137,frequent_returner,0
0.2741077116899421,0.0,0.9464538522659844,0.725892288310058,0.1,21,9,12,9,1,0,0,2,0,32,53,0,0,300.6472251354861,buyer,BUY-11138,frequent_canceller,0
0.9192840883326795,0.0,0.469330559883202,0.08071591166732028,0.3,30,26,4,26,15,0,0,6,0,62,92,0,0,357.2479643416319,buyer,BUY-11139,poor_payment,0
0.6674917250423741,0.5278801821018813,0.5604940739198906,0.332508274957626,0.4,30,19,11,19,7,3,1,4,2,58,90,3,1,354.12169780859955,buyer,BUY-11140,mixed,0
0.9824476219390257,0.0,0.9649144234997826,0.017552378060974205,1.0,55,54,1,54,1,2,0,33,1,145,202,2,0,359.1194890729167,buyer,BUY-11141,reliable,1
1.0,0.0,0.8579015654996569,0.0,0.6,13,13,0,13,1,1,0,8,2,37,51,1,0,362.1841075677662,buyer,BUY-11142,occasional_reliable,1
0.8862305905446484,0.1329802847566538,1.0,0.11376940945535152,0.7,35,31,4,31,0,11,2,12,1,90,134,2,0,361.0930223766551,buyer,BUY-11143,frequent_returner,0
0.5023014047001112,0.0,0.9721039424525443,0.49769859529988847,0.1,32,18,14,18,1,0,0,2,0,52,84,5,3,330.5133589523611,buyer,BUY-11144,frequent_canceller,0
0.7203690273611283,0.0,0.6297684536814072,0.2796309726388716,0.15,23,19,4,19,8,0,0,3,0,45,68,0,0,362.0083914085301,buyer,BUY-11145,poor_payment,0
0.6810026939196807,0.0,0.9577564937917307,0.3189973060803193,0.35,26,18,8,18,2,6,0,5,1,56,88,3,1,361.24156477771993,buyer,BUY-11146,mixed,0
0.9660523565735178,0.0,0.9658007519686236,0.033947643426482155,1.0,28,27,1,27,1,1,0,16,3,75,104,0,0,364.9655647535648,buyer,BUY-11147,reliable,1
0.8841913674299257,0.0,1.0,0.11580863257007434,0.15,12,11,1,11,0,1,0,3,0,27,40,1,0,334.738931037419,buyer,BUY-11148,occasional_reliable,1
0.9258416140642949,0.4184641187583681,1.0,0.0741583859357049,0.25,18,17,1,17,0,4,1,5,0,44,65,1,0,364.2694723337616,buyer,BUY-11149,frequent_returner,0
0.49949453026510615,0.0,1.0,0.5005054697348938,0.05,12,6,6,6,0,0,0,1,0,19,31,1,0,300.61810190265044,buyer,BUY-11150,frequent_canceller,0
0.6678994203848454,0.0,0.5735429807399858,0.3321005796151547,0.0,11,9,2,9,3,0,0,0,0,20,31,0,0,323.6204636246991,buyer,BUY-11151,poor_payment,0
0.6309114737434204,0.0,0.9508746579772417,0.36908852625657973,0.4,27,18,9,18,2,1,0,6,1,53,81,1,1,362.73030689586807,buyer,BUY-11152,mixed,0
0.9917131523258231,0.0,1.0,0.008286847674176645,1.0,44,42,2,42,0,4,0,24,0,114,162,6,0,360.7112211714931,buyer,BUY-11153,reliable,1
0.8723733128120639,0.0,1.0,0.12762668718793613,0.2,12,10,2,10,0,1,0,4,0,27,40,1,0,338.7687920692361,buyer,BUY-11154,occasional_reliable,1
0.8534593953938174,0.19827633749460227,1.0,0.14654060460618257,0.5,28,22,6,22,0,8,2,10,0,68,102,1,0,352.3838088721759,buyer,BUY-11155,frequent_returner,0
0.5331651222926967,0.0,1.0,0.46683487770730336,0.0,16,8,8,8,0,1,0,0,0,25,42,2,1,312.2849822036574,buyer,BUY-11156,frequent_canceller,0
0.6968347113557455,0.0,0.18619152661155286,0.3031652886442544,0.05,14,9,5,9,5,1,0,1,0,25,40,2,0,336.98543029899304,buyer,BUY-11157,poor_payment,0
0.6750801584513466,0.0,0.7889095305883619,0.3249198415486534,0.4,25,18,7,18,4,2,0,6,1,52,79,5,3,338.434750724375,buyer,BUY-11158,mixed,0
0.9893742524771628,0.0,0.9612504185632668,0.01062574752283707,0.8,21,20,1,20,1,3,0,12,2,58,82,0,0,360.5886296060301,buyer,BUY-11159,reliable,1
0.7939901438357533,0.0,0.9146746392899338,0.20600985616424672,0.25,8,5,3,5,1,0,0,3,1,17,25,1,0,364.9295197246065,buyer,BUY-11160,occasional_reliable,1
0.9178434954812874,0.19557016052898768,0.9349322567036856,0.08215650451871259,0.35,24,21,3,21,1,10,3,5,1,61,92,3,0,249.58199689903935,buyer,BUY-11161,frequent_returner,0
0.5541383806728686,1.0,0.6179553696024886,0.44586161932713153,0.15,12,5,7,5,1,1,1,1,1,20,32,0,0,362.4834569479167,buyer,BUY-11162,frequent_canceller,0
0.7251192029654625,0.0,0.780991190185339,0.2748807970345374,0.15,25,21,4,21,5,3,0,1,1,51,79,1,1,361.657991489294,buyer,BUY-11163,poor_payment,0
0.9304795892221219,0.0,0.8251261317533198,0.06952041077787807,0.2,18,15,3,15,2,1,0,4,0,38,57,3,0,356.9701503244097,buyer,BUY-11164,mixed,0
0.8752634300366423,0.0,1.0,0.1247365699633578,0.6,36,32,4,32,0,0,0,12,0,80,116,2,0,363.5825896423264,buyer,BUY-11165,reliable,1
0.9300309743574167,0.0,1.0,0.06996902564258334,0.1,14,12,2,12,0,1,0,2,0,29,44,1,0,348.69497080600695,buyer,BUY-11166,occasional_reliable,1
0.8924327713159196,0.20070375112253924,0.9928148511458857,0.10756722868408042,0.5,33,29,4,29,1,7,2,10,0,79,117,1,0,350.16148344560185,buyer,BUY-11167,frequent_returner,0
0.5069631322661895,0.0,1.0,0.4930368677338105,0.05,37,17,20,17,0,1,0,1,0,56,94,4,2,364.3156350842477,buyer,BUY-11168,frequent_canceller,0
0.8191995748246715,0.0,0.7177767221163192,0.18080042517532857,0.1,30,24,6,24,11,2,0,2,0,58,90,2,0,362.35112416523145,buyer,BUY-11169,poor_payment,0
1.0,0.0,0.659367372066893,0.0,0.15,10,10,0,10,2,0,0,1,1,22,32,0,0,337.49868028997685,buyer,BUY-11170,mixed,0
0.9581564719720669,0.0,1.0,0.04184352802793312,1.0,45,42,3,42,0,3,0,21,1,112,160,3,0,340.6494972347685,buyer,BUY-11171,reliable,1
0.6889769127336807,0.0,1.0,0.3110230872663192,0.4,15,10,5,10,0,1,0,4,2,32,48,4,1,360.4327737153009,buyer,BUY-11172,occasional_reliable,1
0.9472591922944055,0.0,0.9861843214142355,0.05274080770559453,0.55,36,34,2,34,1,12,0,11,0,93,141,8,0,364.3828111198264,buyer,BUY-11173,frequent_returner,0
0.5717261981569318,0.0,0.9121171475535289,0.4282738018430683,0.1,20,10,10,10,1,0,0,2,0,32,52,1,0,327.15013113398146,buyer,BUY-11174,frequent_canceller,0
0.7460908724061491,0.0,0.8083389597987071,0.25390912759385087,0.1,19,13,6,13,4,1,0,2,0,35,55,2,0,358.4140216547454,buyer,BUY-11175,poor_payment,0
0.623248047936028,0.0,0.6838902699370634,0.37675195206397205,0.05,8,6,2,6,1,0,0,1,0,15,23,1,1,354.5308733892477,buyer,BUY-11176,mixed,0
0.9893802816079472,0.0,0.9617003815414676,0.010619718392053001,0.75,28,27,1,27,1,1,0,13,1,70,99,3,0,363.9047939488426,buyer,BUY-11177,reliable,1
0.7633538429895174,0.0,1.0,0.23664615701048275,0.0,5,4,1,4,0,1,0,0,0,10,16,0,0,264.2242363267824,buyer,BUY-11178,occasional_reliable,1
0.9722461745570008,0.17932173889163439,0.987379056002415,0.02775382544299898,0.55,25,24,1,24,1,7,2,11,0,67,97,2,0,353.296127558044,buyer,BUY-11179,frequent_returner,0
0.6404092409448425,0.0,1.0,0.3595907590551577,0.05,11,7,4,7,0,0,0,1,0,19,30,1,0,347.70987934736115,buyer,BUY-11180,frequent_canceller,0
0.8910759460728561,0.0,0.517090914412069,0.10892405392714388,0.05,24,21,3,21,10,3,0,1,0,49,76,3,0,342.6803760738541,buyer,BUY-11181,poor_payment,0
0.6596322018323889,0.0,0.8861260231580259,0.3403677981676111,0.45,29,19,10,19,3,2,0,7,1,58,89,1,1,344.96118225979166,buyer,BUY-11182,mixed,1
1.0,0.0,1.0,0.0,0.7,20,20,0,20,0,3,0,10,2,55,78,4,0,354.6360536576736,buyer,BUY-11183,reliable,1
0.8708248592292945,0.0,1.0,0.12917514077070547,0.1,8,6,2,6,0,1,0,2,0,17,26,0,0,360.09935532496525,buyer,BUY-11184,occasional_reliable,1
0.9790526511559678,0.06223857757944007,0.9152380889672503,0.020947348844032376,0.4,36,35,1,35,2,12,1,8,0,91,138,4,0,362.93702168361114,buyer,BUY-11185,frequent_returner,0
0.44849915375421695,0.0,1.0,0.5515008462457831,0.1,29,14,15,14,0,0,0,2,0,45,74,0,0,359.327021587037,buyer,BUY-11186,frequent_canceller,0
0.6645586268290563,0.0,0.667876032597672,0.3354413731709437,0.2,29,19,10,19,7,1,0,4,0,53,83,2,0,348.98829134695603,buyer,BUY-11187,poor_payment,0
0.7777376957127353,0.7329850451045217,0.9293766956010545,0.22226230428726457,0.25,22,17,5,17,2,2,1,5,0,46,69,3,0,358.63299734125,buyer,BUY-11188,mixed,0
0.930388783709881,0.0,1.0,0.06961121629011902,0.95,23,22,1,22,0,0,0,15,2,62,85,1,0,356.4751131511111,buyer,BUY-11189,reliable,1
0.9758259263822837,0.0,1.0,0.024174073617716174,0.15,7,6,1,6,0,2,0,3,0,18,27,1,0,364.75766414480324,buyer,BUY-11190,occasional_reliable,1
0.9147174677456186,0.0,0.9190013890218647,0.08528253225438143,0.55,30,27,3,27,4,9,0,9,1,76,115,0,0,356.01992052924766,buyer,BUY-11191,frequent_returner,0
0.26798532380469703,0.0,0.5837201679843854,0.732014676195303,0.0,10,2,8,2,1,0,0,0,0,12,22,1,1,305.7223417510301,buyer,BUY-11192,frequent_canceller,0
0.9677442987492997,0.0,0.4343900285799662,0.03225570125070032,0.2,19,18,1,18,8,1,0,2,1,41,61,2,0,357.449242567419,buyer,BUY-11193,poor_payment,0
0.6700926701882898,0.0,0.7151728946704933,0.3299073298117102,0.4,17,10,7,10,2,0,0,4,2,33,50,2,1,356.1593422691551,buyer,BUY-11194,mixed,0
0.9598230781964655,0.0,1.0,0.04017692180353438,1.0,32,30,2,30,0,2,0,22,0,86,120,6,0,341.94888389868055,buyer,BUY-11195,reliable,1
1.0,0.0,1.0,0.0,0.1,4,4,0,4,0,0,0,2,0,10,14,1,0,133.97541422363426,buyer,BUY-11196,occasional_reliable,1
0.8559779993463035,0.38061857314001535,0.8711082920504022,0.14402200065369664,0.2,26,23,3,23,4,10,4,4,0,63,95,0,0,336.9308151120602,buyer,BUY-11197,frequent_returner,0
0.33210820833254223,0.0,0.9688769556327206,0.6678917916674578,0.15,33,12,21,12,1,1,0,3,0,49,83,1,1,362.71359364025466,buyer,BUY-11198,frequent_canceller,0
0.6179384028637099,0.0,0.3438974887845534,0.3820615971362902,0.05,22,16,6,16,9,2,0,1,0,41,65,2,2,363.6693706701852,buyer,BUY-11199,poor_payment,0
0.8693710678307924,0.0,0.7116161510775536,0.13062893216920735,0.15,29,23,6,23,6,3,0,3,0,58,90,3,0,364.0895247632523,buyer,BUY-11200,mixed,0
0.9807330061273574,0.0,1.0,0.019266993872642635,1.0,44,43,1,43,0,2,0,25,3,117,163,3,0,356.0412652282639,buyer,BUY-11201,reliable,1
0.9595067058511532,0.0,0.9290385144569379,0.04049329414884684,0.2,8,7,1,7,1,2,0,4,0,21,31,1,0,324.96661677880786,buyer,BUY-11202,occasional_reliable,1
0.9648902724207687,0.22622907947425597,0.837226854954229,0.035109727579231254,0.5,36,35,1,35,5,12,4,10,0,93,137,2,0,357.93796603650463,buyer,BUY-11203,frequent_returner,0
0.49414481491122403,0.0,1.0,0.505855185088776,0.0,14,7,7,7,0,0,0,0,0,21,35,0,0,335.6203995289699,buyer,BUY-11204,frequent_canceller,0
0.7236229108620933,0.0,0.6758727805400452,0.2763770891379066,0.05,14,9,5,9,3,1,0,1,0,25,40,2,0,327.7380569522685,buyer,BUY-11205,poor_payment,0
0.5426941268784715,0.0,0.943605843329,0.4573058731215284,0.0,10,6,4,6,1,0,0,0,0,16,26,0,0,309.129205613125,buyer,BUY-11206,mixed,1
0.7999768552691997,0.6449266369763884,0.9581262963584254,0.20002314473080018,1.0,26,24,2,24,1,2,1,18,2,72,99,3,1,364.142818099375,buyer,BUY-11207,reliable,1
1.0,0.0,1.0,0.0,0.1,8,8,0,8,0,0,0,2,0,18,26,1,0,314.1265883382755,buyer,BUY-11208,occasional_reliable,1
0.8934755569426412,0.2257971877277687,0.9829691231725363,0.10652444305735875,0.5,34,31,3,31,2,13,3,10,0,88,132,4,0,360.3641750831829,buyer,BUY-11209,frequent_returner,0
0.5903476677532907,0.0,0.856364448269034,0.40965233224670916,0.0,21,13,8,13,1,1,0,0,0,35,57,0,0,354.124702318287,buyer,BUY-11210,frequent_canceller,0
1.0,0.0,0.73949868761349,0.0,0.15,11,11,0,11,3,1,0,3,0,26,38,1,0,322.4851000140278,buyer,BUY-11211,poor_payment,0
0.8237679575520265,0.0,0.7249323284035138,0.1762320424479734,0.3,13,11,2,11,4,3,0,4,1,32,48,0,0,331.3686986287847,buyer,BUY-11212,mixed,0
0.9259552822780083,0.0,1.0,0.07404471772199195,0.8,27,26,1,26,0,1,0,14,1,69,97,2,0,355.7059400258681,buyer,BUY-11213,reliable,1
0.9517565306488834,0.0,1.0,0.048243469351116564,0.2,14,13,1,13,0,0,0,4,0,31,45,2,0,342.2142120575,buyer,BUY-11214,occasional_reliable,1
0.7994647896531063,0.761521743049381,0.8111163794570081,0.2005352103468936,0.45,19,16,3,16,3,8,5,9,0,52,74,1,1,355.80172221269675,buyer,BUY-11215,frequent_returner,0
0.28809333803168,0.0,0.942370172677329,0.7119066619683201,0.0,36,13,23,13,1,0,0,0,0,49,85,3,3,363.5363857963426,buyer,BUY-11216,frequent_canceller,0
0.6085975741872531,0.0,0.5231724617487818,0.39140242581274687,0.0,10,8,2,8,3,2,0,0,0,20,32,1,1,351.7994112583565,buyer,BUY-11217,poor_payment,0
0.6766558576720256,0.0,0.8564921129320842,0.32334414232797437,0.35,23,17,6,17,3,4,0,7,0,51,78,2,1,350.5498606513426,buyer,BUY-11218,mixed,1
1.0,0.0,0.8306886678366332,0.0,0.65,28,28,0,28,4,1,0,13,0,70,99,0,0,362.9787294329861,buyer,BUY-11219,reliable,1
0.8953294992261853,0.0,1.0,0.10467050077381468,0.4,13,12,1,12,0,1,0,8,0,34,48,0,0,345.76547599484957,buyer,BUY-11220,occasional_reliable,1
0.8719739242193819,0.0,1.0,0.12802607578061798,0.4,31,27,4,27,0,6,0,8,0,72,109,5,0,364.0995565054398,buyer,BUY-11221,frequent_returner,0
0.4423833235310196,0.0,0.9325633505059753,0.5576166764689802,0.2,37,15,22,15,2,0,0,2,1,55,92,3,2,357.73836016616895,buyer,BUY-11222,frequent_canceller,0
0.9564238337248953,0.0,0.436073338684298,0.043576166275104744,0.3,25,23,2,23,12,1,0,4,1,54,80,5,0,360.3752068662963,buyer,BUY-11223,poor_payment,0
0.6083100339652527,0.0,0.37504968077449424,0.39168996603474715,0.1,21,15,6,15,6,2,0,2,0,40,63,2,1,362.92832789200236,buyer,BUY-11224,mixed,1
0.8650242813280283,0.0,1.0,0.13497571867197145,0.9,24,22,2,22,0,0,0,16,1,63,87,4,1,338.6454552137731,buyer,BUY-11225,reliable,1
0.353823979187373,0.0,0.56720391190176,0.646176020812627,0.15,12,4,8,4,1,0,0,1,1,18,30,1,1,350.20001491013886,buyer,BUY-11226,occasional_reliable,1
0.9109738077005423,0.0,0.9407051422334962,0.08902619229945774,0.4,15,14,1,14,2,6,0,8,0,43,64,0,0,357.54735609494213,buyer,BUY-11227,frequent_returner,0
0.22580596666209996,0.0,1.0,0.7741940333379,0.1,23,7,16,7,0,0,0,2,0,32,55,1,1,360.6213883069792,buyer,BUY-11228,frequent_canceller,0
0.8565416630297749,0.0,0.6060455819858253,0.14345833697022514,0.05,19,17,2,17,8,3,0,1,0,40,62,1,0,339.93369253708335,buyer,BUY-11229,poor_payment,0
0.8984126408226627,0.7949635437072179,0.8271091372128812,0.10158735917733741,0.45,34,29,5,29,6,4,1,7,1,75,112,7,1,362.3374206631597,buyer,BUY-11230,mixed,1
1.0,0.0,1.0,0.0,1.0,30,30,0,30,0,2,0,19,1,82,114,1,0,364.6752430272107,buyer,BUY-11231,reliable,1
0.6568032878743948,0.0,1.0,0.34319671212560543,0.1,7,6,1,6,0,0,0,2,0,15,22,0,0,339.48120310202546,buyer,BUY-11232,occasional_reliable,1
0.9890484417713286,0.30370360557553266,0.8881362619414469,0.010951558228671443,0.4,22,21,1,21,1,11,3,6,1,61,91,2,0,353.54976533449076,buyer,BUY-11233,frequent_returner,0
0.6846008445001979,0.0,0.9875817273365158,0.31539915549980224,0.15,29,17,12,17,1,2,0,1,1,50,81,4,1,310.0917437059259,buyer,BUY-11234,frequent_canceller,0
0.9859102768162797,0.0,0.5397802633224653,0.01408972318372037,0.15,14,13,1,13,6,0,0,3,0,30,44,2,0,334.5085607079398,buyer,BUY-11235,poor_payment,0
0.9154646116572444,0.13579855525530937,0.6161942415189872,0.08453538834275576,0.35,22,18,4,18,5,3,1,5,1,49,73,2,0,363.8715327667708,buyer,BUY-11236,mixed,0
0.8708679097187471,0.0,1.0,0.12913209028125283,0.8,23,21,2,21,0,1,0,16,0,61,85,1,0,349.2362918514815,buyer,BUY-11237,reliable,1
1.0,0.0,1.0,0.0,0.35,11,11,0,11,0,0,0,5,1,28,39,0,0,284.7277781333681,buyer,BUY-11238,occasional_reliable,1
0.9153283629970438,0.0931012181880112,0.9212169274217408,0.08467163700295621,0.6,35,32,3,32,2,14,2,10,1,92,139,1,0,335.7297982415509,buyer,BUY-11239,frequent_returner,0
0.44737061201928957,0.0,0.9197240624426266,0.5526293879807105,0.05,40,16,24,16,2,1,0,1,0,58,99,2,1,347.5932719023958,buyer,BUY-11240,frequent_canceller,0
0.7907543407526023,0.0,0.6661396422610217,0.2092456592473979,0.15,28,22,6,22,10,3,0,3,0,56,87,2,0,343.5430566037384,buyer,BUY-11241,poor_payment,0
0.7245604653357584,0.0,0.6437654368852476,0.27543953466424154,0.35,22,16,6,16,6,3,0,5,1,47,72,0,0,359.85132014315974,buyer,BUY-11242,mixed,0
0.9166581782314236,0.0,0.9896258225637695,0.0833418217685763,1.0,60,56,4,56,2,2,0,32,1,151,213,1,0,363.9735285315509,buyer,BUY-11243,reliable,1
0.9478352776281679,0.0,1.0,0.05216472237183212,0.3,14,13,1,13,0,0,0,6,0,33,47,0,0,363.1695587478472,buyer,BUY-11244,occasional_reliable,1
0.871512596302021,0.3751440556332033,0.9768253611202503,0.12848740369797895,0.45,35,33,2,33,1,12,3,9,0,89,133,4,1,359.3373315043403,buyer,BUY-11245,frequent_returner,0
0.6055904931562385,0.0,1.0,0.3944095068437615,0.1,17,9,8,9,0,0,0,2,0,28,45,3,1,360.54426077989586,buyer,BUY-11246,frequent_canceller,0
0.7377587553774383,0.0,0.6467477488503466,0.2622412446225616,0.05,23,17,6,17,7,3,0,1,0,44,70,0,0,362.6598684351042,buyer,BUY-11247,poor_payment,0
0.612491833721624,0.0,0.7998660462023369,0.38750816627837603,0.45,31,20,11,20,4,6,0,7,1,65,102,3,2,361.4230251187037,buyer,BUY-11248,mixed,0
0.9877817078389838,0.0,0.993820871703919,0.01221829216101622,1.0,47,46,1,46,1,3,0,30,0,126,176,3,0,358.7063754041435,buyer,BUY-11249,reliable,1
0.7926959377467764,0.0,1.0,0.20730406225322362,0.2,13,10,3,10,0,0,0,2,1,26,39,0,0,329.6732095864815,buyer,BUY-11250,occasional_reliable,1
0.9176848066715642,0.0,0.9685959418458597,0.08231519332843595,0.3,16,15,1,15,1,7,0,6,0,44,67,2,0,362.9875431793403,buyer,BUY-11251,frequent_returner,0
0.4042952264362676,0.0,1.0,0.5957047735637325,0.05,35,11,24,11,0,1,0,1,0,48,84,1,1,363.73168986677086,buyer,BUY-11252,frequent_canceller,0
0.5227403688891348,0.0,0.30166739808319326,0.47725963111086533,0.3,23,14,9,14,9,1,0,4,1,43,67,1,1,342.8474612661574,buyer,BUY-11253,poor_payment,0
0.8384029261970941,0.0,0.7154637669820281,0.1615970738029059,0.2,25,20,5,20,5,0,0,4,0,49,74,2,0,334.1069332023032,buyer,BUY-11254,mixed,0
0.8067668175752797,0.0,1.0,0.19323318242472032,0.7,28,25,3,25,0,1,0,14,0,68,97,2,0,361.3981196737037,buyer,BUY-11255,reliable,1
0.8100012435091157,0.0,1.0,0.18999875649088416,0.1,10,7,3,7,0,0,0,2,0,19,29,0,0,336.1942463446759,buyer,BUY-11256,occasional_reliable,1
0.9244857777170065,0.3997251441377708,0.9093343022053878,0.07551422228299354,0.45,33,32,1,32,2,13,5,9,0,87,128,4,1,353.8048529370139,buyer,BUY-11257,frequent_returner,0
0.5774334648555371,0.0,0.9308232711850492,0.4225665351444632,0.1,34,15,19,15,1,0,0,2,0,51,85,1,0,358.7541702385533,buyer,BUY-11258,frequent_canceller,0
0.9669727127195521,0.0,0.6838418780007046,0.033027287280448125,0.15,25,23,2,23,7,2,0,3,0,53,80,3,0,362.27648798844905,buyer,BUY-11259,poor_payment,0
0.7928302702011464,0.0,1.0,0.2071697297988535,0.05,24,16,8,16,0,1,0,1,0,42,67,1,0,362.42687377207176,buyer,BUY-11260,mixed,0
0.9333296926414981,0.0,0.9922394800733367,0.06667030735850177,1.0,37,35,2,35,1,3,0,22,0,97,137,4,0,358.15949323619213,buyer,BUY-11261,reliable,1
1.0,1.0,1.0,0.0,0.2,3,3,0,3,0,1,1,2,1,10,13,0,0,352.9230891757176,buyer,BUY-11262,occasional_reliable,1
0.9653286285185877,0.08986716162412967,0.9943332321214533,0.034671371481412305,0.65,39,36,3,36,1,12,3,13,0,100,148,3,0,361.21533733868057,buyer,BUY-11263,frequent_returner,0
0.46586239484134867,0.0,0.800767621481418,0.5341376051586513,0.1,25,12,13,12,3,1,0,2,0,40,66,2,1,360.3605866262847,buyer,BUY-11264,frequent_canceller,0
0.8377917949832195,0.0,0.5204572663238323,0.16220820501678046,0.1,15,13,2,13,6,0,0,2,0,30,45,2,1,364.36729189042825,buyer,BUY-11265,poor_payment,0
0.5838245803199814,0.0,0.7716883392463348,0.4161754196800185,0.3,17,12,5,12,5,4,0,4,1,38,59,2,1,364.4828527896065,buyer,BUY-11266,mixed,1
0.9505620570145838,0.3790692388673793,1.0,0.04943794298541582,1.0,54,52,2,52,0,6,1,30,2,144,203,7,0,359.0158284732986,buyer,BUY-11267,reliable,1
1.0,0.0,0.9338291113304935,0.0,0.2,7,7,0,7,1,2,0,4,0,20,29,0,0,278.16413908796295,buyer,BUY-11268,occasional_reliable,1
0.8012954420526343,0.5885975663042835,0.9838363311174586,0.19870455794736586,0.3,21,18,3,18,1,8,3,6,0,53,79,2,0,350.08079887739586,buyer,BUY-11269,frequent_returner,0
0.5609834613401344,0.0,0.916430840212207,0.43901653865986545,0.05,21,13,8,13,1,0,0,1,0,35,56,2,2,356.7633172125926,buyer,BUY-11270,frequent_canceller,0
0.9481927605081569,0.0,0.6441079128863813,0.05180723949184307,0.25,29,26,3,26,8,3,0,5,0,63,95,3,0,355.6306325930671,buyer,BUY-11271,poor_payment,0
0.9378320927218152,0.0,0.8883999572864574,0.062167907278184775,0.05,10,9,1,9,2,2,0,1,0,22,34,0,0,332.06150433395834,buyer,BUY-11272,mixed,1
0.9330447181371241,0.0,0.9049901355765287,0.06695528186287569,0.8,27,24,3,24,2,1,0,14,1,67,95,2,0,360.24078975733795,buyer,BUY-11273,reliable,1
0.8884892348039222,0.0,1.0,0.11151076519607783,0.35,14,11,3,11,0,0,0,3,2,30,44,2,0,360.9235235334028,buyer,BUY-11274,occasional_reliable,1
0.9645298859164492,0.1376147569545899,1.0,0.03547011408355072,0.5,19,18,1,18,0,9,2,8,1,55,81,1,0,351.72233232944444,buyer,BUY-11275,frequent_returner,0
0.3619948343113924,0.0,1.0,0.6380051656886077,0.0,16,5,11,5,0,1,0,0,0,22,39,0,0,314.21452861802084,buyer,BUY-11276,frequent_canceller,0
0.6598364566884303,0.0,0.8863008394957976,0.3401635433115696,0.2,26,15,11,15,3,1,0,4,0,46,73,3,0,352.6971310534722,buyer,BUY-11277,poor_payment,0
0.745763448875962,0.0,0.7616265687678198,0.254236551124038,0.15,17,12,5,12,2,0,0,1,1,31,48,2,1,321.1126808362037,buyer,BUY-11278,mixed,0
0.9784589830464041,0.0,0.953333854703673,0.021541016953596004,1.0,58,56,2,56,1,3,0,36,0,153,214,4,0,344.8567656511458,buyer,BUY-11279,reliable,1
1.0,0.0,0.3608761544632971,0.0,0.05,4,4,0,4,2,0,0,1,0,9,13,0,0,265.8293303524537,buyer,BUY-11280,occasional_reliable,1
0.8007535651640549,0.08583896561766913,1.0,0.19924643483594517,0.3,15,12,3,12,0,4,1,4,1,36,54,1,0,333.90466425675925,buyer,BUY-11281,frequent_returner,0
0.43292389882583715,0.0,0.8703687936041957,0.5670761011741628,0.0,31,14,17,14,1,2,0,0,0,47,80,0,0,355.0658349314467,buyer,BUY-11282,frequent_canceller,0
0.8715719787740559,0.0,0.6205903933319868,0.12842802122594377,0.25,27,22,5,22,6,2,0,5,0,56,85,2,0,361.7882493060764,buyer,BUY-11283,poor_payment,0
0.9012623233310564,0.0,0.9549476699792936,0.09873767666894362,0.05,11,10,1,10,1,4,0,1,0,26,41,1,0,330.44474111777777,buyer,BUY-11284,mixed,1
0.9766505753999809,0.0,1.0,0.023349424600018875,1.0,52,51,1,51,0,4,0,29,2,138,194,5,0,358.6467107910301,buyer,BUY-11285,reliable,1
1.0,0.0,1.0,0.0,0.1,4,4,0,4,0,0,0,2,0,10,14,0,0,301.31616669390047,buyer,BUY-11286,occasional_reliable,1
0.799978694703199,0.4198385282383319,1.0,0.20002130529680096,0.3,18,15,3,15,0,5,1,6,0,44,66,1,0,333.6900632435185,buyer,BUY-11287,frequent_returner,0
0.3504067156322017,0.0,0.6112797125415613,0.6495932843677983,0.1,38,15,23,15,3,1,0,0,1,55,94,2,1,363.39102613710645,buyer,BUY-11288,frequent_canceller,0
1.0,0.0,0.7387524431324366,0.0,0.15,10,10,0,10,3,0,0,3,0,23,33,0,0,308.6773433202315,buyer,BUY-11289,poor_payment,0
0.6838877633753109,0.0,0.5054433522190431,0.31611223662468924,0.45,33,23,10,23,12,2,0,5,2,65,100,3,1,359.4008337350231,buyer,BUY-11290,mixed,0
0.8919372684081991,0.0,1.0,0.1080627315918008,1.0,31,28,3,28,0,2,0,20,1,82,115,6,1,355.55427093317127,buyer,BUY-11291,reliable,1
1.0,0.0,0.834339739031775,0.0,0.15,8,8,0,8,1,0,0,1,1,18,26,0,0,327.9171153213773,buyer,BUY-11292,occasional_reliable,1
0.871655800941739,0.24541075325777806,0.9004213797151401,0.128344199058261,0.35,21,18,3,18,2,4,1,5,1,49,73,1,0,357.9056062304861,buyer,BUY-11293,frequent_returner,0
0.658254592321236,0.0,0.9834687347997124,0.34174540767876405,0.0,22,12,10,12,1,0,0,0,0,34,56,4,0,362.41010288913196,buyer,BUY-11294,frequent_canceller,0
0.9130085261478312,0.0,0.3958036820632226,0.08699147385216865,0.0,10,9,1,9,5,1,0,0,0,20,31,0,0,360.887423445868,buyer,BUY-11295,poor_payment,0
0.8546419706611268,0.40271428004334675,0.7921441220747222,0.14535802933887298,0.15,21,16,5,16,4,2,1,3,0,42,64,2,0,343.10001772025464,buyer,BUY-11296,mixed,1
0.9498450553190119,0.0,0.9399705044748213,0.05015494468098791,1.0,39,35,4,35,2,1,0,23,3,101,141,3,0,333.5976388080787,buyer,BUY-11297,reliable,1
0.6110581765907596,1.0,0.0,0.38894182340924044,0.05,3,2,1,2,2,1,1,1,0,7,10,0,0,268.63233355431714,buyer,BUY-11298,occasional_reliable,1
1.0,0.0,0.9548731954518653,0.0,0.25,15,15,0,15,1,3,0,5,0,38,56,1,0,364.13660283965277,buyer,BUY-11299,frequent_returner,0
0.556146233663854,0.0,0.5622839934563434,0.4438537663361458,0.15,11,7,4,7,3,1,0,3,0,22,34,1,1,325.9105169103704,buyer,BUY-11300,frequent_canceller,0
0.661985024958495,0.0,0.6474859934557038,0.338014975041505,0.15,21,17,4,17,6,1,0,1,1,41,63,2,1,364.3155559201042,buyer,BUY-11301,poor_payment,0
0.7688962938032261,0.0,0.5797628879295386,0.231103706196774,0.45,22,15,7,15,7,3,0,9,0,49,74,2,0,354.5817114875116,buyer,BUY-11302,mixed,1
0.939428323495729,0.0,1.0,0.06057167650427098,0.65,25,23,2,23,0,2,0,9,2,61,88,1,0,359.862194131956,buyer,BUY-11303,reliable,1
0.5711388009712107,0.0,1.0,0.4288611990287893,0.1,9,7,2,7,0,1,0,2,0,19,29,1,1,344.2631141393403,buyer,BUY-11304,occasional_reliable,1
0.9853237560057261,0.0933778829455485,0.9334738288174489,0.014676243994273919,0.15,19,18,1,18,2,4,1,3,0,44,66,2,0,345.00627294944445,buyer,BUY-11305,frequent_returner,0
0.5296070328096031,0.0,1.0,0.4703929671903969,0.05,40,20,20,20,0,4,0,1,0,65,109,2,0,360.16265437505785,buyer,BUY-11306,frequent_canceller,0
0.9935859956201821,0.5619863480382246,0.5794715756267456,0.0064140043798178725,0.25,28,27,1,27,12,3,1,5,0,63,93,3,0,361.6071184343171,buyer,BUY-11307,poor_payment,0
0.7884509762926399,0.19264040279212225,0.6696647484732515,0.21154902370736017,0.25,17,14,3,14,4,2,1,3,1,37,55,2,0,354.9043335529398,buyer,BUY-11308,mixed,1
0.9306531096587377,0.0,0.9950530287128787,0.06934689034126229,1.0,52,49,3,49,1,2,0,29,2,134,188,2,0,358.8696502311343,buyer,BUY-11309,reliable,1
0.5901567437346673,0.0,1.0,0.4098432562653327,0.15,4,3,1,3,0,0,0,3,0,10,14,0,0,359.55879825802083,buyer,BUY-11310,occasional_reliable,1
0.920809248201504,0.595973594611558,0.9850548425458917,0.079190751798496,0.25,19,16,3,16,1,5,2,5,0,45,67,1,0,331.8797030610995,buyer,BUY-11311,frequent_returner,0
0.40748734277390625,0.0,0.9829765253507616,0.5925126572260935,0.15,30,15,15,15,1,0,0,3,0,48,78,3,2,361.104206288669,buyer,BUY-11312,frequent_canceller,0
0.8251795895502445,0.0,0.7639521035612099,0.1748204104497555,0.1,21,16,5,16,5,0,0,2,0,39,60,2,0,321.90275079552083,buyer,BUY-11313,poor_payment,0
0.9579611078853744,0.0,0.3962185705544068,0.04203889211462575,0.15,14,13,1,13,6,2,0,1,1,31,47,1,0,351.4552533308102,buyer,BUY-11314,mixed,0
1.0,0.0,1.0,0.0,1.0,36,36,0,36,0,2,0,25,1,100,138,4,0,364.6286098555671,buyer,BUY-11315,reliable,1
0.951280733751016,0.0,1.0,0.04871926624898404,0.3,11,10,1,10,0,1,0,6,0,28,40,1,0,358.0499007930556,buyer,BUY-11316,occasional_reliable,1
0.8857677316931103,0.0,0.8713156960179752,0.11423226830688982,0.7,38,34,4,34,3,11,0,14,0,97,146,1,0,360.1149916886227,buyer,BUY-11317,frequent_returner,0
0.33151312017650353,0.0,0.9602438262628763,0.6684868798234964,0.0,39,12,27,12,1,1,0,0,0,52,92,3,2,352.47974922624996,buyer,BUY-11318,frequent_canceller,0
0.580141191893933,0.0,0.5364184933467108,0.419858808106067,0.1,16,11,5,11,4,1,0,2,0,30,47,1,1,357.0249856960648,buyer,BUY-11319,poor_payment,0
0.8607088188448395,0.0897892606245283,0.6247232774319234,0.13929118115516048,0.1,35,27,8,27,9,4,1,2,0,68,106,3,0,354.48455911934025,buyer,BUY-11320,mixed,0
1.0,0.0,0.9155135800005866,0.0,0.75,25,25,0,25,1,4,0,15,0,69,98,3,0,351.8033231430324,buyer,BUY-11321,reliable,1
0.7837363524792298,0.0,1.0,0.21626364752077032,0.45,13,10,3,10,0,1,0,7,1,32,46,3,1,343.87184910163194,buyer,BUY-11322,occasional_reliable,1
0.7770632458297199,0.0,1.0,0.22293675417028014,0.15,19,14,5,14,0,7,0,3,0,43,69,2,0,301.19905911321763,buyer,BUY-11323,frequent_returner,0
0.23751233300885755,0.0,0.8370530213530618,0.7624876669911425,0.0,27,8,19,8,1,1,0,0,0,36,64,1,1,353.3555296580671,buyer,BUY-11324,frequent_canceller,0
0.6260867101054127,0.0,0.42386631644540484,0.37391328989458705,0.05,20,12,8,12,6,3,0,1,0,36,59,1,0,340.66637137020837,buyer,BUY-11325,poor_payment,0
0.37933593756465955,0.0,1.0,0.6206640624353404,0.25,16,9,7,9,0,4,0,3,1,33,53,2,2,332.54754896041663,buyer,BUY-11326,mixed,0
0.8981702884036799,0.0,1.0,0.10182971159632015,1.0,46,41,5,41,0,2,0,23,1,113,161,8,1,340.53259177320604,buyer,BUY-11327,reliable,1
0.7111417842472434,0.0,1.0,0.2888582157527566,0.3,12,9,3,9,0,1,0,6,0,28,41,2,1,344.122774440544,buyer,BUY-11328,occasional_reliable,1
0.939203640574233,0.0,0.8964374620569552,0.06079635942576689,0.9,36,33,3,33,2,9,0,18,0,96,141,2,0,363.45571369270834,buyer,BUY-11329,frequent_returner,0
0.3877774626222572,0.0,1.0,0.6122225373777428,0.05,12,5,7,5,0,0,0,1,0,18,30,0,0,336.0758588015625,buyer,BUY-11330,frequent_canceller,0
0.844728096395561,0.0,0.25014703426748097,0.15527190360443888,0.4,24,20,4,20,11,2,0,4,2,52,78,3,0,355.03965663769674,buyer,BUY-11331,poor_payment,0
0.8891256308336902,0.0,0.8809446601197494,0.1108743691663101,0.3,32,23,9,23,2,2,0,6,0,63,97,3,0,323.5233149763426,buyer,BUY-11332,mixed,1
0.9935681899257253,0.0,0.9819599554180597,0.006431810074274624,1.0,34,33,1,33,1,2,0,22,3,94,130,3,0,353.2560442673148,buyer,BUY-11333,reliable,1
0.9004361215515454,0.0,1.0,0.0995638784484546,0.25,12,10,2,10,0,1,0,5,0,28,41,0,0,364.18495018390047,buyer,BUY-11334,occasional_reliable,1
0.95912458660323,0.1398452603563739,0.8579757787971783,0.040875413396770255,0.45,28,26,2,26,3,9,1,9,0,72,108,2,0,355.7772700182176,buyer,BUY-11335,frequent_returner,0
0.24421919046704343,0.0,1.0,0.7557808095329566,0.05,14,4,10,4,0,0,0,1,0,19,33,1,1,328.62059922407406,buyer,BUY-11336,frequent_canceller,0
0.8710755489726828,0.0,0.5713472729617768,0.1289244510273172,0.05,20,16,4,16,6,1,0,1,0,38,59,2,0,358.0423189531134,buyer,BUY-11337,poor_payment,0
0.5638597806339984,0.0,0.9290708662113337,0.43614021936600145,0.2,13,8,5,8,2,1,0,4,0,26,40,1,0,358.59754688302087,buyer,BUY-11338,mixed,1
0.9401750671280961,0.0,1.0,0.059824932871903935,1.0,47,44,3,44,0,2,0,24,1,118,167,5,0,356.6979574207986,buyer,BUY-11339,reliable,1
0.9576544795066754,0.0,0.8923912958221133,0.04234552049332463,0.15,14,12,2,12,2,0,0,3,0,29,43,0,0,351.7267304134838,buyer,BUY-11340,occasional_reliable,1
0.9807483060378274,0.4045429107772994,1.0,0.019251693962172634,0.35,18,17,1,17,0,6,3,7,0,48,69,2,0,344.3664286149074,buyer,BUY-11341,frequent_returner,0
0.4368052618001608,1.0,0.6964304484362868,0.563194738199839,0.0,17,7,10,7,1,1,1,0,0,25,42,0,0,352.8453792018866,buyer,BUY-11342,frequent_canceller,0
0.8623691496778062,1.0,0.41620021675802377,0.1376308503221939,0.25,24,21,3,21,13,1,1,5,0,51,75,2,0,352.06082778375,buyer,BUY-11343,poor_payment,0
0.747970115335463,0.0,0.8688115599691423,0.2520298846645369,0.15,18,13,5,13,1,2,0,3,0,36,56,4,2,348.19174419368056,buyer,BUY-11344,mixed,1
0.9151361548582415,0.0,1.0,0.08486384514175871,0.75,26,25,1,25,0,1,0,13,1,66,93,1,1,362.30240828657406,buyer,BUY-11345,reliable,1
0.8832450419642406,0.0,1.0,0.1167549580357593,0.15,7,6,1,6,0,1,0,3,0,17,25,0,0,364.1937639925694,buyer,BUY-11346,occasional_reliable,1
0.9056963942114168,0.2347387592907474,0.977365371267893,0.09430360578858321,0.6,36,32,4,32,1,12,5,12,0,92,135,3,0,362.5752720127083,buyer,BUY-11347,frequent_returner,0
0.5149324209745111,0.0,1.0,0.4850675790254889,0.0,13,6,7,6,0,2,0,0,0,21,36,0,0,360.4937123264699,buyer,BUY-11348,frequent_canceller,0
0.7563146694291418,0.0,0.4623113955096911,0.24368533057085806,0.2,30,25,5,25,12,2,0,4,0,61,93,3,2,357.3097227656597,buyer,BUY-11349,poor_payment,0
0.7603064232611213,0.0,0.9730897732509449,0.2396935767388786,0.3,21,14,7,14,1,4,0,4,1,44,69,0,0,349.4900099847917,buyer,BUY-11350,mixed,1
0.9040125307701166,0.0,1.0,0.09598746922988366,1.0,43,40,3,40,0,2,0,23,0,108,153,3,0,357.07714121006944,buyer,BUY-11351,reliable,1
0.8362058619962036,0.0,0.683625068486797,0.1637941380037966,0.2,12,9,3,9,1,2,0,4,0,27,41,1,0,347.6302408513889,buyer,BUY-11352,occasional_reliable,1
0.8243697999639789,0.28887310041126046,0.9136045897290198,0.17563020003602114,0.6,38,34,4,34,2,8,3,12,0,92,135,1,1,359.84859987400466,buyer,BUY-11353,frequent_returner,0
0.42296324775280236,0.0,0.9787353013258911,0.5770367522471977,0.1,33,16,17,16,1,2,0,2,0,53,88,1,0,363.8381031877894,buyer,BUY-11354,frequent_canceller,0
0.8573461810088921,0.0,0.7755310425841664,0.14265381899110807,0.05,22,19,3,19,7,1,0,1,0,43,66,2,0,345.2768773043519,buyer,BUY-11355,poor_payment,0
0.5687282968726919,0.0,0.7418241998903827,0.4312717031273082,0.4,34,19,15,19,4,3,0,6,1,63,100,6,3,338.9889150488079,buyer,BUY-11356,mixed,0
0.9734223041807111,0.0,1.0,0.026577695819288927,1.0,53,50,3,50,0,0,0,27,1,131,184,4,0,358.22468543510416,buyer,BUY-11357,reliable,1
0.8625079628979767,0.0,1.0,0.1374920371020235,0.2,12,11,1,11,0,1,0,4,0,28,41,2,0,342.75703401251155,buyer,BUY-11358,occasional_reliable,1
0.9175720859456967,0.24915947304942287,1.0,0.08242791405430328,0.45,34,30,4,30,0,12,2,9,0,85,129,3,0,362.41562376991897,buyer,BUY-11359,frequent_returner,0
0.48629676777201736,0.0,0.806481956375349,0.5137032322279826,0.15,40,20,20,20,4,0,0,3,0,63,103,2,1,364.5323223637616,buyer,BUY-11360,frequent_canceller,0
0.7223999024954159,0.0,0.663396013847218,0.27760009750458414,0.2,16,13,3,13,6,1,0,4,0,34,51,0,0,343.05778576719905,buyer,BUY-11361,poor_payment,0
0.6246464191028723,0.12022768188129673,1.0,0.3753535808971278,0.2,15,9,6,9,0,2,1,4,0,30,46,0,0,338.67170525666666,buyer,BUY-11362,mixed,0
0.9223267389547641,0.0,1.0,0.07767326104523575,1.0,44,42,2,42,0,2,0,26,4,118,164,3,1,364.31635185100697,buyer,BUY-11363,reliable,1
0.9790368297939493,0.0,1.0,0.020963170206050652,0.4,12,11,1,11,0,1,0,6,1,31,44,1,0,322.2471478215046,buyer,BUY-11364,occasional_reliable,1
1.0,0.3981737269761727,0.9889187274327501,0.0,0.3,20,20,0,20,1,9,4,6,0,55,80,2,0,350.5100668955324,buyer,BUY-11365,frequent_returner,0
0.32633702262562064,0.0,1.0,0.6736629773743794,0.0,11,6,5,6,0,0,0,0,0,17,28,2,2,359.9376001331481,buyer,BUY-11366,frequent_canceller,0
0.8022539070295104,0.0,0.514579836695701,0.1977460929704895,0.3,28,22,6,22,7,2,0,4,1,57,87,1,0,356.40903028207174,buyer,BUY-11367,poor_payment,0
0.5357522886262527,0.0,0.8830028890622156,0.46424771137374743,0.15,19,13,6,13,3,2,0,3,0,37,58,2,1,356.76455501391206,buyer,BUY-11368,mixed,1
0.8867200599830911,0.0,0.9563533677758349,0.11327994001690878,1.0,56,49,7,49,1,5,0,33,1,144,205,7,1,362.3849704141204,buyer,BUY-11369,reliable,1
1.0,0.0,0.7177748272777286,0.0,0.15,6,6,0,6,1,1,0,3,0,16,23,1,0,288.7459258751389,buyer,BUY-11370,occasional_reliable,1
0.9876627520012191,0.36463797942024667,1.0,0.012337247998780887,0.45,26,25,1,25,0,11,5,9,0,71,103,5,0,337.9212650689583,buyer,BUY-11371,frequent_returner,0
0.40621004222085383,0.0,0.9528101447464692,0.5937899577791461,0.05,30,10,20,10,1,0,0,1,0,41,71,4,2,358.63966752471066,buyer,BUY-11372,frequent_canceller,0
0.952864397702785,0.0,0.5391790596735273,0.04713560229721481,0.05,17,14,3,14,5,2,0,1,0,34,53,4,0,355.9293709198727,buyer,BUY-11373,poor_payment,0
0.9039606506531666,0.0,0.771588424850624,0.09603934934683322,0.4,29,24,5,24,4,1,0,6,1,61,91,1,0,362.3977592056366,buyer,BUY-11374,mixed,1
0.9333295411210256,0.0,0.8920853975935863,0.0666704588789746,0.7,23,21,2,21,1,0,0,12,1,57,80,4,0,343.4124733908796,buyer,BUY-11375,reliable,1
0.9201877960811322,0.0,0.5256019232407693,0.07981220391886779,0.15,5,4,1,4,2,0,0,1,1,11,16,0,0,346.1092145611111,buyer,BUY-11376,occasional_reliable,1
0.9251676558153448,0.41464922741729493,0.9927207817577614,0.07483234418465512,0.35,37,35,2,35,1,10,4,7,0,89,132,3,0,363.15422082350693,buyer,BUY-11377,frequent_returner,0
0.2501660107252365,0.0,0.9335186936073351,0.7498339892747636,0.25,38,13,25,13,1,0,0,3,1,55,93,4,3,350.24367407858796,buyer,BUY-11378,frequent_canceller,0
0.8612531993522594,0.0,0.5298403809006791,0.1387468006477407,0.2,16,13,3,13,5,0,0,4,0,33,49,2,0,313.3599543109838,buyer,BUY-11379,poor_payment,0
0.780010742014075,0.39043035558370687,0.43272955837080507,0.21998925798592495,0.25,23,17,6,17,8,3,1,3,1,47,72,1,1,361.6425143701273,buyer,BUY-11380,mixed,0
1.0,0.0,1.0,0.0,1.0,60,60,0,60,0,2,0,36,1,159,221,5,0,362.19238297890047,buyer,BUY-11381,reliable,1
0.6858809479109207,0.0,1.0,0.3141190520890793,0.0,3,2,1,2,0,0,0,0,0,5,8,0,0,364.2431245842014,buyer,BUY-11382,occasional_reliable,1
0.9574623675344508,0.07353683520357546,0.9932054186647034,0.04253763246554909,0.55,37,35,2,35,1,10,1,11,0,93,139,5,0,352.7432117600347,buyer,BUY-11383,frequent_returner,0
0.5888396744960909,0.0,0.6553449338779356,0.411160325503909,0.1,33,20,13,20,5,2,0,2,0,57,92,2,2,357.16859225719907,buyer,BUY-11384,frequent_canceller,0
0.7087209016057413,0.0,0.3646859779328991,0.2912790983942587,0.1,12,10,2,10,5,1,0,2,0,25,38,2,1,354.73168819282404,buyer,BUY-11385,poor_payment,0
0.8311918353172412,0.0,0.7759493677158374,0.16880816468275872,0.35,28,21,7,21,4,1,0,5,1,56,85,4,1,361.59197499899307,buyer,BUY-11386,mixed,1
1.0,0.0,1.0,0.0,0.7,24,24,0,24,0,3,0,14,0,65,92,2,0,321.44159645392364,buyer,BUY-11387,reliable,1
0.7592113911445434,0.0,1.0,0.2407886088554565,0.15,10,8,2,8,0,0,0,1,1,20,30,3,1,329.387264741875,buyer,BUY-11388,occasional_reliable,1
0.9047304623571885,0.8133489003552316,1.0,0.09526953764281143,0.35,17,15,2,15,0,3,1,7,0,42,61,3,0,353.4400303313773,buyer,BUY-11389,frequent_returner,0
0.273864025269811,0.0,0.8268409194124443,0.7261359747301891,0.05,35,9,26,9,1,1,0,1,0,46,82,4,3,333.8745328979861,buyer,BUY-11390,frequent_canceller,0
0.8619102438310823,0.0,0.4033807541407327,0.13808975616891783,0.35,28,25,3,25,14,2,0,5,1,61,91,1,0,343.2703274612153,buyer,BUY-11391,poor_payment,0
0.5934775052376599,0.0,0.6803984227905003,0.40652249476234015,0.2,33,20,13,20,7,4,0,4,0,61,98,3,0,336.8654989779514,buyer,BUY-11392,mixed,0
1.0,0.0,0.9847297779917579,0.0,0.8,23,23,0,23,1,2,0,16,0,64,89,2,0,351.53651380258106,buyer,BUY-11393,reliable,1
1.0,0.0,1.0,0.0,0.0,3,3,0,3,0,0,0,0,0,6,9,0,0,149.384638645,buyer,BUY-11394,occasional_reliable,1
0.7966826941497601,0.33355180395579664,1.0,0.20331730585023977,0.35,32,26,6,26,0,9,2,7,0,74,113,1,0,340.61190861508106,buyer,BUY-11395,frequent_returner,0
0.39422580094598175,0.0,0.8959178704884067,0.6057741990540183,0.15,33,12,21,12,2,1,0,1,1,48,82,3,1,358.80449785618055,buyer,BUY-11396,frequent_canceller,0
0.842363681980717,0.0,0.3455684472471916,0.1576363180192828,0.3,25,20,5,20,12,1,0,6,0,52,78,1,0,364.7936105537037,buyer,BUY-11397,poor_payment,0
0.7705969592355458,0.07251581550626107,0.8889523939090223,0.22940304076445406,0.3,29,21,8,21,3,4,1,4,1,59,91,4,1,362.5096696869907,buyer,BUY-11398,mixed,0
0.9914854273167004,0.0,0.9907425148660685,0.008514572683299804,0.9,29,28,1,28,1,0,0,16,1,74,103,4,0,364.7684260118519,buyer,BUY-11399,reliable,1
1.0,0.0,1.0,0.0,0.1,6,6,0,6,0,2,0,2,0,16,24,1,0,275.6851995351389,buyer,BUY-11400,occasional_reliable,1
0.9176814104574721,0.054817661426220576,0.9897856173399258,0.08231858954252813,0.25,22,21,1,21,1,5,1,5,0,53,79,2,0,358.2791960530209,buyer,BUY-11401,frequent_returner,0
0.4336998083013152,0.0,0.8644571317083422,0.5663001916986847,0.05,31,13,18,13,2,0,0,1,0,45,76,0,0,355.0030452642361,buyer,BUY-11402,frequent_canceller,0
0.8156930137041615,0.0,0.4478649994563794,0.18430698629583842,0.1,11,7,4,7,4,1,0,0,1,20,32,2,0,354.46534838344905,buyer,BUY-11403,poor_payment,0
0.82027692799623,0.0,0.9554185343349074,0.17972307200377036,0.2,30,22,8,22,3,2,0,4,0,58,90,4,0,345.90953728874996,buyer,BUY-11404,mixed,0
0.9784456694685778,0.0,1.0,0.021554330531422194,1.0,34,33,1,33,0,2,0,19,1,89,125,1,0,359.39835462609955,buyer,BUY-11405,reliable,1
0.8453511139136722,0.0,1.0,0.15464888608632765,0.2,15,13,2,13,0,1,0,2,1,32,48,0,0,315.7818876158102,buyer,BUY-11406,occasional_reliable,1
0.9747392574454232,0.0,1.0,0.025260742554576887,0.55,25,24,1,24,0,10,0,11,0,70,105,2,0,339.16672367383103,buyer,BUY-11407,frequent_returner,0
0.281868097044279,0.0,1.0,0.7181319029557209,0.15,11,4,7,4,0,0,0,1,1,17,28,0,0,349.94641808211804,buyer,BUY-11408,frequent_canceller,0
0.9849778051527116,0.0,0.4348140615561702,0.015022194847288395,0.15,28,26,2,26,13,2,0,1,1,58,88,2,0,357.5331472408449,buyer,BUY-11409,poor_payment,0
0.5581993582607344,0.0,0.8185961477772096,0.4418006417392655,0.1,10,7,3,7,2,1,0,2,0,20,31,2,1,317.95289347730323,buyer,BUY-11410,mixed,0
0.9767871379691342,0.0,0.9865481618819502,0.02321286203086581,0.6,25,24,1,24,1,0,0,12,0,61,86,1,0,355.6905399796412,buyer,BUY-11411,reliable,1
1.0,0.0,1.0,0.0,0.35,9,9,0,9,0,0,0,3,2,23,32,0,0,265.6726413287847,buyer,BUY-11412,occasional_reliable,1
0.9690777486116442,0.739771676860335,0.9790342959639612,0.030922251388356137,0.25,17,16,1,16,1,8,4,5,0,46,67,2,0,348.13664473850696,buyer,BUY-11413,frequent_returner,0
0.4011354555294109,0.0,0.7695859412284768,0.5988645444705891,0.05,23,9,14,9,1,1,0,1,0,34,58,1,0,349.4652783885648,buyer,BUY-11414,frequent_canceller,0
0.9687383700843449,0.0,0.48519062216702247,0.031261629915655065,0.25,25,24,1,24,10,0,0,5,0,54,79,5,0,363.5957556375463,buyer,BUY-11415,poor_payment,0
0.8701043304095856,0.0,0.7841232060533986,0.12989566959041454,0.3,24,20,4,20,3,2,0,6,0,52,78,3,0,364.99530681752316,buyer,BUY-11416,mixed,0
0.937995827158378,0.0,1.0,0.062004172841622074,0.8,26,23,3,23,0,0,0,12,2,63,89,0,0,364.0096975882986,buyer,BUY-11417,reliable,1
0.8737823174188663,0.0,0.9770881288959461,0.12621768258113375,0.2,13,12,1,12,1,0,0,4,0,29,42,1,0,344.29268111260416,buyer,BUY-11418,occasional_reliable,1
0.8896222666119217,0.6463410937975738,0.989339002895919,0.1103777333880781,0.25,27,25,2,25,1,8,5,5,0,65,95,2,0,350.9288470282176,buyer,BUY-11419,frequent_returner,0
0.7229697072736265,0.0,0.9769082636897811,0.27703029272637336,0.05,14,8,6,8,1,0,0,1,0,23,37,3,1,317.7799924946644,buyer,BUY-11420,frequent_canceller,0
0.8473324437555649,0.0,0.564687041597834,0.15266755624443507,0.05,16,12,4,12,4,0,0,1,0,29,45,1,0,355.5257152413426,buyer,BUY-11421,poor_payment,0
0.426861842476056,0.0,1.0,0.573138157523944,0.1,10,4,6,4,0,0,0,0,1,15,25,0,0,336.95810453372684,buyer,BUY-11422,mixed,0
0.8905933576179381,0.0,1.0,0.10940664238206188,1.0,57,53,4,53,0,1,0,25,1,137,195,5,1,350.19480619623846,buyer,BUY-11423,reliable,1
0.7836455636745762,0.0,1.0,0.21635443632542384,0.35,9,6,3,6,0,0,0,3,2,20,29,0,0,354.86337614708333,buyer,BUY-11424,occasional_reliable,1
0.8838906654885654,0.06797191815864789,0.8384276300638442,0.11610933451143446,0.5,26,21,5,21,2,7,1,10,0,64,96,2,0,329.20278195445604,buyer,BUY-11425,frequent_returner,0
0.4318060062896998,0.0,1.0,0.5681939937103002,0.1,31,17,14,17,0,1,0,2,0,51,83,0,0,355.40902646501155,buyer,BUY-11426,frequent_canceller,0
0.5997074574129766,0.0,0.8593029919877103,0.4002925425870235,0.0,16,11,5,11,3,3,0,0,0,30,49,1,0,333.597431133669,buyer,BUY-11427,poor_payment,0
0.6668222555898735,0.0,0.8128027429101122,0.3331777444101265,0.2,26,16,10,16,1,4,0,4,0,50,80,2,0,362.0207436327315,buyer,BUY-11428,mixed,0
0.9719978649660399,0.0,0.9402675082480934,0.028002135033959985,1.0,39,37,2,37,2,0,0,25,1,102,141,5,0,361.321419916331,buyer,BUY-11429,reliable,1
1.0,0.0,1.0,0.0,0.3,5,5,0,5,0,0,0,2,2,14,19,2,0,347.21473536769673,buyer,BUY-11430,occasional_reliable,1
0.801345027615381,0.35847355332045094,0.9137224227588695,0.19865497238461927,0.35,33,27,6,27,3,11,4,7,0,78,118,1,1,350.12373805159723,buyer,BUY-11431,frequent_returner,0
0.5168489847904993,0.0,0.8146823748650491,0.48315101520950066,0.0,13,8,5,8,1,0,0,0,0,21,34,1,1,354.76187091696755,buyer,BUY-11432,frequent_canceller,0
0.8006434580800487,0.0,0.7400638909561509,0.19935654191995145,0.1,24,19,5,19,4,0,0,2,0,45,69,2,0,334.3386256715162,buyer,BUY-11433,poor_payment,0
0.8460622595120123,1.0,0.5918278784302716,0.15393774048798792,0.1,13,9,4,9,3,1,1,2,0,25,38,1,0,354.39727416403935,buyer,BUY-11434,mixed,0
0.9484481882880765,0.0,0.9656056016955444,0.05155181171192336,1.0,54,51,3,51,2,2,0,24,0,131,187,7,1,363.08322774562504,buyer,BUY-11435,reliable,1
0.9257983715391899,0.0,0.6484885405032027,0.07420162846081013,0.2,15,14,1,14,3,0,0,4,0,33,48,0,0,359.76503645335646,buyer,BUY-11436,occasional_reliable,1
0.8818341322370258,0.057373176529176284,0.9065339282856401,0.11816586776297433,0.5,21,18,3,18,2,4,1,8,1,52,76,0,0,347.44888631383105,buyer,BUY-11437,frequent_returner,0
0.6273220073111353,0.0,0.9769154181295121,0.3726779926888645,0.0,21,11,10,11,1,1,0,0,0,33,55,1,0,354.2697791140741,buyer,BUY-11438,frequent_canceller,0
0.8836771352596424,0.0,0.5446017422469228,0.11632286474035769,0.2,23,20,3,20,10,1,0,2,1,47,71,0,0,357.75786198645835,buyer,BUY-11439,poor_payment,0
0.8507560535967666,0.0,0.8303600031312518,0.14924394640323335,0.2,33,28,5,28,6,5,0,4,0,70,108,3,0,347.37893615186346,buyer,BUY-11440,mixed,1
1.0,0.0,0.9380684042249907,0.0,0.95,34,34,0,34,3,4,0,19,0,91,129,4,0,362.15639398181713,buyer,BUY-11441,reliable,1
0.8526383786424115,0.0,0.740576981070419,0.14736162135758857,0.15,12,8,4,8,1,0,0,3,0,23,35,1,0,361.94270442769675,buyer,BUY-11442,occasional_reliable,1
0.9112797291281853,0.03341619641386928,1.0,0.08872027087181467,0.25,21,20,1,20,0,9,1,5,0,55,84,2,0,364.3851850929051,buyer,BUY-11443,frequent_returner,0
0.3817224556466076,0.0,0.563124871228865,0.6182775443533923,0.05,21,10,11,10,3,2,0,1,0,34,57,2,1,354.9790902121412,buyer,BUY-11444,frequent_canceller,0
0.8381400530157096,1.0,0.6624718945330066,0.1618599469842904,0.2,15,13,2,13,6,1,1,4,0,33,48,1,0,355.765838313287,buyer,BUY-11445,poor_payment,0
0.7362983962757675,1.0,0.6324847031764534,0.26370160372423257,0.45,19,15,4,15,5,1,1,3,3,41,60,4,1,330.5503756224074,buyer,BUY-11446,mixed,1
0.9761166801966621,0.0,0.9775747172416394,0.02388331980333791,1.0,31,30,1,30,1,1,0,20,2,84,116,3,0,362.9912999025926,buyer,BUY-11447,reliable,1
0.5701262315133206,0.0,1.0,0.42987376848667935,0.05,6,5,1,5,0,2,0,1,0,14,22,1,1,353.9311178925579,buyer,BUY-11448,occasional_reliable,1
0.828059798152971,0.6768991320975435,0.9865773474611422,0.17194020184702907,0.25,16,13,3,13,1,5,2,5,0,39,58,1,0,340.08590754203703,buyer,BUY-11449,frequent_returner,0
0.8326270145324085,0.0,0.5134634850110751,0.16737298546759138,0.05,10,7,3,7,2,0,0,1,0,18,28,1,0,286.26830336,buyer,BUY-11450,frequent_canceller,0
0.9168212532002548,0.0,0.7394800183701122,0.08317874679974546,0.35,23,21,2,21,7,4,0,5,1,54,81,2,0,346.6465677314236,buyer,BUY-11451,poor_payment,0
0.43535737598982,0.0,1.0,0.5646426240101801,0.0,9,4,5,4,0,0,0,0,0,13,22,1,0,327.7746360572801,buyer,BUY-11452,mixed,1
0.9144507037232678,0.0,0.9921442567800103,0.08554929627673225,1.0,56,52,4,52,1,2,0,32,0,142,200,6,1,359.25934710409723,buyer,BUY-11453,reliable,1
1.0,0.0,1.0,0.0,0.2,11,11,0,11,0,1,0,2,1,26,38,0,0,356.5137999543403,buyer,BUY-11454,occasional_reliable,1
0.8746956198185171,0.0,0.9885994100725334,0.1253043801814827,0.35,24,21,3,21,1,8,0,7,0,60,92,0,0,360.0031009671065,buyer,BUY-11455,frequent_returner,0
0.31457726523416296,0.0,0.8591166205555499,0.685422734765837,0.0,28,13,15,13,2,0,0,0,0,41,69,3,2,334.7381505650463,buyer,BUY-11456,frequent_canceller,0
0.8440479224684254,0.0,0.6474690323121206,0.1559520775315747,0.2,19,16,3,16,4,0,0,2,1,38,57,1,0,364.5385505062037,buyer,BUY-11457,poor_payment,0
0.7172975344281459,0.0,0.4170060839854258,0.2827024655718542,0.25,18,14,4,14,7,5,0,5,0,42,65,1,1,355.1516677505324,buyer,BUY-11458,mixed,0
0.9208541108223102,0.0,1.0,0.07914588917768972,0.85,28,27,1,27,0,1,0,17,0,73,102,3,1,361.00557592883104,buyer,BUY-11459,reliable,1
0.744657821617654,0.0,1.0,0.25534217838234596,0.15,5,4,1,4,0,0,0,1,1,11,16,0,0,231.0769644287963,buyer,BUY-11460,occasional_reliable,1
0.7561862580468206,0.22552702842408212,0.9684602839795036,0.24381374195317917,0.3,22,17,5,17,1,5,2,6,0,50,75,1,0,309.8658874330208,buyer,BUY-11461,frequent_returner,0
0.3747362587083625,0.0,0.9581381291943452,0.6252637412916375,0.2,38,17,21,17,2,1,0,4,0,60,99,1,1,359.7290923413079,buyer,BUY-11462,frequent_canceller,0
0.6584058926435902,0.0,0.7402285018257452,0.3415941073564097,0.05,10,6,4,6,2,0,0,1,0,17,27,2,0,361.8725729351157,buyer,BUY-11463,poor_payment,0
0.7516820884385518,0.0,0.7627231516197086,0.24831791156144822,0.3,26,17,9,17,3,2,0,4,1,50,78,1,0,324.3551064718982,buyer,BUY-11464,mixed,1
0.9706985707389749,0.0,0.9691684965560504,0.029301429261025302,1.0,49,46,3,46,2,1,0,30,0,126,176,6,0,356.88429562435186,buyer,BUY-11465,reliable,1
0.8696662068845427,0.0,0.6790649576326531,0.13033379311545734,0.35,15,14,1,14,3,2,0,5,1,37,54,3,1,357.33599894979164,buyer,BUY-11466,occasional_reliable,1
0.9478307436209765,0.0,0.775114450975627,0.052169256379023476,0.25,27,25,2,25,7,4,0,5,0,61,92,1,0,358.5538999030324,buyer,BUY-11467,frequent_returner,0
0.5827418835585157,0.0,1.0,0.41725811644148436,0.0,26,14,12,14,0,0,0,0,0,40,66,3,1,347.9138933027199,buyer,BUY-11468,frequent_canceller,0
0.7230151946859367,0.0,0.4837079362727935,0.27698480531406333,0.15,29,21,8,21,9,3,0,1,1,55,87,0,0,363.9569100603125,buyer,BUY-11469,poor_payment,0
0.541937893091191,0.0,0.980783404806747,0.4580621069088089,0.35,21,12,9,12,1,4,0,5,1,43,68,3,2,341.67134133854165,buyer,BUY-11470,mixed,0
0.9810108179596374,0.0,0.9308046040411841,0.018989182040362595,1.0,60,59,1,59,3,1,0,33,0,153,214,6,0,349.9632304945949,buyer,BUY-11471,reliable,1
1.0,0.0,1.0,0.0,0.05,3,3,0,3,0,0,0,1,0,7,10,0,0,313.6377091702662,buyer,BUY-11472,occasional_reliable,1
0.8803093118377858,0.1846974480558108,1.0,0.11969068816221418,0.25,17,15,2,15,0,7,1,3,1,43,66,0,0,345.8450379448842,buyer,BUY-11473,frequent_returner,0
0.20176357514356097,0.0,1.0,0.7982364248564391,0.1,24,7,17,7,0,1,0,2,0,34,59,2,2,351.1062687893056,buyer,BUY-11474,frequent_canceller,0
0.8769247657396197,0.0,0.32464594606964814,0.12307523426038025,0.1,20,19,1,19,10,2,0,2,0,43,65,1,0,364.68751042383104,buyer,BUY-11475,poor_payment,0
0.6822830799859938,0.0,0.8167928141852927,0.3177169200140062,0.05,10,7,3,7,1,1,0,1,0,19,30,2,1,296.9859570851852,buyer,BUY-11476,mixed,0
0.9772474135293885,0.0,1.0,0.022752586470611513,0.95,32,30,2,30,0,1,0,19,0,82,115,3,0,354.9798067516898,buyer,BUY-11477,reliable,1
1.0,0.0,1.0,0.0,0.45,12,12,0,12,0,2,0,5,2,33,47,1,0,354.7813789582639,buyer,BUY-11478,occasional_reliable,1
0.9410112949031336,0.13387766669692291,0.92200492610806,0.05898870509686638,0.4,22,19,3,19,1,6,1,6,1,54,81,1,0,355.7458096073032,buyer,BUY-11479,frequent_returner,0
0.3730028265744118,0.0,1.0,0.6269971734255881,0.15,26,11,15,11,0,0,0,1,1,39,65,4,4,356.18606028402775,buyer,BUY-11480,frequent_canceller,0
0.7991534705399836,0.0,0.5905242710691688,0.20084652946001658,0.3,29,22,7,22,10,3,0,6,0,60,92,2,1,364.78693227937504,buyer,BUY-11481,poor_payment,0
0.6581741402365374,0.0,0.748608073836454,0.3418258597634626,0.0,15,9,6,9,2,0,0,0,0,24,39,1,0,351.675822331875,buyer,BUY-11482,mixed,0
0.858051181782199,0.0,0.8783289901766055,0.14194881821780103,0.8,22,19,3,19,1,0,0,12,2,55,77,2,1,328.16206170106483,buyer,BUY-11483,reliable,1
1.0,0.0,1.0,0.0,0.1,6,6,0,6,0,0,0,2,0,14,20,1,0,212.99623842364582,buyer,BUY-11484,occasional_reliable,1
0.8697838332401777,0.6358654264891688,1.0,0.1302161667598224,0.25,16,14,2,14,0,3,1,5,0,38,56,2,0,353.8537332540857,buyer,BUY-11485,frequent_returner,0
0.37443753976868094,0.0,1.0,0.625562460231319,0.0,13,7,6,7,0,0,0,0,0,20,33,1,1,363.1565254602778,buyer,BUY-11486,frequent_canceller,0
1.0,0.0,0.36512247995871305,0.0,0.0,10,10,0,10,5,0,0,0,0,20,30,1,0,342.64669435446757,buyer,BUY-11487,poor_payment,0
0.7619691303083814,0.0,1.0,0.23803086969161869,0.15,9,7,2,7,0,0,0,1,1,18,27,0,0,305.52212452489584,buyer,BUY-11488,mixed,1
1.0,0.0,1.0,0.0,0.65,24,24,0,24,0,1,0,11,1,61,86,0,0,334.83627686922455,buyer,BUY-11489,reliable,1
1.0,0.0,0.5519671034171102,0.0,0.4,11,11,0,11,4,1,0,4,2,29,41,2,0,197.28659646703701,buyer,BUY-11490,occasional_reliable,1
0.727038175758298,0.1352374454136569,0.9849404115002306,0.272961824241702,0.2,18,14,4,14,1,6,1,4,0,42,65,1,1,356.90520266788195,buyer,BUY-11491,frequent_returner,0
0.5178721858724507,0.0,0.9346497648588172,0.48212781412754957,0.1,19,11,8,11,1,0,0,2,0,32,51,3,1,357.7984566389583,buyer,BUY-11492,frequent_canceller,0
0.9483674286703752,0.20684212694195658,0.5530091935965118,0.051632571329624954,0.25,29,26,3,26,14,2,1,5,0,62,92,4,0,350.2086693764468,buyer,BUY-11493,poor_payment,0
0.6470490443963706,0.0,0.7528686728469254,0.3529509556036293,0.2,11,7,4,7,1,0,0,2,1,21,32,3,1,363.3596884874074,buyer,BUY-11494,mixed,1
0.8592719097724882,0.0,0.9914676825381664,0.14072809022751176,1.0,48,43,5,43,1,1,0,32,0,124,173,5,0,357.5065984842245,buyer,BUY-11495,reliable,1
1.0,0.0,1.0,0.0,0.1,4,4,0,4,0,0,0,2,0,10,14,0,0,295.1553704660648,buyer,BUY-11496,occasional_reliable,1
0.8157480556715612,0.06704100668205137,0.8361961062905537,0.18425194432843883,0.35,29,26,3,26,4,7,1,5,1,68,103,1,0,351.02181476489585,buyer,BUY-11497,frequent_returner,0
0.4546583917514318,0.0,0.8952701452036366,0.5453416082485683,0.05,36,14,22,14,1,1,0,1,0,52,89,1,0,363.15189182584487,buyer,BUY-11498,frequent_canceller,0
0.990091534248566,0.0,0.6281244983596341,0.009908465751434004,0.1,19,18,1,18,7,3,0,2,0,42,64,1,0,355.9742520330324,buyer,BUY-11499,poor_payment,0
0.9477861193980783,0.0,0.7590521337364488,0.05221388060192167,0.25,15,14,1,14,2,4,0,3,1,37,56,2,0,343.3026556924653,buyer,BUY-11500,mixed,1
0.9763533915473416,0.0,1.0,0.023646608452658313,0.7,26,25,1,25,0,1,0,14,0,66,93,1,0,361.9850682839699,buyer,BUY-11501,reliable,1
1.0,0.0,1.0,0.0,0.1,4,4,0,4,0,0,0,2,0,10,14,1,0,264.4558348218866,buyer,BUY-11502,occasional_reliable,1
0.8792540739802025,0.17924511091112671,1.0,0.1207459260197975,0.45,29,26,3,26,0,8,2,9,0,72,107,3,1,339.8238555202083,buyer,BUY-11503,frequent_returner,0
0.35135187783810723,0.0,1.0,0.6486481221618927,0.05,38,12,26,12,0,0,0,1,0,51,89,3,2,355.94539498721065,buyer,BUY-11504,frequent_canceller,0
0.9600263245212309,0.0,0.7392037506552256,0.039973675478769066,0.0,11,10,1,10,3,1,0,0,0,22,34,0,0,361.86526831346066,buyer,BUY-11505,poor_payment,0
0.7810320032370835,1.0,0.8080445662736768,0.21896799676291645,0.35,25,18,7,18,4,1,1,7,0,51,76,4,0,359.3014339020602,buyer,BUY-11506,mixed,1
0.927689809367925,0.0,1.0,0.072310190632075,0.8,20,19,1,19,0,0,0,14,1,54,74,2,0,344.3823666509143,buyer,BUY-11507,reliable,1
1.0,0.0,0.5373068081413914,0.0,0.2,3,3,0,3,1,0,0,2,1,9,12,2,0,184.68509809027776,buyer,BUY-11508,occasional_reliable,1
0.9088121378364908,0.0,0.9118307002132493,0.09118786216350905,0.65,38,35,3,35,3,12,0,11,1,97,147,3,0,359.41051894850693,buyer,BUY-11509,frequent_returner,0
0.4455355678400226,0.0,1.0,0.5544644321599774,0.15,26,10,16,10,0,1,0,3,0,40,67,0,0,335.70456998601856,buyer,BUY-11510,frequent_canceller,0
0.7630556788489117,0.0,0.31059320240825866,0.23694432115108843,0.05,22,16,6,16,10,0,0,1,0,39,61,2,1,356.0236560728009,buyer,BUY-11511,poor_payment,0
0.6933060550115014,0.0,0.9041495851406718,0.30669394498849856,0.1,13,7,6,7,1,0,0,2,0,22,35,1,0,327.4476039373148,buyer,BUY-11512,mixed,0
0.8983353664391885,0.0,0.9847105229439769,0.10166463356081101,1.0,54,49,5,49,1,2,0,31,1,137,193,2,0,353.73925450912037,buyer,BUY-11513,reliable,1
0.8988634163375717,0.0,1.0,0.10113658366242828,0.2,8,7,1,7,0,0,0,4,0,19,27,3,0,270.65928095292827,buyer,BUY-11514,occasional_reliable,1
0.8659114644023186,0.18045628828929983,0.9829658358860601,0.13408853559768152,0.4,19,17,2,17,1,7,1,6,1,50,75,2,1,339.445861646412,buyer,BUY-11515,frequent_returner,0
0.5802562150394214,0.0,0.941120767232946,0.4197437849605786,0.0,19,10,9,10,2,0,0,0,0,29,48,1,0,357.96343234748844,buyer,BUY-11516,frequent_canceller,0
0.7071088713013653,0.0,0.6825787761034919,0.29289112869863465,0.25,14,11,3,11,3,0,0,5,0,30,44,0,0,358.23853738099535,buyer,BUY-11517,poor_payment,0
0.7100110588127043,0.0,0.7623202900953276,0.2899889411872957,0.1,23,16,7,16,4,1,0,2,0,42,66,3,0,322.96487313028933,buyer,BUY-11518,mixed,0
0.9544536016797234,0.0,1.0,0.045546398320276626,1.0,43,41,2,41,0,2,0,25,1,112,157,3,0,363.1460199470486,buyer,BUY-11519,reliable,1
1.0,0.0,0.948196232532405,0.0,0.1,6,6,0,6,1,1,0,2,0,15,22,2,0,227.26414267565974,buyer,BUY-11520,occasional_reliable,1
0.7406576532194115,0.48856079060234137,0.9751297598183024,0.25934234678058865,0.25,16,13,3,13,1,5,2,5,0,39,58,0,0,329.90561694186346,buyer,BUY-11521,frequent_returner,0
0.44768463018125104,0.0,1.0,0.552315369818749,0.05,39,20,19,20,0,0,0,1,0,60,99,2,1,363.0842083046759,buyer,BUY-11522,frequent_canceller,0
0.7730746645869622,0.0,0.586209489296211,0.22692533541303783,0.05,22,14,8,14,8,2,0,1,0,39,63,4,0,355.3531003908796,buyer,BUY-11523,poor_payment,0
0.6827667388482567,0.03319916454780736,0.7832371502053652,0.3172332611517431,0.05,34,23,11,23,5,7,1,1,0,65,105,5,1,353.1112907221412,buyer,BUY-11524,mixed,0
0.9404277360835563,0.0,1.0,0.05957226391644377,1.0,35,33,2,33,0,1,0,17,4,90,126,1,0,348.0365190027315,buyer,BUY-11525,reliable,1
1.0,0.0,0.9243664362359505,0.0,0.2,9,9,0,9,1,1,0,4,0,23,33,1,0,343.29761768506944,buyer,BUY-11526,occasional_reliable,1
0.7851441375352098,0.07419626155929071,1.0,0.21485586246479016,0.3,15,12,3,12,0,6,1,4,1,38,58,1,0,344.6722937997685,buyer,BUY-11527,frequent_returner,0
0.4597972249623197,0.0,0.8890503574337661,0.5402027750376803,0.05,35,13,22,13,1,0,0,1,0,49,84,1,0,351.63050656130787,buyer,BUY-11528,frequent_canceller,0
0.6896508693767758,0.0,0.5223144365454385,0.3103491306232242,0.35,30,23,7,23,8,2,0,7,0,62,94,1,0,325.77363343591435,buyer,BUY-11529,poor_payment,0
0.5912094418993165,0.05258771663816564,0.7005981904014759,0.40879055810068343,0.15,26,14,12,14,3,4,1,3,0,47,76,3,1,349.52118644653933,buyer,BUY-11530,mixed,0
0.8837105209346768,0.0,0.8690181653478876,0.11628947906532316,1.0,53,48,5,48,4,2,0,30,2,135,190,4,1,354.4381927146991,buyer,BUY-11531,reliable,1
0.7013948951880559,0.0,1.0,0.29860510481194413,0.05,11,8,3,8,0,0,0,1,0,20,31,0,0,343.8894449533912,buyer,BUY-11532,occasional_reliable,1
0.882837297455461,0.1686909158450951,0.9909223252914698,0.11716270254453898,0.3,35,28,7,28,1,11,1,4,1,79,124,1,0,358.96657928328705,buyer,BUY-11533,frequent_returner,0
0.486443645223884,0.0,0.9768778689311629,0.5135563547761159,0.1,26,14,12,14,1,2,0,2,0,44,72,0,0,359.26325212123845,buyer,BUY-11534,frequent_canceller,0
0.9228834899461126,0.0,0.7178333686581814,0.07711651005388742,0.1,18,16,2,16,6,0,0,2,0,36,54,0,0,364.74759904038194,buyer,BUY-11535,poor_payment,0
0.7836846127996556,0.0,0.8226676377918604,0.21631538720034438,0.5,17,13,4,13,2,0,0,6,2,38,55,1,0,356.6671111066319,buyer,BUY-11536,mixed,0
0.9559089094960828,0.0,1.0,0.04409109050391724,0.8,20,19,1,19,0,1,0,14,1,55,76,0,0,361.0984078791319,buyer,BUY-11537,reliable,1
0.6525023150906228,0.0,0.41834687125513986,0.34749768490937716,0.2,6,4,2,4,2,0,0,0,2,12,18,1,0,323.63830712517364,buyer,BUY-11538,occasional_reliable,1
0.9577828651056274,0.7237066080934365,0.9864288397659096,0.04221713489437262,0.2,15,14,1,14,1,7,4,4,0,40,58,3,0,348.71945064085645,buyer,BUY-11539,frequent_returner,0
0.331462894198957,0.0,0.5824325940015113,0.668537105801043,0.25,37,17,20,17,5,2,0,3,1,60,99,2,2,364.6359794196875,buyer,BUY-11540,frequent_canceller,0
0.7599587169519691,0.0,0.574311316087661,0.24004128304803063,0.05,25,20,5,20,10,2,0,1,0,48,75,2,2,364.9623605325232,buyer,BUY-11541,poor_payment,0
0.87765686090952,0.0,0.6509842855723865,0.12234313909047989,0.2,15,11,4,11,5,1,0,2,1,30,46,0,0,361.77982931854166,buyer,BUY-11542,mixed,1
0.9835931669945505,0.0,1.0,0.01640683300544954,1.0,37,36,1,36,0,4,0,21,1,99,140,2,0,356.22048546819445,buyer,BUY-11543,reliable,1
0.8521861957070137,0.0,1.0,0.1478138042929863,0.25,11,9,2,9,0,1,0,3,1,25,37,0,0,358.86456237979166,buyer,BUY-11544,occasional_reliable,1
0.8626463987322605,0.3585995230474779,1.0,0.13735360126773954,0.15,19,15,4,15,0,4,1,3,0,41,63,0,0,346.88098367079857,buyer,BUY-11545,frequent_returner,0
0.5106427884776502,0.0,1.0,0.4893572115223498,0.0,12,5,7,5,0,0,0,0,0,17,29,1,1,351.979885066169,buyer,BUY-11546,frequent_canceller,0
0.8854724290701499,0.0,0.4294217038246746,0.11452757092985,0.1,25,22,3,22,11,0,0,2,0,49,74,1,0,353.60344395342594,buyer,BUY-11547,poor_payment,0
0.7186308853975686,0.0,0.8134111716174328,0.2813691146024314,0.25,27,22,5,22,5,3,0,5,0,57,87,4,2,360.26855048568285,buyer,BUY-11548,mixed,0
0.9402887915606013,0.0,1.0,0.05971120843939859,1.0,42,40,2,40,0,1,0,26,0,109,152,4,0,350.22117236518517,buyer,BUY-11549,reliable,1
0.9721640411135595,0.0,0.9473996470895226,0.027835958886440526,0.15,11,10,1,10,1,0,0,3,0,24,35,0,0,338.88227091613425,buyer,BUY-11550,occasional_reliable,1
1.0,0.41463920038181745,0.9775485791374614,0.0,0.25,19,19,0,19,1,8,3,5,0,51,75,1,0,363.9257113858102,buyer,BUY-11551,frequent_returner,0
0.6476106769861932,0.0,1.0,0.35238932301380677,0.05,14,9,5,9,0,1,0,1,0,25,40,3,2,311.38049110964124,buyer,BUY-11552,frequent_canceller,0
0.9663282494727022,0.0,0.7821287013104017,0.03367175052729754,0.0,21,20,1,20,6,2,0,0,0,43,66,1,0,362.8295799074421,buyer,BUY-11553,poor_payment,0
0.714918090231486,0.0,0.6782704875059155,0.2850819097685139,0.3,31,21,10,21,5,5,0,6,0,63,99,5,1,363.7088486698842,buyer,BUY-11554,mixed,0
0.9351992998953678,0.0,0.9777135981974945,0.06480070010463246,1.0,57,55,2,55,3,2,0,39,3,156,215,4,1,353.71920928253473,buyer,BUY-11555,reliable,1
0.860055577138141,0.0,1.0,0.13994442286185904,0.3,7,6,1,6,0,1,0,4,1,19,27,0,0,358.1815253418981,buyer,BUY-11556,occasional_reliable,1
0.9529310371928498,0.3256105851919684,0.8740450859011436,0.04706896280715023,0.45,31,30,1,30,5,6,2,9,0,76,111,2,0,348.9610675803125,buyer,BUY-11557,frequent_returner,0
0.42175716533170704,0.0,1.0,0.5782428346682928,0.1,34,13,21,13,0,2,0,2,0,51,87,1,1,364.2658453210185,buyer,BUY-11558,frequent_canceller,0
0.964651815018454,0.0,0.6008748577898738,0.035348184981545905,0.25,12,11,1,11,5,0,0,3,1,27,39,1,0,360.0406401221296,buyer,BUY-11559,poor_payment,0
0.8134542993333339,0.0,0.9396826510579287,0.1865457006666661,0.15,17,12,5,12,1,1,0,3,0,33,51,0,0,302.67467063832174,buyer,BUY-11560,mixed,0
0.9763926384887726,0.0,0.9849503977781665,0.023607361511227443,1.0,43,41,2,41,1,2,0,24,3,113,158,5,0,347.15396983031246,buyer,BUY-11561,reliable,1
0.9257953284159677,0.0,0.9481103157774246,0.07420467158403254,0.5,15,13,2,13,1,0,0,8,1,37,52,0,0,315.2439111780092,buyer,BUY-11562,occasional_reliable,1
0.8482015159315363,0.2839357592159799,0.8281228822414716,0.15179848406846352,0.3,19,17,2,17,2,10,3,6,0,52,78,3,1,347.0082093819213,buyer,BUY-11563,frequent_returner,0
0.4059469018262007,0.0,0.6969644916969966,0.5940530981737994,0.1,16,7,9,7,2,0,0,2,0,25,41,1,1,342.9861268888079,buyer,BUY-11564,frequent_canceller,0
0.8225311281405823,0.0,0.4820374968246746,0.17746887185941773,0.1,20,15,5,15,9,1,0,0,1,37,58,1,0,355.6272341071412,buyer,BUY-11565,poor_payment,0
0.8095229162044395,0.0,0.8693138900907859,0.1904770837955606,0.5,27,21,6,21,4,1,0,6,2,57,85,3,1,363.0651285854861,buyer,BUY-11566,mixed,1
0.9263255033955756,0.0,1.0,0.07367449660442438,0.7,23,22,1,22,0,1,0,12,1,59,83,2,0,360.76753139313655,buyer,BUY-11567,reliable,1
0.7180567367851539,0.0,1.0,0.2819432632148461,0.2,12,9,3,9,0,0,0,4,0,25,37,0,0,359.83759646043984,buyer,BUY-11568,occasional_reliable,1
0.8214943125246543,0.041805128297039085,0.8356014350930973,0.1785056874753458,0.25,23,20,3,20,1,8,1,5,0,56,86,0,0,364.11611589258104,buyer,BUY-11569,frequent_returner,0
0.40316617136302024,0.0,0.9449607882725817,0.5968338286369799,0.0,22,10,12,10,1,0,0,0,0,32,54,3,2,363.9367562995486,buyer,BUY-11570,frequent_canceller,0
0.7969577240279939,0.0,0.8794435185185601,0.20304227597200597,0.0,15,12,3,12,4,0,0,0,0,27,42,3,1,317.64558225486115,buyer,BUY-11571,poor_payment,0
0.9817448196979184,0.0,0.32905862629533333,0.01825518030208184,0.2,9,8,1,8,4,0,0,2,1,20,29,1,0,360.6751667268866,buyer,BUY-11572,mixed,1
0.93830283533215,0.0,1.0,0.061697164667850135,1.0,47,44,3,44,0,2,0,28,2,123,172,3,0,339.7703418407755,buyer,BUY-11573,reliable,1
0.9065614871179449,0.0,0.796367469566113,0.09343851288205507,0.3,10,8,2,8,1,0,0,4,1,23,33,0,0,336.1632470191204,buyer,BUY-11574,occasional_reliable,1
0.8410569724053945,0.1291408171638142,0.8917687780787543,0.15894302759460577,0.4,22,19,3,19,1,4,1,8,0,53,78,0,0,360.90151169666666,buyer,BUY-11575,frequent_returner,0
0.4408578668768672,0.0,0.9801028949374211,0.559142133123133,0.05,32,13,19,13,1,2,0,1,0,48,82,2,1,354.8421078556597,buyer,BUY-11576,frequent_canceller,0
0.9903866333135039,0.0,0.6913260223822909,0.00961336668649615,0.2,24,23,1,23,10,2,0,4,0,53,79,0,0,341.1392373427662,buyer,BUY-11577,poor_payment,0
0.5738878675648591,0.6883873434699693,0.7721791933972846,0.426112132435141,0.1,28,17,11,17,4,3,1,2,0,50,80,5,2,349.95195988252317,buyer,BUY-11578,mixed,0
0.9724887510920488,0.0,0.8727895512278115,0.027511248907951313,1.0,37,35,2,35,2,2,0,25,3,102,141,4,0,344.33860652778935,buyer,BUY-11579,reliable,1
1.0,0.0,0.9423211047842289,0.0,0.1,3,3,0,3,1,0,0,2,0,8,11,1,0,357.8974066564005,buyer,BUY-11580,occasional_reliable,1
0.9786490079151656,0.26118309794989736,1.0,0.021350992084834264,0.3,20,19,1,19,0,7,2,6,0,52,77,2,0,325.33122429192133,buyer,BUY-11581,frequent_returner,0
0.847236700333106,0.0,0.7993440882639368,0.15276329966689384,0.0,13,9,4,9,2,0,0,0,0,22,35,2,0,341.63147826241897,buyer,BUY-11582,frequent_canceller,0
0.9367884783010362,0.0,0.5812573128671571,0.06321152169896382,0.2,30,26,4,26,13,2,0,4,0,62,94,3,0,364.81633037548613,buyer,BUY-11583,poor_payment,0
0.617613417505933,0.0,0.9488301172492175,0.3823865824940671,0.1,29,18,11,18,3,1,0,2,0,50,80,3,0,348.32325830991897,buyer,BUY-11584,mixed,0
1.0,0.0,0.9148685280353699,0.0,1.0,39,39,0,39,2,3,0,19,1,101,143,7,0,362.1490631580324,buyer,BUY-11585,reliable,1
1.0,0.0,1.0,0.0,0.1,4,4,0,4,0,0,0,2,0,10,14,0,0,353.0940213602778,buyer,BUY-11586,occasional_reliable,1
0.9418880413304909,0.10460957489245815,0.887867004268577,0.058111958669509245,0.45,36,33,3,33,4,10,2,9,0,88,132,3,0,364.1990949503241,buyer,BUY-11587,frequent_returner,0
0.40916784376424115,0.0,0.9694746897900325,0.5908321562357588,0.1,27,11,16,11,1,0,0,0,1,39,66,2,1,363.30882765328704,buyer,BUY-11588,frequent_canceller,0
0.8953249304725351,0.0,0.5856370723375954,0.10467506952746486,0.2,19,16,3,16,7,0,0,4,0,39,58,3,0,361.1765512896065,buyer,BUY-11589,poor_payment,0
0.5580552846376382,0.30334062308765997,0.7898324609699364,0.4419447153623617,0.15,22,11,11,11,3,2,1,3,0,38,61,1,1,348.12624320870367,buyer,BUY-11590,mixed,0
0.9867728983886059,0.0,1.0,0.013227101611394065,0.6,24,23,1,23,0,2,0,10,1,60,86,1,0,342.65682235381945,buyer,BUY-11591,reliable,1
0.7931868686037221,0.0,0.6903623083738097,0.20681313139627788,0.2,13,11,2,11,3,0,0,4,0,28,41,1,1,322.1750804265046,buyer,BUY-11592,occasional_reliable,1
0.831158541906152,0.46707963646031947,0.9609148854963185,0.16884145809384798,0.65,30,27,3,27,2,12,6,13,0,82,118,3,1,349.82414080837964,buyer,BUY-11593,frequent_returner,0
0.4784694884899571,0.0,0.5982329491796747,0.5215305115100429,0.05,37,16,21,16,4,1,0,1,0,55,93,3,0,360.23914340350694,buyer,BUY-11594,frequent_canceller,0
0.8217859320336794,0.0,0.5804551813927137,0.17821406796632067,0.1,20,16,4,16,7,1,0,2,0,39,60,2,1,358.5368475971296,buyer,BUY-11595,poor_payment,0
0.689903242276736,0.0,0.7290801323390543,0.31009675772326417,0.0,16,11,5,11,3,0,0,0,0,27,43,1,1,289.07701829800925,buyer,BUY-11596,mixed,1
0.9272897254641593,0.0,1.0,0.07271027453584045,1.0,49,45,4,45,0,2,0,28,0,124,175,4,0,355.5876554892361,buyer,BUY-11597,reliable,1
0.8697308506131443,0.0,1.0,0.13026914938685585,0.2,13,11,2,11,0,2,0,4,0,30,45,2,0,326.3485240374653,buyer,BUY-11598,occasional_reliable,1
0.9443778791229848,0.06479590463967533,0.9535164698851503,0.055622120877015346,0.5,34,32,2,32,2,16,1,10,0,92,141,5,0,354.0964417406366,buyer,BUY-11599,frequent_returner,0
0.4563045356686768,0.0,0.8722067740037337,0.543695464331323,0.35,29,16,13,16,2,2,0,7,0,54,85,2,2,330.5422676926852,buyer,BUY-11600,frequent_canceller,0
0.9472195977410887,0.0,0.8352828641638178,0.05278040225891134,0.1,14,13,1,13,4,1,0,2,0,30,45,1,0,362.57669420327545,buyer,BUY-11601,poor_payment,0
0.7276903668097576,0.0,0.8718762878232724,0.2723096331902424,0.15,19,15,4,15,1,2,0,3,0,39,60,2,1,342.81454956481485,buyer,BUY-11602,mixed,1
0.9676630670166556,0.0,1.0,0.03233693298334439,1.0,39,38,1,38,0,1,0,23,0,101,141,2,0,346.95082806597225,buyer,BUY-11603,reliable,1
1.0,0.0,1.0,0.0,0.25,9,9,0,9,0,0,0,3,1,22,31,0,0,252.41805058553243,buyer,BUY-11604,occasional_reliable,1
0.8590951938427562,0.0,0.9839119545759207,0.14090480615724377,0.3,27,23,4,23,1,4,0,6,0,60,91,5,1,338.44968584561343,buyer,BUY-11605,frequent_returner,0
0.6370742681865917,0.0,1.0,0.36292573181340837,0.05,11,7,4,7,0,0,0,1,0,19,30,0,0,350.56807861974534,buyer,BUY-11606,frequent_canceller,0
0.6387763194344264,0.0,0.39223835998534345,0.3612236805655735,0.15,19,13,6,13,7,1,0,3,0,36,56,0,0,354.1899254257986,buyer,BUY-11607,poor_payment,0
0.8495211230331132,0.06716320030524114,0.7087038982836122,0.1504788769668869,0.3,19,15,4,15,4,4,1,6,0,44,66,0,0,347.5359155466898,buyer,BUY-11608,mixed,1
0.9260122754037193,0.09343232634331045,1.0,0.07398772459628089,1.0,50,47,3,47,0,2,1,26,2,127,178,8,1,363.1238597870139,buyer,BUY-11609,reliable,1
1.0,0.0,1.0,0.0,0.3,3,3,0,3,0,0,0,2,2,10,13,0,0,358.47469854773146,buyer,BUY-11610,occasional_reliable,1
0.9675031754047589,0.2209919024318424,1.0,0.03249682459524106,0.45,21,20,1,20,0,6,1,9,0,56,82,2,0,359.8911754644213,buyer,BUY-11611,frequent_returner,0
0.6424488357706774,0.0,0.6343739926866915,0.35755116422932254,0.15,35,23,12,23,5,1,0,3,0,62,98,3,2,362.7493419557176,buyer,BUY-11612,frequent_canceller,0
0.8791602925445475,0.0,0.7317808821138081,0.12083970745545236,0.35,21,16,5,16,5,1,0,7,0,45,67,4,0,364.02261084283566,buyer,BUY-11613,poor_payment,0
0.6462516646664874,0.0,0.6349649564547146,0.3537483353335127,0.1,25,17,8,17,5,3,0,2,0,47,75,3,1,362.63225220361113,buyer,BUY-11614,mixed,1
0.9859343899511527,0.0,1.0,0.014065610048847321,1.0,21,20,1,20,0,0,0,14,3,58,79,1,0,346.6543635535185,buyer,BUY-11615,reliable,1
0.5906725772003449,0.0,1.0,0.40932742279965517,0.35,7,6,1,6,0,0,0,1,3,17,24,1,1,342.1944291549074,buyer,BUY-11616,occasional_reliable,1
0.8973750197572011,0.05070867840095694,0.9736671388812776,0.10262498024279909,0.4,28,25,3,25,1,10,1,8,0,71,108,4,0,347.73906017810185,buyer,BUY-11617,frequent_returner,0
0.33228879121772753,0.0,0.7624704440875687,0.6677112087822725,0.05,25,10,15,10,3,2,0,1,0,38,65,0,0,360.41873963659725,buyer,BUY-11618,frequent_canceller,0
0.9529591441774532,0.0,0.4502292154331102,0.04704085582254691,0.3,24,22,2,22,9,3,0,6,0,55,82,1,0,364.2930412995023,buyer,BUY-11619,poor_payment,0
0.7429843063820757,0.0,0.7195988876511465,0.2570156936179241,0.2,24,19,5,19,5,4,0,4,0,51,79,4,2,351.7935454120486,buyer,BUY-11620,mixed,0
1.0,0.0,1.0,0.0,0.9,23,23,0,23,0,0,0,14,2,62,85,0,0,361.6271195847222,buyer,BUY-11621,reliable,1
0.26702206131700246,0.0,1.0,0.7329779386829975,0.0,3,1,2,1,0,0,0,0,0,4,7,0,0,333.121419031794,buyer,BUY-11622,occasional_reliable,1
0.9440089742362939,0.4472536175360895,1.0,0.05599102576370574,0.15,15,13,2,13,0,4,1,3,0,35,53,2,0,357.75456906096065,buyer,BUY-11623,frequent_returner,0
0.4489524528297067,0.0,0.8930999271152652,0.5510475471702934,0.0,26,14,12,14,3,1,0,0,0,41,68,2,1,363.1724605522685,buyer,BUY-11624,frequent_canceller,0
0.933413747817226,0.0,0.3392296641380698,0.06658625218277403,0.35,26,22,4,22,14,1,0,7,0,56,83,2,0,349.9279848235301,buyer,BUY-11625,poor_payment,0
0.6850410260201393,0.0,0.4868700836657608,0.31495897397986083,0.1,21,14,7,14,5,2,0,2,0,39,62,3,0,364.09469579841436,buyer,BUY-11626,mixed,0
1.0,0.0,1.0,0.0,1.0,30,30,0,30,0,0,0,22,1,83,113,3,0,364.56991918813657,buyer,BUY-11627,reliable,1
1.0,0.0,1.0,0.0,0.15,5,5,0,5,0,0,0,3,0,13,18,0,0,331.1870576848264,buyer,BUY-11628,occasional_reliable,1
0.921575995154219,0.25185189954979237,1.0,0.07842400484578116,0.15,31,26,5,26,0,11,3,3,0,71,110,2,0,345.2741388729861,buyer,BUY-11629,frequent_returner,0
0.4931952054325814,0.0,0.9424252407026067,0.5068047945674183,0.1,27,14,13,14,2,3,0,0,1,45,75,1,0,362.6602686682986,buyer,BUY-11630,frequent_canceller,0
1.0,0.0,0.5178368858794374,0.0,0.25,15,15,0,15,8,1,0,5,0,36,52,0,0,342.36929982008104,buyer,BUY-11631,poor_payment,0
0.9378461379029845,0.0,0.7556569314171517,0.062153862097015566,0.05,12,10,2,10,2,1,0,1,0,24,37,0,0,364.6369968276852,buyer,BUY-11632,mixed,1
0.9797992876077813,0.0,1.0,0.020200712392218878,1.0,60,57,3,57,0,0,0,34,1,152,212,4,0,363.7093939146759,buyer,BUY-11633,reliable,1
0.9688304281864726,0.0,0.8192146208597637,0.031169571813527308,0.15,13,11,2,11,1,0,0,1,1,26,39,3,0,348.9266492955556,buyer,BUY-11634,occasional_reliable,1
0.8904448261651471,0.21649652456263202,0.9778236839676733,0.10955517383485291,0.4,27,22,5,22,2,8,2,8,0,65,98,4,0,355.68292552116895,buyer,BUY-11635,frequent_returner,0
0.46723896282566957,0.0,0.8284713056642127,0.5327610371743305,0.15,35,17,18,17,3,1,0,1,1,55,91,1,1,320.44405586807875,buyer,BUY-11636,frequent_canceller,0
0.8062527788451208,0.0,0.4795849606946798,0.1937472211548792,0.05,11,8,3,8,3,0,0,1,0,20,31,1,0,352.9553784910185,buyer,BUY-11637,poor_payment,0
0.7958740533383915,0.0,0.6509478069107092,0.20412594666160877,0.4,23,15,8,15,3,1,0,6,1,46,70,2,0,352.1146756838426,buyer,BUY-11638,mixed,1
0.8980619263621983,0.0,1.0,0.10193807363780194,1.0,35,32,3,32,0,4,0,19,1,91,130,1,0,352.2524227807292,buyer,BUY-11639,reliable,1
1.0,0.0,0.8813297018516085,0.0,0.1,6,6,0,6,1,0,0,2,0,14,20,0,0,331.1013191999306,buyer,BUY-11640,occasional_reliable,1
1.0,0.31854338555451345,0.8478310851549851,0.0,0.25,26,26,0,26,4,9,3,5,0,66,98,4,0,318.47336036319444,buyer,BUY-11641,frequent_returner,0
0.3496317837060312,0.0,0.9437682088089852,0.6503682162939688,0.05,35,13,22,13,1,0,0,1,0,49,84,4,3,352.725580782037,buyer,BUY-11642,frequent_canceller,0
0.8875340778353736,0.0,0.5224375039793003,0.11246592216462659,0.0,12,10,2,10,6,1,0,0,0,23,36,1,0,336.9513762942014,buyer,BUY-11643,poor_payment,0
0.7613234046548738,0.14256155765746814,0.9154429312057822,0.23867659534512609,0.35,25,18,7,18,3,5,1,7,0,55,84,2,0,337.7109283605787,buyer,BUY-11644,mixed,1
1.0,0.0,1.0,0.0,0.75,21,21,0,21,0,0,0,15,0,57,78,0,0,348.30925577510413,buyer,BUY-11645,reliable,1
1.0,0.0,1.0,0.0,0.0,5,5,0,5,0,0,0,0,0,10,15,0,0,292.3668882908565,buyer,BUY-11646,occasional_reliable,1
0.8468632459543658,0.0,0.9862298993568839,0.1531367540456342,0.2,27,24,3,24,1,6,0,4,0,61,94,1,0,328.467995275706,buyer,BUY-11647,frequent_returner,0
0.5818028154193028,0.0,0.9169222964976105,0.4181971845806972,0.0,35,16,19,16,2,0,0,0,0,51,86,1,0,361.5733933734144,buyer,BUY-11648,frequent_canceller,0
0.6660862491445598,0.0,0.4558465283967569,0.3339137508554404,0.2,24,16,8,16,7,2,0,4,0,46,72,2,1,362.9429199827199,buyer,BUY-11649,poor_payment,0
0.7899418287270581,0.0,0.40103354943893915,0.2100581712729419,0.15,17,12,5,12,5,2,0,3,0,34,53,2,0,342.34819035734955,buyer,BUY-11650,mixed,0
0.8658351977363882,0.0,0.9390872992671736,0.13416480226361183,1.0,29,26,3,26,2,0,0,16,2,73,102,3,1,364.8405859477662,buyer,BUY-11651,reliable,1
0.9296199218932252,0.0,1.0,0.07038007810677505,0.15,4,3,1,3,0,0,0,1,1,9,13,0,0,347.84341813569444,buyer,BUY-11652,occasional_reliable,1
0.9169952693531178,0.2519932136827202,1.0,0.0830047306468823,0.3,35,32,3,32,0,10,2,6,0,83,126,2,0,348.0019359418287,buyer,BUY-11653,frequent_returner,0
0.4295667986140462,0.0,0.9079210988471358,0.5704332013859539,0.2,30,17,13,17,1,1,0,4,0,52,83,2,1,363.24221742814814,buyer,BUY-11654,frequent_canceller,0
0.7934928038075125,0.0,0.7913155199915074,0.20650719619248747,0.05,20,14,6,14,6,1,0,1,0,36,57,1,0,332.64435176563654,buyer,BUY-11655,poor_payment,0
0.7709516146793284,0.0,0.9678389861749832,0.2290483853206715,0.55,24,20,4,20,2,6,0,9,1,60,90,2,1,311.5965471284954,buyer,BUY-11656,mixed,0
0.9686547399616248,0.0,1.0,0.03134526003837523,1.0,53,50,3,50,0,2,0,30,2,137,192,2,0,341.39472521561345,buyer,BUY-11657,reliable,1
0.8068497908238488,0.0,1.0,0.19315020917615122,0.15,5,4,1,4,0,0,0,3,0,12,17,0,0,147.93889137744213,buyer,BUY-11658,occasional_reliable,1
0.9762472785080987,0.2334459146992296,0.9785817666597495,0.02375272149190133,0.6,38,36,2,36,1,16,3,12,0,102,153,5,0,357.0589857391319,buyer,BUY-11659,frequent_returner,0
0.4153188028012934,0.0,0.9346429200237542,0.5846811971987066,0.1,23,11,12,11,1,0,0,2,0,36,59,2,2,364.28905109916667,buyer,BUY-11660,frequent_canceller,0
0.8893592949317081,0.0,0.40172385051766485,0.11064070506829193,0.1,13,12,1,12,7,1,0,2,0,28,42,1,0,325.7960445266435,buyer,BUY-11661,poor_payment,0
0.7867069762601943,0.0,0.7715078777034198,0.21329302373980585,0.3,24,18,6,18,4,2,0,4,1,49,75,1,0,341.3537442771643,buyer,BUY-11662,mixed,0
0.9775858219945673,0.0,1.0,0.02241417800543266,1.0,50,48,2,48,0,3,0,29,1,131,184,5,0,364.6969455627894,buyer,BUY-11663,reliable,1
0.691755160166527,0.0,0.9438739766685335,0.30824483983347306,0.15,12,9,3,9,1,0,0,3,0,24,36,2,0,337.9166233752199,buyer,BUY-11664,occasional_reliable,1
0.9322085137458818,0.09705608617987416,0.987195097786763,0.06779148625411824,0.65,31,28,3,28,1,13,2,13,0,85,127,1,0,344.38438456982635,buyer,BUY-11665,frequent_returner,0
0.6132798409422906,0.0,0.9745898428018993,0.3867201590577094,0.15,22,11,11,11,1,0,0,1,1,35,57,0,0,358.31621221766204,buyer,BUY-11666,frequent_canceller,0
0.8743614211646216,0.0,0.630429449414595,0.12563857883537832,0.15,11,10,1,10,4,1,0,3,0,25,37,1,0,347.47051360104166,buyer,BUY-11667,poor_payment,0
0.7327920895747979,0.0,0.889031679370699,0.2672079104252023,0.25,18,13,5,13,2,2,0,5,0,38,58,0,0,364.6262538823958,buyer,BUY-11668,mixed,0
0.8983874936635594,0.0,0.9919659155600169,0.10161250633644037,0.85,26,25,1,25,1,2,0,13,2,68,96,3,1,350.1102967931597,buyer,BUY-11669,reliable,1
1.0,0.0,1.0,0.0,0.05,4,4,0,4,0,1,0,1,0,10,15,0,0,308.56506533869214,buyer,BUY-11670,occasional_reliable,1
0.9006051331204855,0.15643239204797466,0.9025978248483061,0.09939486687951449,0.35,32,30,2,30,1,9,3,7,0,78,116,2,0,360.6822527489352,buyer,BUY-11671,frequent_returner,0
0.6431405253024463,0.0,0.9515330996239051,0.35685947469755375,0.1,25,12,13,12,1,1,0,2,0,40,66,3,0,364.57322006060184,buyer,BUY-11672,frequent_canceller,0
0.8501885874565129,0.0,0.4590540755885368,0.14981141254348718,0.2,26,23,3,23,9,2,0,4,0,55,83,1,0,349.7142079899537,buyer,BUY-11673,poor_payment,0
0.8993581075271246,0.0,0.7744973691592645,0.10064189247287514,0.4,32,28,4,28,5,3,0,8,0,71,106,1,0,364.94877823574075,buyer,BUY-11674,mixed,0
0.9393391822774796,0.0,0.9458418159702066,0.06066081772252019,1.0,37,36,1,36,1,1,0,24,0,98,136,4,1,364.7962505879282,buyer,BUY-11675,reliable,1
1.0,0.0,1.0,0.0,0.05,3,3,0,3,0,0,0,1,0,7,10,0,0,291.43921043893516,buyer,BUY-11676,occasional_reliable,1
0.891058428909068,0.5066313669019494,1.0,0.10894157109093205,0.3,28,24,4,24,0,8,2,4,1,65,99,1,0,356.53153041773146,buyer,BUY-11677,frequent_returner,0
0.5587069558691754,0.0,0.7466505527989414,0.4412930441308245,0.05,31,17,14,17,3,0,0,1,0,49,80,0,0,354.02151478135414,buyer,BUY-11678,frequent_canceller,0
0.7111420380224855,0.0,0.5179034910284408,0.28885796197751445,0.0,18,16,2,16,9,1,0,0,0,35,54,2,1,354.41793260380786,buyer,BUY-11679,poor_payment,0
0.6702938885843674,0.0,0.8784059769804204,0.32970611141563255,0.3,24,14,10,14,2,2,0,6,0,46,72,3,1,361.7114014373264,buyer,BUY-11680,mixed,1
0.9096459716962334,0.0,1.0,0.09035402830376682,1.0,54,50,4,50,0,2,0,30,0,136,192,4,0,356.1535709283681,buyer,BUY-11681,reliable,1
1.0,0.0,0.8504470051362641,0.0,0.2,12,12,0,12,1,0,0,4,0,28,40,0,0,303.7202446175116,buyer,BUY-11682,occasional_reliable,1
0.9157435078820334,0.0,0.8392117649872552,0.08425649211796682,0.35,26,22,4,22,3,4,0,5,1,58,88,1,0,331.37887328512727,buyer,BUY-11683,frequent_returner,0
0.4548782461395864,0.0,0.9645966221615137,0.5451217538604136,0.1,24,10,14,10,1,1,0,2,0,37,62,4,2,359.06641665747685,buyer,BUY-11684,frequent_canceller,0
0.7903799947577187,0.0,0.6589622696415587,0.2096200052422813,0.2,10,8,2,8,2,1,0,4,0,23,34,0,0,318.5512423680093,buyer,BUY-11685,poor_payment,0
0.5255547246191956,0.1545632730378258,0.6871789909934156,0.4744452753808044,0.05,19,8,11,8,2,2,1,1,0,30,50,1,0,338.1226191039815,buyer,BUY-11686,mixed,0
0.8909704195163098,0.0,1.0,0.10902958048369016,1.0,54,52,2,52,0,0,0,34,0,140,194,5,2,362.9223645134954,buyer,BUY-11687,reliable,1
0.8332495530948385,0.0,0.9414827105872876,0.1667504469051615,0.3,12,10,2,10,2,2,0,6,0,30,44,2,0,304.1693591856134,buyer,BUY-11688,occasional_reliable,1
0.945091120120114,0.09705956621039447,0.9270113476746119,0.05490887987988624,0.5,29,27,2,27,2,6,1,10,0,72,106,3,0,341.22618031890045,buyer,BUY-11689,frequent_returner,0
0.4940861341055137,0.0,0.8250868185094176,0.5059138658944864,0.1,40,20,20,20,4,1,0,2,0,63,104,4,1,354.09467478648145,buyer,BUY-11690,frequent_canceller,0
0.9011918499708141,0.0,0.6457398316984024,0.0988081500291863,0.15,12,11,1,11,5,0,0,3,0,26,38,1,0,353.15329931489583,buyer,BUY-11691,poor_payment,0
0.6121496598246343,0.0,0.4639980865710648,0.38785034017536557,0.15,12,6,6,6,3,3,0,1,1,23,38,2,1,346.77451520805556,buyer,BUY-11692,mixed,0
0.9607304749703757,0.0,0.9745763522740927,0.03926952502962433,1.0,42,40,2,40,1,2,0,22,1,107,151,2,0,340.64910638134256,buyer,BUY-11693,reliable,1
1.0,0.0,1.0,0.0,0.15,4,4,0,4,0,1,0,1,1,11,16,0,0,325.7586934049074,buyer,BUY-11694,occasional_reliable,1
0.9844388299264436,0.5567200742671666,1.0,0.015561170073556396,0.25,15,14,1,14,0,4,3,1,2,36,52,1,0,362.9275845691551,buyer,BUY-11695,frequent_returner,0
0.4476466389695911,0.0,0.9549332675560263,0.5523533610304088,0.1,37,19,18,19,2,2,0,0,1,59,98,4,2,349.96662571409723,buyer,BUY-11696,frequent_canceller,0
0.8276367670955372,0.0,0.6174679164449379,0.17236323290446265,0.1,20,17,3,17,6,2,0,2,0,41,63,2,1,345.67743617628474,buyer,BUY-11697,poor_payment,0
0.8518834187451841,0.8115429638671627,0.8438922099237686,0.14811658125481597,0.15,28,22,6,22,5,2,1,3,0,55,84,2,0,359.9777726161574,buyer,BUY-11698,mixed,0
0.9716427958757489,0.0,1.0,0.0283572041242518,1.0,56,53,3,53,0,0,0,42,1,152,208,2,0,361.32810542697916,buyer,BUY-11699,reliable,1
0.8050785099346678,0.0,1.0,0.19492149006533221,0.1,10,9,1,9,0,1,0,2,0,22,33,0,0,337.5836652939815,buyer,BUY-11700,occasional_reliable,1
0.7802773207141542,0.0,0.8408439789891065,0.21972267928584577,0.2,22,18,4,18,2,5,0,4,0,49,76,3,1,362.4237570137963,buyer,BUY-11701,frequent_returner,0
0.45090099266346184,0.0,0.9276794675309179,0.5490990073365383,0.0,26,11,15,11,1,1,0,0,0,38,65,3,1,364.67443636582175,buyer,BUY-11702,frequent_canceller,0
0.9789276096150354,0.0,0.6186183797391919,0.021072390384964557,0.25,25,24,1,24,10,1,0,3,1,54,80,0,0,360.797365874919,buyer,BUY-11703,poor_payment,0
0.5797151211731629,0.0,0.4481961340854285,0.42028487882683707,0.1,9,6,3,6,2,1,0,2,0,18,28,0,0,359.16647549768516,buyer,BUY-11704,mixed,1
1.0,0.0,1.0,0.0,0.7,21,21,0,21,0,1,0,14,0,57,79,1,0,324.28366162207175,buyer,BUY-11705,reliable,1
0.9403901442277255,0.0,1.0,0.059609855772274734,0.3,15,14,1,14,0,1,0,6,0,36,52,2,0,364.486429890544,buyer,BUY-11706,occasional_reliable,1
0.832291462474701,0.0,0.9195892476238788,0.1677085375252988,0.3,34,28,6,28,2,7,0,6,0,75,116,1,0,355.24929484685185,buyer,BUY-11707,frequent_returner,0
0.39105020265104323,0.0,0.8155013732449491,0.6089497973489568,0.1,33,14,19,14,2,0,0,2,0,49,82,2,2,363.0746578528356,buyer,BUY-11708,frequent_canceller,0
0.6911156830547148,0.0,0.7536662541403052,0.3088843169452852,0.05,15,11,4,11,4,1,0,1,0,28,44,0,0,356.62013789917825,buyer,BUY-11709,poor_payment,0
0.7315113629125761,0.3130638807840129,0.7555638852070226,0.2684886370874239,0.3,24,16,8,16,2,5,1,4,1,50,78,0,0,361.47413316594907,buyer,BUY-11710,mixed,0
1.0,0.0,1.0,0.0,0.8,24,24,0,24,0,0,0,16,0,64,88,3,0,361.64989177837964,buyer,BUY-11711,reliable,1
0.9572671477170398,0.0,1.0,0.04273285228296031,0.05,8,7,1,7,0,0,0,1,0,16,24,1,0,300.1213643842824,buyer,BUY-11712,occasional_reliable,1
0.9299696388633267,0.13377525678205981,1.0,0.07003036113667327,0.05,22,18,4,18,0,8,1,1,0,49,78,3,0,353.3906791776273,buyer,BUY-11713,frequent_returner,0
0.37059359850584417,0.0,0.8874634840042813,0.6294064014941559,0.1,31,9,22,9,2,0,0,2,0,42,73,2,2,355.00156873843747,buyer,BUY-11714,frequent_canceller,0
0.6752911188884451,0.0,0.7255070753182974,0.32470888111155494,0.2,28,19,9,19,6,1,0,4,0,52,81,2,1,363.30960095030093,buyer,BUY-11715,poor_payment,0
0.8424429150226447,0.0,0.7972797794987864,0.15755708497735543,0.2,31,23,8,23,5,4,0,4,0,62,97,4,0,364.06899557261573,buyer,BUY-11716,mixed,0
0.94069080074445,0.0,1.0,0.059309199255550005,1.0,41,38,3,38,0,2,0,25,2,108,151,2,0,361.3358558805787,buyer,BUY-11717,reliable,1
1.0,0.0,0.713751593259289,0.0,0.3,12,12,0,12,1,0,0,4,1,29,41,0,0,350.94662358457174,buyer,BUY-11718,occasional_reliable,1
0.9536006736956159,0.6802056692336917,1.0,0.046399326304384036,0.3,16,15,1,15,0,5,3,6,0,42,60,2,0,297.772020979838,buyer,BUY-11719,frequent_returner,0
0.5295132423241569,0.0,0.8999839382849072,0.47048675767584336,0.15,40,21,19,21,1,1,0,3,0,65,106,2,1,364.7513988946991,buyer,BUY-11720,frequent_canceller,0
0.8044587402660305,0.0,0.7060311670134617,0.1955412597339693,0.1,12,8,4,8,4,0,0,2,0,22,34,0,0,362.98654673689816,buyer,BUY-11721,poor_payment,0
0.7807455658672223,0.0,0.9761604585016542,0.21925443413277768,0.35,31,23,8,23,2,5,0,7,0,66,102,1,0,355.5098967430209,buyer,BUY-11722,mixed,0
0.9178719188326967,0.0,0.9754049706216269,0.0821280811673033,0.9,26,24,2,24,1,0,0,16,1,67,93,2,0,359.523204871169,buyer,BUY-11723,reliable,1
1.0,0.0,1.0,0.0,0.2,12,12,0,12,0,1,0,4,0,29,42,0,0,341.98368037998847,buyer,BUY-11724,occasional_reliable,1
0.9875700992041977,0.1865242928505304,1.0,0.012429900795802307,0.45,15,14,1,14,0,6,2,5,2,42,61,2,0,362.95922844865737,buyer,BUY-11725,frequent_returner,0
0.4540706863413339,0.0,1.0,0.545929313658666,0.0,11,5,6,5,0,0,0,0,0,16,27,0,0,361.6341483836342,buyer,BUY-11726,frequent_canceller,0
0.9871892537140241,0.0,0.5770519483040373,0.012810746285975894,0.35,27,26,1,26,10,1,0,5,1,60,88,2,0,356.3504574103704,buyer,BUY-11727,poor_payment,0
0.6172624428899434,0.0,0.7828718762203272,0.38273755711005664,0.1,25,18,7,18,4,3,0,0,1,47,75,2,1,357.3853429517245,buyer,BUY-11728,mixed,0
0.8762469612943743,0.0,0.9883690920319078,0.12375303870562582,0.75,21,20,1,20,1,0,0,13,1,55,76,2,1,363.0532951442361,buyer,BUY-11729,reliable,1
0.8106068201926475,0.0,0.9642371034093878,0.18939317980735226,0.4,12,10,2,10,1,1,0,4,2,29,42,2,0,363.1783615064467,buyer,BUY-11730,occasional_reliable,1
0.861877461272957,0.17508258840748292,0.8442027102286124,0.13812253872704272,0.4,39,34,5,34,4,11,2,8,0,92,140,3,1,359.75071876677083,buyer,BUY-11731,frequent_returner,0
0.34756778883417033,0.0,0.9711751598986695,0.6524322111658296,0.1,33,12,21,12,1,0,0,0,1,46,79,4,2,359.66110456740745,buyer,BUY-11732,frequent_canceller,0
0.7002896879645524,0.0,0.5789691325824611,0.29971031203544773,0.2,25,20,5,20,7,0,0,2,1,48,73,1,0,354.2074042481481,buyer,BUY-11733,poor_payment,0
0.667819843910786,0.0,0.5860325930803869,0.33218015608921403,0.1,16,13,3,13,5,2,0,2,0,33,51,0,0,349.156470748125,buyer,BUY-11734,mixed,0
0.9875195712025769,0.0,0.9780221822695535,0.012480428797422838,1.0,54,53,1,53,2,3,0,28,0,138,195,5,0,358.854299325,buyer,BUY-11735,reliable,1
0.7344461711101231,0.0,1.0,0.2655538288898769,0.05,7,5,2,5,0,0,0,1,0,13,20,0,0,364.8579276664236,buyer,BUY-11736,occasional_reliable,1
0.9873725743491146,0.5178060991071312,0.9513901892657134,0.012627425650885371,0.7,39,37,2,37,2,15,5,14,0,105,154,2,0,355.4798009455903,buyer,BUY-11737,frequent_returner,0
0.5091571849209359,0.0,0.7385727215490373,0.49084281507906413,0.0,13,8,5,8,2,0,0,0,0,21,34,1,1,351.6942141610995,buyer,BUY-11738,frequent_canceller,0
0.7982370611296757,0.0,0.41528372095733523,0.20176293887032393,0.1,19,15,4,15,9,4,0,2,0,40,63,2,1,357.7213722032986,buyer,BUY-11739,poor_payment,0
0.7848143546275063,0.21361198329370323,0.7635177695298666,0.21518564537249363,0.15,35,27,8,27,6,8,1,3,0,73,115,7,2,339.70180448282406,buyer,BUY-11740,mixed,0
0.9568949266760052,0.0,1.0,0.043105073323994825,1.0,55,54,1,54,0,2,0,34,3,148,205,2,0,363.276507064919,buyer,BUY-11741,reliable,1
1.0,0.0,1.0,0.0,0.35,5,5,0,5,0,0,0,3,2,15,20,0,0,279.479814117419,buyer,BUY-11742,occasional_reliable,1
0.8350108475657352,0.20933886755073883,0.9666057703444842,0.16498915243426493,0.45,30,26,4,26,1,6,1,7,1,70,105,1,0,353.24692080791664,buyer,BUY-11743,frequent_returner,0
0.572814586167039,0.0,0.7025612795410828,0.4271854138329608,0.15,31,17,14,17,3,0,0,3,0,51,82,1,1,358.98273508785877,buyer,BUY-11744,frequent_canceller,0
0.7235746290586941,0.0,0.4786956444998587,0.2764253709413059,0.2,25,19,6,19,8,0,0,2,1,47,72,1,0,357.8575080700232,buyer,BUY-11745,poor_payment,0
0.49019597562384787,0.6157633227670476,0.7793937466981469,0.5098040243761521,0.3,13,8,5,8,2,3,2,2,2,28,42,0,0,334.5525346964004,buyer,BUY-11746,mixed,0
0.994662711150588,0.0,1.0,0.005337288849411981,1.0,36,35,1,35,0,1,0,26,2,100,137,2,0,359.4497543580208,buyer,BUY-11747,reliable,1
1.0,0.0,0.962674453470789,0.0,0.2,7,7,0,7,1,0,0,2,1,17,24,0,0,362.97328200271994,buyer,BUY-11748,occasional_reliable,1
0.8656107105549277,0.0,0.9253862288196042,0.13438928944507234,0.1,20,15,5,15,1,3,0,2,0,40,63,2,0,361.5408482200116,buyer,BUY-11749,frequent_returner,0
0.5141183547589815,0.0,0.8411499948048742,0.4858816452410185,0.1,25,12,13,12,3,0,0,2,0,39,64,2,1,352.0750222360995,buyer,BUY-11750,frequent_canceller,0
0.7761861696033464,0.10270117296700143,0.6161219952433025,0.22381383039665392,0.2,29,21,8,21,9,2,1,4,0,56,86,2,1,355.8048321923495,buyer,BUY-11751,poor_payment,0
0.53076413273704,0.0,0.27620648264194053,0.46923586726295985,0.2,10,5,5,5,2,0,0,2,1,18,28,2,1,357.1159314675,buyer,BUY-11752,mixed,1
0.9782726633527933,0.0,1.0,0.02172733664720672,1.0,55,53,2,53,0,1,0,33,0,142,198,3,0,357.3673791549421,buyer,BUY-11753,reliable,1
0.8994792371442403,0.0,1.0,0.1005207628557595,0.0,6,5,1,5,0,0,0,0,0,11,17,1,0,326.4270020755208,buyer,BUY-11754,occasional_reliable,1
0.8530750798824923,0.359310594534461,0.8773052886414366,0.1469249201175078,0.25,18,15,3,15,1,9,2,5,0,47,72,1,0,349.2338197096643,buyer,BUY-11755,frequent_returner,0
0.1537467226538367,0.0,1.0,0.8462532773461633,0.0,10,2,8,2,0,0,0,0,0,12,22,0,0,298.457402614132,buyer,BUY-11756,frequent_canceller,0
0.7973224084129003,0.0,0.5585754948593851,0.20267759158709986,0.1,20,16,4,16,8,0,0,2,0,38,58,1,0,358.90442557603006,buyer,BUY-11757,poor_payment,0
0.7219078720466627,0.0,0.6244658049347117,0.27809212795333726,0.35,34,24,10,24,6,5,0,7,0,70,109,3,1,354.85761998885414,buyer,BUY-11758,mixed,0
1.0,0.0,0.9909729046400415,0.0,1.0,36,36,0,36,1,2,0,19,1,94,132,2,0,350.9381781516319,buyer,BUY-11759,reliable,1
1.0,0.2796788232483183,0.9607635761013553,0.0,0.35,10,10,0,10,1,2,1,3,2,27,38,0,0,359.29311155714123,buyer,BUY-11760,occasional_reliable,1
0.921678265009272,0.16181795367290808,0.8771776653861071,0.07832173499072803,0.5,27,24,3,24,2,9,1,10,0,70,105,1,0,360.12363789767363,buyer,BUY-11761,frequent_returner,0
0.46742568540332885,0.0,0.934436562127413,0.532574314596671,0.0,28,13,15,13,1,1,0,0,0,42,71,2,1,357.9015237100926,buyer,BUY-11762,frequent_canceller,0
0.8507020109915437,0.0,0.602579724106837,0.14929798900845637,0.2,26,24,2,24,8,2,0,4,0,56,84,2,0,355.71047618429395,buyer,BUY-11763,poor_payment,0
0.6609152439293247,0.0,1.0,0.33908475607067534,0.3,14,9,5,9,0,2,0,4,1,30,46,0,0,338.6601624000926,buyer,BUY-11764,mixed,1
0.9535093774475902,0.0,0.9682933614696396,0.046490622552409766,1.0,60,57,3,57,2,6,0,40,0,163,229,4,0,360.2960741926273,buyer,BUY-11765,reliable,1
0.8892538420273365,0.0,0.9723535681101027,0.11074615797266352,0.3,14,12,2,12,1,0,0,4,1,31,45,2,0,337.8294675047801,buyer,BUY-11766,occasional_reliable,1
1.0,0.1145680119745821,0.9871943311041939,0.0,0.45,27,27,0,27,1,12,3,9,0,75,111,4,0,328.10926616569446,buyer,BUY-11767,frequent_returner,0
0.29917093852959176,0.0,0.7580076771899651,0.7008290614704082,0.05,25,9,16,9,1,0,0,1,0,35,60,0,0,362.4355549483912,buyer,BUY-11768,frequent_canceller,0
0.8158459902002627,0.0,0.6803649596439528,0.1841540097997374,0.1,14,12,2,12,5,0,0,0,1,27,41,3,1,337.29009098548613,buyer,BUY-11769,poor_payment,0
0.4040073985025768,0.0,0.6678824163646412,0.5959926014974233,0.0,10,5,5,5,1,0,0,0,0,15,25,1,1,337.49695567798614,buyer,BUY-11770,mixed,0
1.0,0.0,0.9849980133722148,0.0,1.0,52,52,0,52,1,2,0,29,1,136,190,6,0,338.8968014020139,buyer,BUY-11771,reliable,1
1.0,0.0,0.8426408445540764,0.0,0.25,9,9,0,9,1,0,0,5,0,23,32,1,0,340.4844026857523,buyer,BUY-11772,occasional_reliable,1
0.9493952735024407,0.30058763379800324,1.0,0.050604726497559316,0.55,26,24,2,24,0,7,1,11,0,68,100,2,0,356.25007775604166,buyer,BUY-11773,frequent_returner,0
0.38785669350561935,0.0,1.0,0.6121433064943806,0.05,20,7,13,7,0,0,0,1,0,28,48,2,1,355.40485510353005,buyer,BUY-11774,frequent_canceller,0
0.9292799445810809,0.0,0.6504734024812567,0.07072005541891901,0.2,15,13,2,13,5,0,0,4,0,32,47,0,0,360.13159080278933,buyer,BUY-11775,poor_payment,0
0.8213375314017791,0.0,0.9663474408348397,0.17866246859822077,0.15,23,18,5,18,1,3,0,3,0,47,73,2,0,336.00552578534723,buyer,BUY-11776,mixed,0
0.9433870945335182,0.0,0.9933234953884266,0.0566129054664819,1.0,39,38,1,38,1,0,0,22,2,101,140,3,0,356.6628515752662,buyer,BUY-11777,reliable,1
0.5367466287618187,0.0,1.0,0.46325337123818133,0.2,4,3,1,3,0,0,0,2,1,10,14,0,0,356.1496038902199,buyer,BUY-11778,occasional_reliable,1
0.9879650934743689,0.08279199039557783,0.941964498085518,0.012034906525631217,0.55,23,22,1,22,1,7,1,11,0,63,92,0,0,354.32824945059025,buyer,BUY-11779,frequent_returner,0
0.3579940147160362,0.0,0.8089538002257082,0.6420059852839638,0.05,12,3,9,3,1,0,0,1,0,16,28,0,0,359.9754673928125,buyer,BUY-11780,frequent_canceller,0
0.742236593820274,0.0,0.5912241631339357,0.25776340617972604,0.2,23,17,6,17,7,1,0,4,0,45,69,1,0,360.4709300744213,buyer,BUY-11781,poor_payment,0
0.848463016406128,0.20272395779288577,0.9780755176296776,0.15153698359387202,0.3,27,23,4,23,2,4,1,4,1,59,89,2,0,360.01872197495373,buyer,BUY-11782,mixed,0
1.0,0.0,1.0,0.0,1.0,33,33,0,33,0,1,0,22,0,89,123,4,0,362.47312784731486,buyer,BUY-11783,reliable,1
0.9617997514088834,0.0,1.0,0.038200248591116814,0.1,8,7,1,7,0,1,0,2,0,18,27,1,0,258.11717869657406,buyer,BUY-11784,occasional_reliable,1
1.0,0.0432659534810369,0.9229768124521148,0.0,0.45,30,30,0,30,1,13,2,9,0,82,123,6,0,338.67569195304395,buyer,BUY-11785,frequent_returner,0
0.39632331756182826,0.0,0.9326936869289052,0.6036766824381719,0.05,16,6,10,6,1,1,0,1,0,24,41,2,1,309.0134009740278,buyer,BUY-11786,frequent_canceller,0
0.8226216983644097,0.0,0.3959181388676086,0.1773783016355902,0.1,16,13,3,13,8,1,0,2,0,32,49,3,1,312.2790318052199,buyer,BUY-11787,poor_payment,0
0.4816725796157213,0.0,0.8641039347101971,0.5183274203842787,0.15,14,9,5,9,1,1,0,3,0,27,42,0,0,336.6097736795023,buyer,BUY-11788,mixed,1
0.9823432526936827,0.0,0.919998671473074,0.017656747306317278,1.0,40,38,2,38,2,0,0,21,2,101,141,5,0,359.8951889876273,buyer,BUY-11789,reliable,1
0.8437434364953492,0.0,1.0,0.15625656350465078,0.3,11,9,2,9,0,0,0,4,1,25,36,1,0,350.9769289204514,buyer,BUY-11790,occasional_reliable,1
0.9757865259133454,0.12748628460194522,1.0,0.02421347408665442,0.35,23,21,2,21,0,10,2,7,0,61,92,2,0,320.5884476053935,buyer,BUY-11791,frequent_returner,0
0.6211555733278744,0.0,0.8557127475178884,0.3788444266721257,0.15,20,11,9,11,1,2,0,3,0,36,58,0,0,337.98404448398145,buyer,BUY-11792,frequent_canceller,0
0.8236605875126101,0.0,0.3511198129900114,0.17633941248739016,0.05,28,25,3,25,13,2,0,1,0,56,86,2,1,355.8648916462732,buyer,BUY-11793,poor_payment,0
0.9668006641995016,0.7827310332956463,0.8963869035496566,0.033199335800498275,0.2,18,17,1,17,3,2,1,2,1,40,59,3,0,341.45356350280093,buyer,BUY-11794,mixed,1
0.9686957700628424,0.0,1.0,0.031304229937157535,0.7,26,25,1,25,0,0,0,14,0,65,91,3,0,360.42752897721067,buyer,BUY-11795,reliable,1
0.6511477347290775,0.0,0.9386129212090287,0.3488522652709224,0.3,9,8,1,8,1,0,0,4,1,22,31,1,1,346.18058438762733,buyer,BUY-11796,occasional_reliable,1
0.9129618073177604,0.054301089023521154,0.9573645569168884,0.08703819268223956,0.4,38,34,4,34,1,12,1,6,1,91,140,1,0,347.18354978547455,buyer,BUY-11797,frequent_returner,0
0.3471141205031579,0.0,1.0,0.6528858794968422,0.0,19,7,12,7,0,0,0,0,0,26,45,0,0,361.0762854224769,buyer,BUY-11798,frequent_canceller,0
0.8598860885242627,0.0,0.745998400230869,0.14011391147573748,0.2,23,20,3,20,4,4,0,4,0,51,78,3,1,346.9492537878125,buyer,BUY-11799,poor_payment,0
0.5965349646519262,0.8188319259358305,0.946672268876945,0.4034650353480739,0.35,31,20,11,20,3,2,1,7,0,60,92,6,3,350.8617105345602,buyer,BUY-11800,mixed,1
0.9161813715474539,0.0,1.0,0.08381862845254606,0.85,26,24,2,24,0,0,0,17,0,67,93,0,0,363.14548934664356,buyer,BUY-11801,reliable,1
0.7965857122449288,0.0,1.0,0.2034142877550712,0.3,10,9,1,9,0,1,0,4,1,25,36,0,0,362.4280884805093,buyer,BUY-11802,occasional_reliable,1
0.8761387318818198,0.2724301227538444,0.9151784103859064,0.1238612681181801,0.45,38,35,3,35,3,13,2,9,0,95,144,1,0,363.41633058761573,buyer,BUY-11803,frequent_returner,0
0.2833943737512054,0.0,0.9773209913014682,0.7166056262487945,0.1,32,10,22,10,1,0,0,2,0,44,76,1,1,364.22854947158567,buyer,BUY-11804,frequent_canceller,0
0.7704973156841196,0.0,0.6002989985293765,0.2295026843158805,0.15,14,11,3,11,4,2,0,1,1,29,45,0,0,328.2831397485648,buyer,BUY-11805,poor_payment,0
0.4914274717006082,0.7645923935794882,0.6480765121556721,0.5085725282993916,0.35,18,11,7,11,3,3,2,7,0,39,58,1,1,356.3469006604398,buyer,BUY-11806,mixed,0
0.9761551555107959,0.0,0.9423229817106425,0.02384484448920421,1.0,38,37,1,37,2,1,0,23,0,99,138,1,0,353.15401876395833,buyer,BUY-11807,reliable,1
1.0,0.0,0.9123759853657728,0.0,0.45,14,14,0,14,1,1,0,7,1,37,52,0,0,337.78922983399303,buyer,BUY-11808,occasional_reliable,1
0.8545122776279487,0.17423846980196567,1.0,0.14548772237205132,0.15,27,21,6,21,0,9,1,3,0,60,95,3,0,342.02293342667826,buyer,BUY-11809,frequent_returner,0
0.23053641957955331,0.0,0.7424526424932156,0.7694635804204467,0.05,17,5,12,5,2,1,0,1,0,24,42,0,0,357.75595940761576,buyer,BUY-11810,frequent_canceller,0
0.8878464129776221,0.0,0.5074260268958466,0.11215358702237799,0.3,25,23,2,23,9,1,0,6,0,55,81,1,0,364.0514637517708,buyer,BUY-11811,poor_payment,0
0.6701331235515317,0.0,0.8475872458079469,0.32986687644846824,0.2,19,13,6,13,2,1,0,4,0,37,57,2,1,334.5808334862963,buyer,BUY-11812,mixed,0
0.8409462595981635,0.0,1.0,0.15905374040183662,1.0,40,37,3,37,0,6,0,26,0,109,155,5,2,354.74840379791664,buyer,BUY-11813,reliable,1
1.0,0.0,1.0,0.0,0.4,13,13,0,13,0,0,0,6,1,33,46,1,0,352.57600158018516,buyer,BUY-11814,occasional_reliable,1
0.9366585391926695,0.22380760973541125,0.9279227442764109,0.06334146080733061,0.45,39,35,4,35,3,13,3,9,0,96,145,7,0,358.30384918777776,buyer,BUY-11815,frequent_returner,0
0.25716142298773614,0.0,0.5953119115713141,0.7428385770122639,0.2,39,11,28,11,3,0,0,4,0,54,93,1,1,364.91355082894677,buyer,BUY-11816,frequent_canceller,0
0.8763980290745018,0.0,0.6322504844904969,0.1236019709254983,0.05,11,9,2,9,4,1,0,1,0,22,34,0,0,348.1396531467014,buyer,BUY-11817,poor_payment,0
0.535859403888225,0.0,0.5614825787569409,0.46414059611177494,0.2,34,20,14,20,7,4,0,4,0,62,100,2,1,358.5179039579977,buyer,BUY-11818,mixed,1
1.0,0.0,0.9875290214058404,0.0,0.65,20,20,0,20,1,0,0,11,1,52,72,1,0,354.2785131248032,buyer,BUY-11819,reliable,1
0.8748292669776104,0.0,0.9016569783716821,0.1251707330223898,0.4,14,12,2,12,2,0,0,6,1,33,47,0,0,351.4496129720949,buyer,BUY-11820,occasional_reliable,1
1.0,0.28733760775560635,0.9639315894604157,0.0,0.55,33,33,0,33,1,12,3,11,0,89,131,2,0,362.90491929784724,buyer,BUY-11821,frequent_returner,0
0.3734066521609358,0.0,0.9693070815043581,0.626593347839064,0.05,30,12,18,12,1,1,0,1,0,44,75,3,3,331.1272102201852,buyer,BUY-11822,frequent_canceller,0
0.7335000019497752,0.0,0.7002421007379915,0.26649999805022495,0.1,22,17,5,17,5,3,0,2,0,44,69,0,0,362.7123731746065,buyer,BUY-11823,poor_payment,0
0.6803764733443176,0.0,0.8385491442211598,0.3196235266556825,0.15,19,14,5,14,4,2,0,3,0,38,59,1,0,347.22706891128473,buyer,BUY-11824,mixed,0
0.9911245388910275,0.0,0.930898126388476,0.008875461108972749,1.0,37,36,1,36,1,3,0,23,0,99,139,2,0,362.3770358038773,buyer,BUY-11825,reliable,1
1.0,0.0,1.0,0.0,0.1,4,4,0,4,0,0,0,2,0,10,14,0,0,324.3519688145602,buyer,BUY-11826,occasional_reliable,1
0.9440375756456446,0.16172235564344306,0.9010700402948587,0.05596242435435539,0.35,19,17,2,17,4,7,3,5,1,49,72,2,0,354.1900062331713,buyer,BUY-11827,frequent_returner,0
0.24768494715460068,0.0,1.0,0.7523150528453992,0.05,14,6,8,6,0,1,0,1,0,22,37,2,2,313.49222866046296,buyer,BUY-11828,frequent_canceller,0
0.7555360410183196,0.0,0.34427981584287726,0.24446395898168027,0.15,30,22,8,22,11,4,0,1,1,58,92,4,1,345.7736568672801,buyer,BUY-11829,poor_payment,0
0.6819940349545746,0.5045032742704467,0.9319155612493898,0.31800596504542566,0.15,12,9,3,9,1,2,1,1,1,25,38,3,1,331.7699792731481,buyer,BUY-11830,mixed,1
0.9913689668360862,0.0,0.9096226996714613,0.00863103316391356,0.75,22,21,1,21,1,1,0,13,1,58,81,2,0,362.3760118208565,buyer,BUY-11831,reliable,1
0.8806100673220113,0.0,1.0,0.11938993267798881,0.35,13,11,2,11,0,0,0,5,1,30,43,0,0,351.07063763273146,buyer,BUY-11832,occasional_reliable,1
0.9237735631837976,0.1206209589233258,0.9953432062830464,0.07622643681620267,0.45,38,34,4,34,1,13,1,9,0,94,144,4,0,364.98427925005785,buyer,BUY-11833,frequent_returner,0
0.41202562069661797,0.0,0.9026953264994928,0.5879743793033823,0.0,32,15,17,15,2,1,0,0,0,48,81,4,4,325.2097436142477,buyer,BUY-11834,frequent_canceller,0
0.943686219145101,0.0,0.5299633296832358,0.05631378085489902,0.05,20,18,2,18,8,2,0,1,0,41,63,0,0,352.8463381657986,buyer,BUY-11835,poor_payment,0
0.7169509673913417,0.0,0.5666111726901353,0.2830490326086583,0.05,11,8,3,8,3,1,0,1,0,21,33,1,0,295.7951855960764,buyer,BUY-11836,mixed,0
0.9086291002612458,0.0,1.0,0.09137089973875423,1.0,53,48,5,48,0,6,0,30,0,137,196,10,0,358.4503012061574,buyer,BUY-11837,reliable,1
1.0,0.0,1.0,0.0,0.2,3,3,0,3,0,1,0,2,1,10,14,0,0,323.43549147219903,buyer,BUY-11838,occasional_reliable,1
0.9661678036348859,0.22418008163326253,0.9382335683475502,0.03383219636511414,0.55,26,23,3,23,2,7,1,9,1,66,98,0,0,359.06378566439815,buyer,BUY-11839,frequent_returner,0
0.5018122730484273,0.0,0.9179580261765119,0.49818772695157254,0.2,35,15,20,15,1,0,0,2,1,53,88,2,1,357.64603563990744,buyer,BUY-11840,frequent_canceller,0
0.835285900135466,0.0,0.49938714034653525,0.1647140998645341,0.2,30,23,7,23,13,0,0,4,0,57,87,5,0,336.5745884370486,buyer,BUY-11841,poor_payment,0
0.806864332592081,0.7257590949247443,0.6748152287345304,0.193135667407919,0.25,25,20,5,20,6,4,3,5,0,54,80,2,0,355.699545420706,buyer,BUY-11842,mixed,1
0.9383905526021671,0.0,0.9737753814681589,0.061609447397832806,1.0,46,43,3,43,1,3,0,28,2,122,171,5,0,357.02636439996525,buyer,BUY-11843,reliable,1
1.0,0.0,1.0,0.0,0.35,11,11,0,11,0,0,0,7,0,29,40,1,0,364.2085266791204,buyer,BUY-11844,occasional_reliable,1
0.9921725407360109,0.31015222236286033,0.8905372119438145,0.007827459263988978,0.85,35,34,1,34,2,13,3,15,1,98,143,1,0,363.10186296267364,buyer,BUY-11845,frequent_returner,0
0.529648421269654,0.0,0.9313462847973777,0.47035157873034605,0.0,16,8,8,8,1,1,0,0,0,25,42,2,1,307.7178195844676,buyer,BUY-11846,frequent_canceller,0
0.8189829502606767,0.0,0.5008327475906393,0.1810170497393233,0.05,13,11,2,11,6,0,0,1,0,25,38,1,0,331.5114722752315,buyer,BUY-11847,poor_payment,0
0.6457909118017161,0.0,0.8636337259871771,0.3542090881982839,0.25,31,19,12,19,5,5,0,5,0,60,96,1,0,332.1725705175463,buyer,BUY-11848,mixed,0
0.938975474280307,0.0,0.9728657769957874,0.06102452571969297,0.85,21,20,1,20,1,2,0,15,1,59,82,1,0,347.5413089194676,buyer,BUY-11849,reliable,1
1.0,0.0,1.0,0.0,0.15,6,6,0,6,0,1,0,3,0,16,23,0,0,348.21352969741895,buyer,BUY-11850,occasional_reliable,1
0.8239042359418676,0.4394467923319837,0.8668116777388147,0.17609576405813243,0.4,28,23,5,23,4,9,4,8,0,68,101,2,0,318.0981478916319,buyer,BUY-11851,frequent_returner,0
0.40876645554190344,0.0,0.8215019277992055,0.5912335444580965,0.0,25,9,16,9,1,0,0,0,0,34,59,2,1,361.276456525706,buyer,BUY-11852,frequent_canceller,0
0.7906825544610888,0.0,0.3018257290002292,0.2093174455389113,0.15,12,8,4,8,5,0,0,1,1,22,34,0,0,358.4602255761111,buyer,BUY-11853,poor_payment,0
0.7489703570662111,0.09166176938817683,0.8282091746593205,0.25102964293378904,0.15,27,22,5,22,3,3,1,3,0,55,84,1,1,351.02764190625,buyer,BUY-11854,mixed,0
0.8885341557654937,0.0,0.9864874389757087,0.11146584423450634,1.0,35,31,4,31,1,2,0,21,1,90,127,1,0,349.5853203605209,buyer,BUY-11855,reliable,1
0.8928502872305641,0.0,0.8621773449165869,0.10714971276943586,0.45,11,10,1,10,1,0,0,7,1,29,40,0,0,330.05372825868056,buyer,BUY-11856,occasional_reliable,1
0.8680784736916808,0.0,0.8695100585815504,0.13192152630831921,0.25,18,15,3,15,1,6,0,5,0,44,68,3,0,351.6277407866435,buyer,BUY-11857,frequent_returner,0
0.4059793924885927,0.0,0.9505616956797575,0.5940206075114072,0.0,13,5,8,5,1,0,0,0,0,18,31,0,0,361.0935637515625,buyer,BUY-11858,frequent_canceller,0
0.8007599424723084,1.0,0.7937914375301911,0.19924005752769158,0.1,16,12,4,12,4,1,1,2,0,31,47,0,0,342.2138380756713,buyer,BUY-11859,poor_payment,0
0.6669275394767865,0.0,0.544386449991849,0.3330724605232135,0.1,30,21,9,21,9,2,0,2,0,55,87,0,0,364.9922239529051,buyer,BUY-11860,mixed,1
0.937717732272379,0.0,1.0,0.06228226772762091,1.0,44,42,2,42,0,3,0,19,2,110,157,4,0,357.80750036288197,buyer,BUY-11861,reliable,1
0.9140132065154777,0.0,1.0,0.0859867934845221,0.35,14,12,2,12,0,0,0,5,1,32,46,2,0,316.2201387764468,buyer,BUY-11862,occasional_reliable,1
0.9766542543196224,0.22967456610403658,0.963783029595434,0.023345745680377616,0.35,27,25,2,25,2,11,3,7,0,70,105,2,0,358.6746843883796,buyer,BUY-11863,frequent_returner,0
0.3351147320050907,0.0,1.0,0.6648852679949093,0.0,18,6,12,6,0,0,0,0,0,24,42,0,0,357.17984501844904,buyer,BUY-11864,frequent_canceller,0
0.8920296682609058,0.0,0.7059233841855391,0.10797033173909432,0.2,21,18,3,18,6,0,0,2,1,42,63,2,0,335.24993693068285,buyer,BUY-11865,poor_payment,0
0.5867214664030056,0.0,0.7215311678366869,0.4132785335969943,0.05,13,7,6,7,2,0,0,1,0,21,34,1,0,334.4251141755903,buyer,BUY-11866,mixed,1
0.9953000849637003,0.0,1.0,0.00469991503629974,0.95,39,38,1,38,0,2,0,19,0,98,139,4,0,361.2201916195949,buyer,BUY-11867,reliable,1
0.9320933503610889,0.0,1.0,0.06790664963891113,0.2,13,11,2,11,0,0,0,4,0,28,41,0,0,336.0333851060185,buyer,BUY-11868,occasional_reliable,1
0.9410891298092531,0.02168751123961188,0.9782705280882048,0.05891087019074692,0.55,31,30,1,30,2,9,1,11,0,81,120,6,0,353.92159471100695,buyer,BUY-11869,frequent_returner,0
0.5034505711641699,0.0,0.7979209838543184,0.49654942883582986,0.05,34,13,21,13,2,0,0,1,0,48,82,4,1,362.9683475223264,buyer,BUY-11870,frequent_canceller,0
0.8771007254634576,0.0,0.5153758677251946,0.12289927453654248,0.3,17,15,2,15,8,1,0,4,1,38,56,2,0,355.2677347910532,buyer,BUY-11871,poor_payment,0
0.9457152557412711,0.0,0.8133750061137698,0.054284744258728646,0.1,8,6,2,6,2,3,0,2,0,19,30,2,0,319.75813500141203,buyer,BUY-11872,mixed,0
0.9420328021268116,0.0,0.9899903029628181,0.057967197873188825,1.0,46,43,3,43,1,3,0,25,0,117,166,4,0,362.31657971568285,buyer,BUY-11873,reliable,1
0.9511552688755106,0.0,1.0,0.04884473112448939,0.25,9,8,1,8,0,0,0,5,0,22,31,0,0,323.4676960216088,buyer,BUY-11874,occasional_reliable,1
0.7844963195157871,0.06982279036188266,1.0,0.21550368048421265,0.35,28,23,5,23,0,9,1,7,0,67,103,1,0,345.01754365524306,buyer,BUY-11875,frequent_returner,0
0.444569052164943,0.0,1.0,0.555430947835057,0.05,29,12,17,12,0,0,0,1,0,42,71,4,2,364.361453262419,buyer,BUY-11876,frequent_canceller,0
0.691080443053311,0.356522812996925,0.5463198628018101,0.30891955694668927,0.1,13,10,3,10,6,3,1,2,0,28,43,1,0,346.72393238283564,buyer,BUY-11877,poor_payment,0
0.580464467301973,0.0,0.6399999271826566,0.419535532698027,0.45,33,21,12,21,5,1,0,9,0,64,98,4,2,359.24261810571755,buyer,BUY-11878,mixed,0
0.92090964646158,0.0,1.0,0.07909035353841998,1.0,57,51,6,51,0,2,0,28,1,139,198,6,1,357.9895630687847,buyer,BUY-11879,reliable,1
0.8894257882044022,0.0,0.9041898164711947,0.11057421179559779,0.3,11,10,1,10,1,1,0,6,0,28,40,2,0,278.8818613272454,buyer,BUY-11880,occasional_reliable,1
0.9521986840652764,0.3913912031729784,1.0,0.04780131593472381,0.65,28,27,1,27,0,9,3,13,0,77,111,1,0,350.73296682641205,buyer,BUY-11881,frequent_returner,0
0.5055181060723568,0.0,0.85729575158269,0.4944818939276432,0.15,20,11,9,11,2,0,0,1,1,33,53,1,1,337.42379799261573,buyer,BUY-11882,frequent_canceller,0
0.7124309996694318,0.0,0.7286099122179733,0.2875690003305681,0.2,21,16,5,16,5,1,0,4,0,42,64,1,1,336.81321259215275,buyer,BUY-11883,poor_payment,0
0.6966765481493049,0.0,0.6855613940638409,0.3033234518506952,0.15,18,12,6,12,4,1,0,3,0,34,53,0,0,326.22212677224536,buyer,BUY-11884,mixed,1
1.0,0.0,1.0,0.0,0.85,24,24,0,24,0,1,0,13,2,64,89,1,0,350.5685218283333,buyer,BUY-11885,reliable,1
0.5653763979829318,0.0,1.0,0.4346236020170682,0.25,10,7,3,7,0,0,0,3,1,21,31,1,1,352.0813106598611,buyer,BUY-11886,occasional_reliable,1
0.8908428026920873,0.2412544078209058,0.96142121445738,0.10915719730791296,0.7,39,35,4,35,3,10,2,14,0,98,145,3,0,364.45210170092594,buyer,BUY-11887,frequent_returner,0
0.3278209917310796,0.0,0.6824118594370383,0.6721790082689203,0.1,35,13,22,13,3,0,0,2,0,50,85,3,2,364.2369576909722,buyer,BUY-11888,frequent_canceller,0
0.7334750818872399,0.8744395273635327,0.7456843851137503,0.26652491811276,0.45,20,13,7,13,5,2,1,7,1,43,64,3,1,331.702519643368,buyer,BUY-11889,poor_payment,0
0.7637685474457825,0.0,0.9237404688024392,0.2362314525542175,0.05,9,6,3,6,1,0,0,1,0,16,25,1,0,357.5227558290741,buyer,BUY-11890,mixed,0
0.9341684140497576,0.0,0.9547034520029213,0.06583158595024252,1.0,44,42,2,42,2,0,0,26,0,112,156,2,0,356.1001008321412,buyer,BUY-11891,reliable,1
0.8913265098274601,0.0,0.9508688022252197,0.10867349017253991,0.3,15,12,3,12,1,1,0,6,0,34,50,0,0,336.74539257516204,buyer,BUY-11892,occasional_reliable,1
0.6292571997259934,0.5457432624530429,0.9839966669664483,0.37074280027400675,0.25,18,14,4,14,1,7,3,5,0,44,66,4,2,357.39087821489585,buyer,BUY-11893,frequent_returner,0
0.6315242375093512,0.0,0.8167533215474884,0.36847576249064884,0.2,27,17,10,17,2,1,0,4,0,49,77,2,0,362.9610846145486,buyer,BUY-11894,frequent_canceller,0
0.8978642629773838,0.0,0.6177861866683462,0.10213573702261614,0.0,10,8,2,8,4,0,0,0,0,18,28,0,0,314.06005581395834,buyer,BUY-11895,poor_payment,0
0.974623772576641,0.0,0.6063847384586978,0.025376227423358988,0.2,11,10,1,10,3,1,0,4,0,26,38,2,0,361.8043036157755,buyer,BUY-11896,mixed,0
0.9497690755716296,0.0,1.0,0.050230924428370516,1.0,59,56,3,56,0,3,0,20,0,138,200,6,0,360.9035659391435,buyer,BUY-11897,reliable,1
0.7106107409520779,0.0,1.0,0.28938925904792245,0.25,11,9,2,9,0,1,0,5,0,26,38,0,0,313.51786602115743,buyer,BUY-11898,occasional_reliable,1
0.8667118754862776,0.4519267252712631,1.0,0.13328812451372207,0.25,24,20,4,20,0,8,2,5,0,57,87,5,1,363.34654781378475,buyer,BUY-11899,frequent_returner,0
0.2751540606812163,0.0,0.9677586460605171,0.7248459393187837,0.2,36,9,27,9,1,0,0,2,1,48,84,3,3,321.1744191198496,buyer,BUY-11900,frequent_canceller,0
0.8467796955809737,0.0,0.5382204086439172,0.15322030441902634,0.25,18,16,2,16,6,0,0,5,0,39,57,1,0,353.9190540021296,buyer,BUY-11901,poor_payment,0
0.6013821600014232,0.0,0.9724522281979671,0.3986178399985768,0.45,19,14,5,14,1,1,0,5,2,41,61,2,1,355.5126790751273,buyer,BUY-11902,mixed,0
0.928167482088179,0.0,1.0,0.0718325179118211,1.0,53,49,4,49,0,3,0,29,1,135,191,3,0,364.51211854048614,buyer,BUY-11903,reliable,1
1.0,0.0,1.0,0.0,0.1,4,4,0,4,0,0,0,2,0,10,14,0,0,354.6297600990972,buyer,BUY-11904,occasional_reliable,1
0.8527756351248404,0.0,0.9600872625047002,0.14722436487515955,0.3,18,15,3,15,1,7,0,6,0,46,71,0,0,326.2623751693287,buyer,BUY-11905,frequent_returner,0
0.331023036532034,0.0,1.0,0.668976963467966,0.05,30,12,18,12,0,0,0,1,0,43,73,4,3,313.2483801734028,buyer,BUY-11906,frequent_canceller,0
0.7752422904712016,0.0,0.33483659191164483,0.22475770952879803,0.0,20,17,3,17,9,2,0,0,0,39,61,0,0,299.83440076721064,buyer,BUY-11907,poor_payment,0
0.906134152368578,0.0,0.7923903835745041,0.09386584763142203,0.1,12,9,3,9,2,0,0,2,0,23,35,1,0,362.0800561953819,buyer,BUY-11908,mixed,0
0.9869098097541509,0.0,0.9745687303267836,0.01309019024584912,1.0,43,42,1,42,1,2,0,22,1,110,155,3,0,353.693092773669,buyer,BUY-11909,reliable,1
0.814636715582771,0.0,1.0,0.18536328441722905,0.15,13,11,2,11,0,0,0,3,0,27,40,0,0,355.8721590954745,buyer,BUY-11910,occasional_reliable,1
0.9492453126976507,0.17165179696884525,0.9768374006071312,0.050754687302349444,0.45,18,17,1,17,2,5,1,5,2,47,69,3,0,361.7654552922338,buyer,BUY-11911,frequent_returner,0
0.5458927959779545,0.0,0.9822666153251137,0.4541072040220455,0.1,21,10,11,10,1,2,0,0,1,34,57,1,0,360.16166317296296,buyer,BUY-11912,frequent_canceller,0
0.9447291398559745,0.0,0.5976792866843419,0.0552708601440256,0.1,15,13,2,13,5,3,0,0,1,32,50,1,0,350.4597844829398,buyer,BUY-11913,poor_payment,0
0.7640843220398817,0.0,0.9019615251645814,0.23591567796011814,0.25,34,26,8,26,3,4,0,5,0,69,107,5,2,363.73397675900463,buyer,BUY-11914,mixed,1
0.8877134619539497,0.048275597192810604,0.9913833270268171,0.11228653804605004,1.0,50,46,4,46,1,4,1,25,0,125,178,5,0,351.82256219399306,buyer,BUY-11915,reliable,1
0.8791278444357773,0.0,1.0,0.1208721555642226,0.2,10,8,2,8,0,0,0,4,0,22,32,2,0,327.2149520142477,buyer,BUY-11916,occasional_reliable,1
0.924810847892753,0.23417036690666104,0.9372538556400214,0.07518915210724675,0.75,38,36,2,36,3,14,3,15,0,103,152,5,0,342.0669694040741,buyer,BUY-11917,frequent_returner,0
0.38620981390378845,0.0,0.9366008056447981,0.6137901860962116,0.0,35,14,21,14,1,2,0,0,0,51,88,8,5,339.8931352990394,buyer,BUY-11918,frequent_canceller,0
0.8501968638319306,0.0,0.47645272093333263,0.1498031361680694,0.1,10,9,1,9,5,0,0,0,1,20,30,0,0,284.2867425943403,buyer,BUY-11919,poor_payment,0
0.5685481667964581,0.0,0.849773863070751,0.43145183320354186,0.15,13,9,4,9,3,0,0,3,0,25,38,4,2,351.534202753206,buyer,BUY-11920,mixed,1
0.9574217474883295,0.0,0.9444334508876193,0.042578252511670356,1.0,59,56,3,56,3,2,0,32,2,151,212,3,0,361.59900288783564,buyer,BUY-11921,reliable,1
0.915959021258277,0.0,1.0,0.084040978741723,0.35,15,14,1,14,0,0,0,5,1,35,50,1,0,321.57934343043985,buyer,BUY-11922,occasional_reliable,1
0.9077918202552675,0.0,0.96931102708993,0.09220817974473261,0.1,16,15,1,15,2,9,0,2,0,42,67,2,0,305.2112713068403,buyer,BUY-11923,frequent_returner,0
0.32830909923672646,0.0,0.9017570016361199,0.6716909007632734,0.25,39,15,24,15,1,1,0,3,1,59,99,6,5,364.3299533125231,buyer,BUY-11924,frequent_canceller,0
1.0,0.0,0.6313235598194272,0.0,0.05,11,11,0,11,3,1,0,1,0,24,36,0,0,353.49439333302087,buyer,BUY-11925,poor_payment,0
0.5282677680877699,0.6327146493824105,0.8813548326811633,0.47173223191223024,0.4,34,20,14,20,2,2,1,6,1,63,98,5,3,349.3210844602546,buyer,BUY-11926,mixed,0
1.0,0.0,0.8902755575350982,0.0,0.45,21,21,0,21,1,3,0,9,0,54,78,4,0,364.22093402326385,buyer,BUY-11927,reliable,1
1.0,0.0,0.9800672054201687,0.0,0.25,12,12,0,12,1,0,0,5,0,29,41,1,0,355.4496697968518,buyer,BUY-11928,occasional_reliable,1
0.932473764537416,0.39538581202913736,1.0,0.06752623546258385,0.5,37,35,2,35,0,11,3,10,0,93,138,2,0,360.79242221903934,buyer,BUY-11929,frequent_returner,0
0.6818778425715802,0.0,1.0,0.31812215742841987,0.0,14,10,4,10,0,1,0,0,0,25,40,1,0,342.60041405862273,buyer,BUY-11930,frequent_canceller,0
0.9809621940086177,0.0,0.6446663538790055,0.019037805991382273,0.15,20,19,1,19,8,0,0,3,0,42,62,2,0,361.25235885010414,buyer,BUY-11931,poor_payment,0
0.634432746064674,0.1698338045399591,0.8415403183591246,0.3655672539353261,0.0,35,21,14,21,3,5,1,0,0,61,100,2,1,343.13855445181713,buyer,BUY-11932,mixed,1
0.9151282491536001,0.0,0.9686232712757464,0.08487175084639997,1.0,56,54,2,54,3,2,0,31,2,145,203,0,0,348.6263384818982,buyer,BUY-11933,reliable,1
0.8409570124089606,0.0,1.0,0.1590429875910394,0.25,14,12,2,12,0,3,0,5,0,34,51,0,0,281.4136545543287,buyer,BUY-11934,occasional_reliable,1
0.6479971471947122,0.3230145164302527,0.913992307577283,0.35200285280528776,0.3,21,16,5,16,1,3,1,6,0,46,69,1,1,349.77548562618057,buyer,BUY-11935,frequent_returner,0
0.21061118392922373,0.0,1.0,0.7893888160707763,0.1,40,12,28,12,0,0,0,2,0,54,94,5,4,338.1224024810301,buyer,BUY-11936,frequent_canceller,0
0.7302812509559464,0.0,0.3264014509335734,0.2697187490440536,0.0,13,11,2,11,7,0,0,0,0,24,37,1,1,345.1828205795602,buyer,BUY-11937,poor_payment,0
0.6318583682689811,0.0,0.914842776494681,0.3681416317310189,0.1,9,6,3,6,1,0,0,0,1,16,25,0,0,352.62276179862266,buyer,BUY-11938,mixed,0
0.9509869306894098,0.0,1.0,0.04901306931059046,1.0,59,56,3,56,0,1,0,34,1,151,211,6,0,343.52471687681714,buyer,BUY-11939,reliable,1
0.8710089488468291,0.0,0.8710900700771459,0.1289910511531711,0.2,7,6,1,6,1,0,0,4,0,17,24,0,0,287.4710458501273,buyer,BUY-11940,occasional_reliable,1
0.9427611895417257,0.0,1.0,0.05723881045827417,0.6,35,30,5,30,0,8,0,12,0,85,128,2,0,361.20655981061344,buyer,BUY-11941,frequent_returner,0
0.8182517939386622,0.0,0.7191718280388529,0.1817482060613379,0.05,11,6,5,6,1,0,0,1,0,18,29,2,0,323.7035721278819,buyer,BUY-11942,frequent_canceller,0
0.6778937625222105,0.0,0.48206782460607406,0.32210623747778966,0.1,26,21,5,21,10,3,0,2,0,52,81,2,2,363.5832612561227,buyer,BUY-11943,poor_payment,0
0.7470177229138263,1.0,0.9403238994948107,0.2529822770861737,0.0,8,7,1,7,1,1,1,0,0,16,24,0,0,363.20724242332176,buyer,BUY-11944,mixed,1
0.9781331320319822,0.0,0.948388704944883,0.021866867968017956,1.0,49,47,2,47,2,2,0,29,4,131,182,0,0,364.1459325474074,buyer,BUY-11945,reliable,1
1.0,0.0,0.896313603119039,0.0,0.45,15,15,0,15,1,1,0,7,1,39,55,2,0,351.0109717822106,buyer,BUY-11946,occasional_reliable,1
0.9758895914744309,0.0,0.9040967706211763,0.024110408525568894,0.6,28,26,2,26,2,9,0,8,2,73,110,2,0,340.78050832773147,buyer,BUY-11947,frequent_returner,0
0.6601043816809626,0.0,0.7894975196723862,0.33989561831903736,0.25,37,21,16,21,4,0,0,3,1,62,99,4,1,340.10511081605324,buyer,BUY-11948,frequent_canceller,0
0.9645655091939895,0.0,0.447048811495854,0.035434490806010466,0.15,13,12,1,12,6,1,0,3,0,29,43,3,0,357.3921594792014,buyer,BUY-11949,poor_payment,0
0.8478108001126996,0.0,0.8331956939046254,0.1521891998873004,0.2,20,15,5,15,2,0,0,4,0,39,59,3,0,319.8025022385764,buyer,BUY-11950,mixed,1
0.952151113817011,0.0,0.9471806073425569,0.04784888618298899,1.0,34,33,1,33,1,4,0,20,1,92,130,3,0,352.87272301582175,buyer,BUY-11951,reliable,1
0.8635398373248616,0.0,0.7665993844260611,0.1364601626751385,0.35,10,8,2,8,1,0,0,3,2,23,33,0,0,329.47668709087964,buyer,BUY-11952,occasional_reliable,1
0.9611486562423143,0.05073494227048847,1.0,0.03885134375768562,0.45,27,25,2,25,0,6,1,7,1,66,98,1,0,356.2723851458333,buyer,BUY-11953,frequent_returner,0
0.44871298253508607,0.0,1.0,0.5512870174649139,0.25,15,8,7,8,0,1,0,1,2,27,43,0,0,323.69869639355323,buyer,BUY-11954,frequent_canceller,0
0.8870362924475557,0.0,0.5978010302078616,0.11296370755244411,0.4,24,20,4,20,9,2,0,6,1,53,79,2,0,364.16581021584494,buyer,BUY-11955,poor_payment,0
0.6310203736310069,0.1370174147574308,0.7332037298812693,0.36897962636899295,0.2,31,20,11,20,3,3,1,4,0,58,91,4,2,357.2446089985069,buyer,BUY-11956,mixed,1
0.9794406554269433,0.0,1.0,0.020559344573056748,0.95,30,28,2,28,0,1,0,17,1,77,108,3,0,363.3138046098727,buyer,BUY-11957,reliable,1
0.9533242200200772,0.0,1.0,0.04667577997992278,0.0,4,3,1,3,0,0,0,0,0,7,11,0,0,364.7591027138542,buyer,BUY-11958,occasional_reliable,1
0.9434173869040122,0.07556312097279227,0.979742173577053,0.05658261309598778,0.25,28,25,3,25,2,11,2,5,0,69,106,4,0,362.9470254660532,buyer,BUY-11959,frequent_returner,0
0.6449900250173154,0.0,0.7709150667893756,0.3550099749826844,0.15,37,22,15,22,3,1,0,3,0,63,101,2,0,354.84505655689816,buyer,BUY-11960,frequent_canceller,0
0.8461370368404113,0.0,0.7714808086497059,0.1538629631595887,0.2,17,15,2,15,5,1,0,4,0,37,55,0,0,334.2728680160533,buyer,BUY-11961,poor_payment,0
0.6922415176053269,0.0,0.9520416908177443,0.30775848239467296,0.0,9,5,4,5,1,2,0,0,0,16,27,1,0,347.5133834075463,buyer,BUY-11962,mixed,0
0.9392502911723712,0.0,1.0,0.06074970882762876,1.0,54,52,2,52,0,1,0,32,2,141,196,3,0,364.9371416783218,buyer,BUY-11963,reliable,1
1.0,0.0,1.0,0.0,0.15,6,6,0,6,0,1,0,3,0,16,23,0,0,327.4446829351852,buyer,BUY-11964,occasional_reliable,1
0.8877194978750891,0.5102228504355697,0.9083773985198835,0.11228050212491103,0.5,28,25,3,25,2,10,3,10,0,73,108,3,1,358.0717200927315,buyer,BUY-11965,frequent_returner,0
0.4358700861271496,0.0,0.7838740109708757,0.5641299138728504,0.2,29,16,13,16,3,1,0,2,1,49,79,2,2,352.84854203769675,buyer,BUY-11966,frequent_canceller,0
0.646134133497344,0.0,0.3178414787536066,0.35386586650265595,0.05,22,14,8,14,7,2,0,1,0,39,63,1,0,362.1627974462384,buyer,BUY-11967,poor_payment,0
0.578356439849825,0.0,0.9731598093432634,0.4216435601501749,0.3,28,17,11,17,1,4,0,6,0,55,87,0,0,361.19249775265047,buyer,BUY-11968,mixed,0
0.9030920403675281,0.0,0.962917492611014,0.09690795963247201,1.0,59,55,4,55,2,3,0,28,0,145,207,9,2,363.17053138778937,buyer,BUY-11969,reliable,1
0.7347801709623214,0.0,1.0,0.2652198290376786,0.4,14,11,3,11,0,1,0,4,2,32,47,1,0,354.71957802496524,buyer,BUY-11970,occasional_reliable,1
0.7303543729739492,0.44213153871961597,0.9841752876578057,0.26964562702605077,0.4,38,30,8,30,1,11,5,8,0,87,131,6,3,361.1154765206018,buyer,BUY-11971,frequent_returner,0
0.371077010426026,0.0,1.0,0.628922989573974,0.0,38,14,24,14,0,0,0,0,0,52,90,3,2,364.989335400544,buyer,BUY-11972,frequent_canceller,0
0.7034565677178307,0.0,0.4675112218945582,0.29654343228216906,0.3,30,22,8,22,11,0,0,6,0,58,88,6,2,354.8709710534954,buyer,BUY-11973,poor_payment,0
0.6893615482445677,0.20365558970966013,0.6497776335696943,0.31063845175543225,0.25,26,19,7,19,5,3,1,5,0,53,81,1,1,360.5463724514005,buyer,BUY-11974,mixed,1
0.8560964531724848,0.0,0.9659281251448711,0.14390354682751505,0.75,28,25,3,25,1,0,0,15,0,68,96,2,1,351.75613935070606,buyer,BUY-11975,reliable,1
0.16134826011024994,0.0,1.0,0.8386517398897501,0.1,6,3,3,3,0,0,0,2,0,11,17,1,1,343.6574185314352,buyer,BUY-11976,occasional_reliable,1
0.8007905898571509,0.0,1.0,0.19920941014284965,0.4,28,23,5,23,0,8,0,8,0,67,103,2,1,363.02704805291665,buyer,BUY-11977,frequent_returner,0
0.40462037150288654,0.0,0.7849022911569215,0.5953796284971136,0.3,37,16,21,16,4,3,0,2,2,60,100,4,2,361.4735912848958,buyer,BUY-11978,frequent_canceller,0
0.8797301816385993,0.0,0.8723960768503931,0.12026981836140083,0.2,29,26,3,26,3,2,0,4,0,61,92,7,1,359.39348892024304,buyer,BUY-11979,poor_payment,0
0.49379497120211396,0.0,0.8078419789010908,0.5062050287978861,0.0,9,6,3,6,1,2,0,0,0,17,28,1,1,323.63816112832177,buyer,BUY-11980,mixed,0
0.9379467473679342,0.0,0.9900874157319541,0.062053252632065625,1.0,47,45,2,45,1,6,0,31,1,130,183,2,0,347.43848848233796,buyer,BUY-11981,reliable,1
0.8417701837589793,0.0,0.7214684070646539,0.1582298162410205,0.45,13,11,2,11,1,0,0,5,2,31,44,1,0,344.8740785165625,buyer,BUY-11982,occasional_reliable,1
0.8869876720333837,0.14247373177930334,0.98943498157226,0.11301232796661653,0.55,25,22,3,22,1,5,1,11,0,63,92,2,0,337.17733205203706,buyer,BUY-11983,frequent_returner,0
0.45246278218470354,0.0,0.8119139080149138,0.5475372178152966,0.1,37,17,20,17,2,0,0,2,0,56,93,1,1,353.73457036182873,buyer,BUY-11984,frequent_canceller,0
0.6123491330693975,0.0,0.29942949989915685,0.38765086693060247,0.05,21,14,7,14,9,1,0,1,0,37,59,2,1,340.1062647876505,buyer,BUY-11985,poor_payment,0
0.4267942395611705,0.0,0.8184797733507415,0.5732057604388294,0.1,18,10,8,10,2,1,0,2,0,31,50,2,1,311.97758209983795,buyer,BUY-11986,mixed,0
0.994168321482381,0.0,1.0,0.005831678517619121,0.95,30,29,1,29,0,1,0,19,0,79,110,2,0,359.8522546993634,buyer,BUY-11987,reliable,1
1.0,0.0,1.0,0.0,0.15,4,4,0,4,0,0,0,1,1,10,14,0,0,323.98072530479163,buyer,BUY-11988,occasional_reliable,1
0.7469353413317582,0.14050506281415454,0.9887460264125079,0.2530646586682418,0.4,38,32,6,32,1,13,3,8,0,91,139,5,2,348.7221076078704,buyer,BUY-11989,frequent_returner,0
0.4500035019111003,0.0,0.4720851557490494,0.5499964980888996,0.2,23,10,13,10,2,1,0,2,1,37,61,1,0,364.79756593469904,buyer,BUY-11990,frequent_canceller,0
0.9562101540183938,0.0,0.45458390974105023,0.04378984598160596,0.15,27,24,3,24,11,2,0,3,0,56,85,2,0,358.50373312025465,buyer,BUY-11991,poor_payment,0
0.7067467071063991,0.0,0.6766142755387153,0.2932532928936008,0.1,10,7,3,7,1,1,0,2,0,20,31,0,0,317.81441620241895,buyer,BUY-11992,mixed,0
0.9839878258891263,0.0,0.9821917690953733,0.016012174110873634,0.55,20,19,1,19,1,0,0,11,0,50,70,2,0,351.0084898010185,buyer,BUY-11993,reliable,1
0.750320309839739,0.0,1.0,0.24967969016026104,0.3,12,10,2,10,0,1,0,6,0,29,42,1,0,364.4521474361342,buyer,BUY-11994,occasional_reliable,1
0.9098834473114589,0.47907664103275416,1.0,0.09011655268854113,0.6,33,30,3,30,0,10,3,12,0,85,125,3,1,355.39740454864585,buyer,BUY-11995,frequent_returner,0
0.6094430820499961,0.0,0.9721692332151344,0.3905569179500038,0.2,40,20,20,20,2,1,0,2,1,64,105,3,0,342.1441634017593,buyer,BUY-11996,frequent_canceller,0
0.8079563326279736,0.0,0.4064977468701068,0.19204366737202638,0.2,26,19,7,19,10,3,0,2,1,51,80,1,0,353.63743517667825,buyer,BUY-11997,poor_payment,0
0.5040262916940303,0.39084805547616863,0.7740597710494999,0.49597370830596954,0.25,29,18,11,18,6,3,1,5,0,55,86,4,3,355.72509967503476,buyer,BUY-11998,mixed,1
0.9844434910599603,0.0,0.9531548568165675,0.01555650894003957,1.0,41,40,1,40,3,2,0,26,1,110,153,4,0,362.162826951713,buyer,BUY-11999,reliable,1
0.7504112001751496,0.0,1.0,0.24958879982485038,0.25,6,5,1,5,0,2,0,3,1,17,25,0,0,249.28511245790511,buyer,BUY-12000,occasional_reliable,1
1.0,0.0,1.0,0.0,0.35,17,17,0,17,0,6,0,7,0,47,70,0,0,321.4757509992824,buyer,BUY-12001,frequent_returner,0
0.3760863127978342,0.0,1.0,0.6239136872021658,0.15,27,10,17,10,0,0,0,1,1,39,66,1,0,362.68043862722226,buyer,BUY-12002,frequent_canceller,0
0.913859874298193,0.0,0.3964214753764267,0.08614012570180696,0.15,18,16,2,16,8,0,0,1,1,36,54,0,0,334.8764386106829,buyer,BUY-12003,poor_payment,0
0.6709637714247076,0.0,0.6653662414910406,0.32903622857529236,0.4,23,14,9,14,5,1,0,6,1,45,69,1,0,353.6408518154514,buyer,BUY-12004,mixed,1
0.9308018195761248,0.0,1.0,0.06919818042387516,1.0,35,32,3,32,0,5,0,24,1,97,137,0,0,363.63219041980324,buyer,BUY-12005,reliable,1
1.0,0.0,0.45984892791851034,0.0,0.1,9,9,0,9,3,2,0,2,0,22,33,2,0,308.43160728939813,buyer,BUY-12006,occasional_reliable,1
0.9301911215573382,0.3832283963331372,1.0,0.0698088784426617,0.5,34,31,3,31,0,12,3,10,0,87,130,4,0,360.6134236578819,buyer,BUY-12007,frequent_returner,0
0.48504063375296697,0.0,0.9544208730263448,0.5149593662470331,0.0,27,14,13,14,1,1,0,0,0,42,70,1,1,321.5480844829977,buyer,BUY-12008,frequent_canceller,0
0.8670044923198079,0.0,0.47560412560687665,0.13299550768019242,0.1,27,24,3,24,13,2,0,0,1,54,83,1,1,347.2040804498264,buyer,BUY-12009,poor_payment,0
0.46694257855903926,0.0,0.7417119201902569,0.5330574214409607,0.15,16,10,6,10,3,1,0,3,0,30,47,0,0,344.8926443132986,buyer,BUY-12010,mixed,0
0.9855941688471072,0.0,0.9917185478788894,0.014405831152892845,1.0,46,44,2,44,1,3,0,20,0,113,162,2,0,363.8885695659375,buyer,BUY-12011,reliable,1
1.0,0.0,0.9628482509606676,0.0,0.25,6,6,0,6,1,0,0,3,1,16,22,0,0,340.28231442842593,buyer,BUY-12012,occasional_reliable,1
0.910587679113957,0.6199979877023967,0.9948771759509927,0.08941232088604323,0.75,40,34,6,34,1,11,6,15,0,100,145,5,0,362.39697830385416,buyer,BUY-12013,frequent_returner,0
0.3980569711263418,0.0,0.7659155441234601,0.6019430288736582,0.05,21,10,11,10,1,0,0,1,0,32,53,1,1,360.2779815771296,buyer,BUY-12014,frequent_canceller,0
0.9551096540375139,0.0,0.580020576024689,0.04489034596248609,0.3,30,28,2,28,11,1,0,4,1,64,95,5,0,362.69758146925926,buyer,BUY-12015,poor_payment,0
0.5659415221362537,0.0,0.5353231715081576,0.4340584778637463,0.35,35,19,16,19,6,1,0,5,1,61,97,3,2,349.11851621424773,buyer,BUY-12016,mixed,0
0.9910033798157732,0.0,0.9923472072912616,0.008996620184226534,1.0,55,54,1,54,1,2,0,31,1,143,200,7,0,363.94355724854165,buyer,BUY-12017,reliable,1
1.0,0.0,0.9166968057981251,0.0,0.35,12,12,0,12,2,0,0,5,1,30,42,0,0,294.3625436490162,buyer,BUY-12018,occasional_reliable,1
0.9170073386906626,0.04855927182090025,1.0,0.08299266130933747,0.4,37,34,3,34,0,14,2,8,0,93,142,3,1,364.9322576832407,buyer,BUY-12019,frequent_returner,0
0.605406014876285,0.0,0.9496145568564007,0.394593985123715,0.0,15,8,7,8,1,0,0,0,0,23,38,1,1,326.5026410666204,buyer,BUY-12020,frequent_canceller,0
0.9087383361857758,0.0,0.758041246240055,0.09126166381422418,0.0,24,22,2,22,8,1,0,0,0,47,72,1,0,341.38075670621527,buyer,BUY-12021,poor_payment,0
0.6494498677740886,0.0,0.8982226702301975,0.35055013222591136,0.1,25,15,10,15,2,1,0,2,0,43,69,1,0,352.18747074896993,buyer,BUY-12022,mixed,1
0.9312068994361166,0.0,0.9769399685461909,0.06879310056388344,1.0,60,56,4,56,2,1,0,33,1,151,212,6,0,363.41215177717595,buyer,BUY-12023,reliable,1
0.930675666918443,0.0,1.0,0.06932433308155705,0.15,15,14,1,14,0,0,0,3,0,32,47,4,0,340.76158186437505,buyer,BUY-12024,occasional_reliable,1
0.9228320270561137,0.2706073389878467,0.9904841845193969,0.07716797294388644,0.35,35,33,2,33,1,12,3,7,0,87,131,4,0,355.59359283631943,buyer,BUY-12025,frequent_returner,0
0.3051721659185249,0.0,0.6534195842847302,0.6948278340814751,0.0,19,7,12,7,2,0,0,0,0,26,45,2,2,339.8292963549653,buyer,BUY-12026,frequent_canceller,0
1.0,0.0,0.6398829187513054,0.0,0.15,12,12,0,12,6,1,0,1,1,27,40,1,0,355.1907014738079,buyer,BUY-12027,poor_payment,0
0.851704409253752,0.0,0.9059596697271879,0.14829559074624787,0.2,20,17,3,17,1,1,0,4,0,42,63,0,0,334.38903312928244,buyer,BUY-12028,mixed,1
0.8922706844352691,0.0,0.8468538569567177,0.10772931556473098,0.75,24,22,2,22,2,1,0,15,0,62,87,2,0,351.79036171902777,buyer,BUY-12029,reliable,1
1.0,0.0,1.0,0.0,0.25,15,15,0,15,0,1,0,5,0,36,52,4,0,321.56052900436345,buyer,BUY-12030,occasional_reliable,1
0.9481476516954859,0.21867436737259327,0.986579374898184,0.05185234830451402,0.35,31,30,1,30,1,14,4,7,0,82,123,2,0,323.8457262297685,buyer,BUY-12031,frequent_returner,0
0.5286920155643783,0.0,0.7721813908905951,0.47130798443562183,0.05,24,11,13,11,2,1,0,1,0,37,62,3,2,317.0208952208912,buyer,BUY-12032,frequent_canceller,0
0.6992113896137832,0.0,0.5656649124592824,0.30078861038621674,0.2,11,9,2,9,4,1,0,2,1,24,36,2,1,318.2418798095486,buyer,BUY-12033,poor_payment,0
0.40185992173335155,0.0,0.7271810801594504,0.5981400782666484,0.05,9,4,5,4,1,1,0,1,0,15,25,1,1,363.9497418077778,buyer,BUY-12034,mixed,0
0.947337208387819,0.0,0.9794436058681203,0.052662791612181015,1.0,57,54,3,54,2,2,0,36,2,151,210,4,0,361.8279832446759,buyer,BUY-12035,reliable,1
1.0,0.0,1.0,0.0,0.25,6,6,0,6,0,0,0,5,0,17,23,2,0,321.2436058823032,buyer,BUY-12036,occasional_reliable,1
0.8835725192235806,0.039944996715830405,0.991567137912465,0.11642748077641907,0.35,33,28,5,28,1,12,1,7,0,80,124,2,0,354.80385514274303,buyer,BUY-12037,frequent_returner,0
0.42584994009810806,0.0,1.0,0.5741500599018918,0.05,35,15,20,15,0,0,0,1,0,51,86,6,2,363.4823744475926,buyer,BUY-12038,frequent_canceller,0
0.9042513175229471,0.0,0.9580115806617441,0.09574868247705315,0.25,13,11,2,11,2,1,0,3,1,29,43,0,0,358.0453585278472,buyer,BUY-12039,poor_payment,0
0.8221513749931539,0.0,0.8525110387725813,0.17784862500684606,0.15,10,9,1,9,1,3,0,3,0,25,38,1,0,335.3112727645023,buyer,BUY-12040,mixed,0
0.9377462559365664,0.0,1.0,0.06225374406343365,1.0,49,46,3,46,0,0,0,25,4,124,173,5,1,356.5830744418866,buyer,BUY-12041,reliable,1
0.898600489335658,0.0,1.0,0.10139951066434216,0.15,10,8,2,8,0,1,0,3,0,22,33,0,0,342.61645659832175,buyer,BUY-12042,occasional_reliable,1
0.8374752228751084,0.40054915137623337,1.0,0.16252477712489155,0.25,23,19,4,19,0,5,1,5,0,52,79,2,1,342.0012197415509,buyer,BUY-12043,frequent_returner,0
0.26527185607980397,0.0,0.902463363365342,0.734728143920196,0.05,23,9,14,9,1,1,0,1,0,34,58,2,2,317.3079491767709,buyer,BUY-12044,frequent_canceller,0
0.859964940547699,0.0,0.36745817760375643,0.14003505945230088,0.1,16,14,2,14,6,0,0,2,0,32,48,2,0,325.6424623266551,buyer,BUY-12045,poor_payment,0
0.5866485797020016,0.0,0.795216981573518,0.4133514202979983,0.3,31,18,13,18,2,3,0,4,1,57,91,3,0,351.71439107372686,buyer,BUY-12046,mixed,1
0.9655794836928594,0.0,0.9542693880380454,0.0344205163071406,1.0,57,55,2,55,1,4,0,41,3,160,221,5,0,364.6671046918287,buyer,BUY-12047,reliable,1
0.8402193988913268,0.0,1.0,0.1597806011086732,0.0,9,8,1,8,0,1,0,0,0,18,28,2,0,355.08394259162037,buyer,BUY-12048,occasional_reliable,1
0.8071214104953489,0.0374173557616474,1.0,0.1928785895046512,0.35,30,25,5,25,0,12,1,7,0,74,115,4,2,320.968696056331,buyer,BUY-12049,frequent_returner,0
0.3314444712662528,0.0,0.9510179587033447,0.668555528733747,0.0,32,10,22,10,1,1,0,0,0,43,76,5,3,360.9271927130324,buyer,BUY-12050,frequent_canceller,0
0.9167114232222018,0.0,0.7002970261550011,0.08328857677779822,0.1,10,8,2,8,3,1,0,2,0,21,32,1,0,359.74817986940974,buyer,BUY-12051,poor_payment,0
0.8400022505994206,0.6914139073117471,0.4382949073515395,0.1599977494005792,0.3,12,10,2,10,3,2,1,4,1,29,42,1,0,363.9922604408565,buyer,BUY-12052,mixed,1
0.957805004881998,0.0,0.9648059196312668,0.042194995118001954,1.0,52,49,3,49,1,2,0,24,1,128,182,1,0,359.02832791744214,buyer,BUY-12053,reliable,1
0.3952855390958526,0.0,1.0,0.6047144609041474,0.05,6,4,2,4,0,0,0,1,0,11,17,1,1,361.3527156840509,buyer,BUY-12054,occasional_reliable,1
0.5905129974853158,1.0,1.0,0.4094870025146842,0.1,18,13,5,13,0,1,1,0,1,33,51,3,2,353.59113799803237,buyer,BUY-12055,frequent_returner,0
0.5154237226832837,0.0,1.0,0.48457627731671626,0.0,11,5,6,5,0,0,0,0,0,16,27,2,1,314.0193564560764,buyer,BUY-12056,frequent_canceller,0
0.8131504838872632,0.0,0.5960677902136369,0.1868495161127368,0.2,26,22,4,22,10,0,0,4,0,52,78,0,0,361.08045880797454,buyer,BUY-12057,poor_payment,0
0.5618892326167284,0.0,0.6573018576700999,0.4381107673832715,0.2,24,14,10,14,5,2,0,4,0,44,70,0,0,348.9849458970023,buyer,BUY-12058,mixed,0
0.9034480398848799,0.0,1.0,0.09655196011512013,0.9,20,18,2,18,0,1,0,10,4,53,74,1,0,291.80214913725695,buyer,BUY-12059,reliable,1
0.941541436435476,0.0,0.48160366716516334,0.058458563564523836,0.15,6,5,1,5,1,0,0,1,1,13,19,1,0,364.1548053332755,buyer,BUY-12060,occasional_reliable,1
0.8291720138417087,0.09812072178020026,1.0,0.17082798615829142,0.45,28,24,4,24,0,8,2,9,0,69,103,4,0,357.6001438206019,buyer,BUY-12061,frequent_returner,0
0.6486562118017324,0.0,1.0,0.3513437881982676,0.0,13,8,5,8,0,1,0,0,0,22,36,2,0,364.27434134188655,buyer,BUY-12062,frequent_canceller,0
0.816099486362039,0.0,0.8962571220072247,0.183900513637961,0.2,23,18,5,18,5,2,0,0,2,45,70,3,0,359.05188587025464,buyer,BUY-12063,poor_payment,0
0.4484552243586057,0.0,0.7955893858485023,0.5515447756413944,0.3,21,12,9,12,4,1,0,4,1,39,61,1,1,341.80552144874997,buyer,BUY-12064,mixed,0
0.9805490494413488,0.0,0.9739365936729405,0.019450950558651203,1.0,35,33,2,33,1,3,0,19,2,92,130,3,0,363.0752629716898,buyer,BUY-12065,reliable,1
0.851525767209044,0.0,0.7518757434138077,0.14847423279095595,0.25,9,8,1,8,1,1,0,5,0,23,33,1,0,152.5369822583102,buyer,BUY-12066,occasional_reliable,1
0.9828027102247098,0.7473896644035602,0.9765676688477625,0.017197289775290225,0.5,38,37,1,37,2,10,5,8,1,94,137,5,0,352.6902034021181,buyer,BUY-12067,frequent_returner,0
0.31681287900341987,0.0,0.4122547848541901,0.6831871209965801,0.0,22,6,16,6,5,0,0,0,0,28,50,3,1,360.4986194742014,buyer,BUY-12068,frequent_canceller,0
1.0,0.0,0.8595910780031958,0.0,0.05,12,12,0,12,3,3,0,1,0,28,43,1,0,357.31555725069444,buyer,BUY-12069,poor_payment,0
0.6344301950079896,0.0,0.9078623626532633,0.3655698049920102,0.3,20,15,5,15,2,2,0,4,1,42,64,2,2,349.5500990567014,buyer,BUY-12070,mixed,0
0.9619118643085853,0.0,1.0,0.03808813569141467,1.0,31,30,1,30,0,1,0,20,2,84,116,2,0,345.42608490717595,buyer,BUY-12071,reliable,1
1.0,0.0,1.0,0.0,0.15,6,6,0,6,0,1,0,3,0,16,23,2,0,285.1331159160301,buyer,BUY-12072,occasional_reliable,1
0.9696043505831474,0.18891702380968922,0.9468276338120991,0.0303956494168528,0.45,40,37,3,37,2,13,2,9,0,99,150,2,0,364.447310484919,buyer,BUY-12073,frequent_returner,0
0.3298724749852478,0.0,0.606227570685612,0.6701275250147523,0.0,16,4,12,4,2,0,0,0,0,20,36,2,1,363.0168971531134,buyer,BUY-12074,frequent_canceller,0
0.965793064468143,0.0,0.3396740075633135,0.03420693553185705,0.25,17,16,1,16,9,1,0,5,0,39,57,2,0,359.36551790778935,buyer,BUY-12075,poor_payment,0
0.5836170683791041,0.0,0.9490670043561223,0.4163829316208957,0.3,24,15,9,15,2,4,0,4,1,48,76,3,2,362.38032605594907,buyer,BUY-12076,mixed,0
0.9919793339098166,0.0,0.9857273190050297,0.00802066609018337,1.0,34,33,1,33,1,1,0,22,1,91,126,4,0,348.4408990205324,buyer,BUY-12077,reliable,1
0.7253820551469847,0.0,1.0,0.27461794485301527,0.2,10,8,2,8,0,1,0,2,1,22,33,1,0,327.3413084028009,buyer,BUY-12078,occasional_reliable,1
0.9828705068674676,0.12011551034420864,1.0,0.017129493132532425,0.35,17,16,1,16,0,6,1,5,1,45,67,1,0,347.5382323175463,buyer,BUY-12079,frequent_returner,0
0.46224461369184,0.0,1.0,0.53775538630816,0.1,29,12,17,12,0,1,0,2,0,44,74,3,1,349.3122129194676,buyer,BUY-12080,frequent_canceller,0
0.7916523790112786,0.0,0.8099535478281863,0.20834762098872117,0.05,24,18,6,18,4,0,0,1,0,43,67,0,0,360.5386037923148,buyer,BUY-12081,poor_payment,0
0.7430937468486898,0.0,0.831663283122757,0.2569062531513103,0.35,20,15,5,15,2,1,0,5,1,42,63,1,0,362.1574322722569,buyer,BUY-12082,mixed,0
0.9137411124410839,0.0,0.9048430101937118,0.08625888755891598,0.8,28,27,1,27,2,0,0,16,0,71,99,2,0,358.0358525820254,buyer,BUY-12083,reliable,1
0.9400884893748763,0.0,1.0,0.059911510625123676,0.35,14,13,1,13,0,0,0,7,0,34,48,1,0,360.01597448084493,buyer,BUY-12084,occasional_reliable,1
0.9876524514252866,0.0928439206907411,0.8645808495542653,0.01234754857471343,0.6,30,29,1,29,3,10,1,10,1,80,119,3,0,352.5900095377315,buyer,BUY-12085,frequent_returner,0
0.38240336057230284,0.0,1.0,0.617596639427697,0.1,17,6,11,6,0,0,0,2,0,25,42,2,1,345.5480218903125,buyer,BUY-12086,frequent_canceller,0
0.9296588045114269,0.0,0.5048072051954173,0.07034119548857298,0.2,24,22,2,22,11,1,0,4,0,51,76,1,0,300.04733435238427,buyer,BUY-12087,poor_payment,0
0.5145427474780592,0.0,0.7692997728017651,0.48545725252194094,0.2,20,12,8,12,3,5,0,4,0,41,66,2,1,356.42819329835646,buyer,BUY-12088,mixed,0
1.0,0.3275352843423094,1.0,0.0,1.0,35,35,0,35,0,6,2,19,3,98,137,2,0,362.6935285490278,buyer,BUY-12089,reliable,1
0.9618950420409014,0.6736353714250165,0.9388198495006811,0.03810495795909874,0.35,15,13,2,13,1,2,1,5,1,36,52,3,0,364.1304631349421,buyer,BUY-12090,occasional_reliable,1
0.9364557931879468,0.24241602480072966,1.0,0.0635442068120532,0.45,32,30,2,30,0,10,2,9,0,81,121,4,0,359.9154166595139,buyer,BUY-12091,frequent_returner,0
0.423075200145443,0.0,0.9244897873132784,0.576924799854557,0.1,20,8,12,8,1,0,0,2,0,30,50,0,0,358.04160476600697,buyer,BUY-12092,frequent_canceller,0
0.7293624964286266,0.0,0.48048102665528475,0.2706375035713734,0.2,26,20,6,20,10,0,0,4,0,50,76,5,1,357.35208881599533,buyer,BUY-12093,poor_payment,0
0.48049733745441314,0.0,0.9171071170406125,0.519502662545587,0.15,13,9,4,9,1,0,0,3,0,25,38,0,0,341.19381194979167,buyer,BUY-12094,mixed,1
0.9588088091785948,0.5909094423692606,0.9772098779325198,0.0411911908214051,1.0,42,41,1,41,1,3,1,24,1,111,155,5,0,357.9851240785764,buyer,BUY-12095,reliable,1
0.6310585727202526,0.0,1.0,0.3689414272797473,0.2,8,6,2,6,0,0,0,2,1,17,25,1,1,280.9828290717824,buyer,BUY-12096,occasional_reliable,1
1.0,0.0,0.9931389733732581,0.0,0.4,30,30,0,30,1,10,0,8,0,78,118,3,0,362.0329639125694,buyer,BUY-12097,frequent_returner,0
0.4054559812945351,0.0,0.8712304503692211,0.5945440187054647,0.15,31,15,16,15,2,2,0,3,0,51,84,5,3,364.4285511076273,buyer,BUY-12098,frequent_canceller,0
0.7743623724863586,0.0,0.6401006777883377,0.22563762751364136,0.1,23,19,4,19,8,3,0,2,0,47,73,1,1,353.99676936818287,buyer,BUY-12099,poor_payment,0
0.607537677728187,0.0,0.8619369811510683,0.3924623222718131,0.3,29,17,12,17,2,1,0,6,0,53,83,3,2,360.81901519202546,buyer,BUY-12100,mixed,1
0.9814420750920388,0.0,0.9903718410714468,0.018557924907961154,1.0,41,40,1,40,1,1,0,24,1,107,149,4,0,355.88138236020836,buyer,BUY-12101,reliable,1
0.9795883359211451,0.0,1.0,0.020411664078854863,0.2,8,7,1,7,0,0,0,4,0,19,27,0,0,360.8439574121296,buyer,BUY-12102,occasional_reliable,1
0.8837701870908667,0.0,1.0,0.11622981290913348,0.2,25,22,3,22,0,7,0,4,0,58,90,1,0,363.30189579211805,buyer,BUY-12103,frequent_returner,0
0.4655272348794147,0.0,1.0,0.5344727651205854,0.15,13,8,5,8,0,0,0,1,1,23,36,1,1,342.12250998734953,buyer,BUY-12104,frequent_canceller,0
0.8631606866717663,0.0,0.5674564253804927,0.13683931332823374,0.25,30,25,5,25,12,4,0,5,0,64,98,6,1,342.1531943923264,buyer,BUY-12105,poor_payment,0
0.5175009706764365,0.0,0.7124052210118599,0.4824990293235635,0.1,13,8,5,8,2,1,0,2,0,24,38,1,1,355.88551062678243,buyer,BUY-12106,mixed,0
0.9425022357575956,0.0,1.0,0.05749776424240438,1.0,53,50,3,50,0,2,0,36,0,141,196,9,1,333.1419641113426,buyer,BUY-12107,reliable,1
0.7728734523823654,0.0,1.0,0.22712654761763462,0.3,15,11,4,11,0,0,0,6,0,32,47,1,0,358.44147814702546,buyer,BUY-12108,occasional_reliable,1
0.81107928948881,0.49057004651936165,1.0,0.18892071051119008,0.25,17,16,1,16,0,4,2,5,0,42,61,0,0,331.58212119185185,buyer,BUY-12109,frequent_returner,0
0.37643131602471847,0.0,0.9788758703614012,0.6235686839752814,0.05,33,14,19,14,1,0,0,1,0,48,81,1,1,363.50759418774305,buyer,BUY-12110,frequent_canceller,0
0.9171300750681236,0.0,0.5219872271337284,0.0828699249318764,0.2,27,25,2,25,13,1,0,4,0,57,85,0,0,351.17137911989585,buyer,BUY-12111,poor_payment,0
0.7508266270996667,0.0,0.793557846183456,0.24917337290033337,0.3,24,16,8,16,4,2,0,6,0,48,74,0,0,358.60651607496527,buyer,BUY-12112,mixed,1
1.0,0.2659043538112039,1.0,0.0,1.0,60,60,0,60,0,4,1,32,2,158,221,3,0,363.18494908126155,buyer,BUY-12113,reliable,1
0.6439538525280485,0.0,1.0,0.3560461474719514,0.2,5,4,1,4,0,0,0,4,0,13,18,0,0,227.34979499879628,buyer,BUY-12114,occasional_reliable,1
0.9177270548009541,0.27857282130228866,0.9795150075628349,0.08227294519904571,0.55,37,32,5,32,1,11,3,11,0,91,136,5,0,363.3600560818287,buyer,BUY-12115,frequent_returner,0
0.5082869000692466,0.0,1.0,0.4917130999307533,0.15,20,7,13,7,0,0,0,1,1,29,49,2,1,327.99648756149304,buyer,BUY-12116,frequent_canceller,0
0.8439699655685557,0.0,0.6372286654369885,0.15603003443144436,0.05,13,11,2,11,5,2,0,1,0,27,42,1,0,360.95192677730324,buyer,BUY-12117,poor_payment,0
0.7069802298772023,0.0,0.7669569913182207,0.29301977012279756,0.25,24,18,6,18,4,5,0,3,1,51,80,2,1,342.4788266576042,buyer,BUY-12118,mixed,1
0.9758575332481462,0.0,0.9648058171742251,0.02414246675185372,1.0,52,49,3,49,2,3,0,32,1,137,192,3,0,354.6337485440972,buyer,BUY-12119,reliable,1
0.9620851784892157,0.0,0.8460953407184932,0.03791482151078429,0.2,10,9,1,9,3,0,0,4,0,23,33,0,0,357.5574835225231,buyer,BUY-12120,occasional_reliable,1
0.8430206681941222,0.13052533800920207,1.0,0.15697933180587775,0.35,20,18,2,18,0,7,2,7,0,52,77,3,1,355.6160729415972,buyer,BUY-12121,frequent_returner,0
0.6496580083100878,0.0,1.0,0.3503419916899122,0.0,12,6,6,6,0,0,0,0,0,18,30,1,0,361.8601119434259,buyer,BUY-12122,frequent_canceller,0
0.9641632147012075,0.0,0.6483604388340993,0.03583678529879242,0.05,16,15,1,15,5,1,0,1,0,33,50,0,0,350.3140680535301,buyer,BUY-12123,poor_payment,0
0.9682327263590327,0.0,0.6417855605454659,0.03176727364096743,0.05,9,8,1,8,2,0,0,1,0,18,27,0,0,362.34533284449077,buyer,BUY-12124,mixed,1
0.8954571158407006,0.0,0.9575302784521453,0.10454288415929935,1.0,52,48,4,48,3,3,0,32,0,135,190,4,1,364.99603693063654,buyer,BUY-12125,reliable,1
0.7728038691093885,0.0,1.0,0.22719613089061153,0.3,5,4,1,4,0,0,0,2,2,13,18,0,0,326.0329476542824,buyer,BUY-12126,occasional_reliable,1
0.9244341389503428,0.06819013004388452,0.9759192337134919,0.07556586104965746,0.4,31,28,3,28,1,13,1,8,0,80,123,1,0,362.2428125721759,buyer,BUY-12127,frequent_returner,0
0.26615943269136183,0.0,1.0,0.7338405673086383,0.0,18,7,11,7,0,0,0,0,0,25,43,3,3,352.8588072052662,buyer,BUY-12128,frequent_canceller,0
0.7007876746572488,0.0,0.36653319945927115,0.2992123253427511,0.15,11,8,3,8,5,0,0,1,1,21,32,1,0,316.0347841461227,buyer,BUY-12129,poor_payment,0
0.8967284216428753,0.0,0.7146476719501547,0.10327157835712486,0.2,32,27,5,27,6,2,0,4,0,65,99,2,0,348.0082322685185,buyer,BUY-12130,mixed,0
1.0,0.0,0.9288151379236361,0.0,1.0,26,26,0,26,2,2,0,20,2,76,104,3,0,334.2239383738426,buyer,BUY-12131,reliable,1
0.8651332326896232,0.0,0.9803317074525648,0.13486676731037683,0.3,14,13,1,13,1,1,0,6,0,34,49,4,1,353.56247399489587,buyer,BUY-12132,occasional_reliable,1
0.8991979151391849,0.0,0.9870407974098978,0.10080208486081521,0.1,24,22,2,22,1,12,0,2,0,60,96,0,0,362.27802603989585,buyer,BUY-12133,frequent_returner,0
0.3644353418920437,0.0,1.0,0.6355646581079564,0.1,10,4,6,4,0,0,0,0,1,15,25,1,1,350.61799139922454,buyer,BUY-12134,frequent_canceller,0
0.8451036807626726,0.0,0.7639111886521894,0.15489631923732738,0.1,19,16,3,16,6,1,0,2,0,38,58,5,1,352.58206272430556,buyer,BUY-12135,poor_payment,0
0.8176815909295694,0.3937516625888041,0.31986515647780717,0.1823184090704305,0.3,13,9,4,9,6,2,1,4,1,29,43,0,0,289.2647845073148,buyer,BUY-12136,mixed,0
0.9761412781301614,0.0,0.9948290525228227,0.023858721869838617,1.0,57,55,2,55,1,4,0,35,0,151,212,6,0,364.3286206529051,buyer,BUY-12137,reliable,1
0.8625354314868222,0.0,1.0,0.1374645685131778,0.0,3,2,1,2,0,0,0,0,0,5,8,1,0,256.5121037577893,buyer,BUY-12138,occasional_reliable,1
1.0,0.24821535173864562,1.0,0.0,0.2,15,15,0,15,0,7,1,4,0,41,62,1,0,341.2778663616898,buyer,BUY-12139,frequent_returner,0
0.8301760620127722,0.0,1.0,0.16982393798722784,0.15,12,7,5,7,0,0,0,1,1,21,33,2,0,320.39857002292825,buyer,BUY-12140,frequent_canceller,0
1.0,0.0,0.6133484233687019,0.0,0.15,12,12,0,12,5,0,0,3,0,27,39,4,0,313.1845059800347,buyer,BUY-12141,poor_payment,0
0.6233765106974307,0.0,0.9767617976169263,0.3766234893025693,0.15,18,9,9,9,1,1,0,3,0,31,50,2,0,343.8424656967245,buyer,BUY-12142,mixed,0
1.0,0.0,0.9848485838123925,0.0,0.75,21,21,0,21,1,2,0,9,3,56,79,1,0,351.59645129002314,buyer,BUY-12143,reliable,1
0.8159535789797772,0.0,0.9672455909493161,0.18404642102022284,0.2,12,11,1,11,1,0,0,4,0,27,39,0,0,348.497158119919,buyer,BUY-12144,occasional_reliable,1
0.9149259388385383,0.32142150633258726,0.8509892323280706,0.08507406116146166,0.25,26,23,3,23,2,9,3,5,0,63,95,3,0,346.3075512000347,buyer,BUY-12145,frequent_returner,0
0.31166586374408295,0.0,0.4061100062885421,0.688334136255917,0.05,37,11,26,11,3,1,0,1,0,50,88,1,0,364.4834885037731,buyer,BUY-12146,frequent_canceller,0
0.6142510680224665,0.0,0.7451276521964071,0.38574893197753357,0.15,16,12,4,12,5,0,0,3,0,31,47,1,1,363.15923502068284,buyer,BUY-12147,poor_payment,0
0.6945044205678861,0.0,0.6958139059162186,0.3054955794321137,0.25,19,14,5,14,6,1,0,5,0,39,59,1,0,354.3535879234722,buyer,BUY-12148,mixed,0
0.996485020491929,0.0,0.9795880352302795,0.0035149795080710033,1.0,60,59,1,59,1,4,0,37,1,161,225,3,0,357.9467178963542,buyer,BUY-12149,reliable,1
0.5770106112204781,0.0,1.0,0.42298938877952197,0.05,13,8,5,8,0,0,0,1,0,22,35,1,1,363.7301119392014,buyer,BUY-12150,occasional_reliable,1
0.8975753587241857,0.17460008983381248,0.9469552734037449,0.1024246412758143,0.85,31,29,2,29,2,11,3,15,1,87,126,3,1,331.5743976318287,buyer,BUY-12151,frequent_returner,0
0.42708719177250065,0.0,0.969138643198453,0.5729128082274992,0.0,24,12,12,12,1,0,0,0,0,36,60,0,0,363.85598377336805,buyer,BUY-12152,frequent_canceller,0
0.7059723625731403,0.0,0.5467903879642252,0.29402763742685956,0.05,26,20,6,20,9,0,0,1,0,47,73,1,1,343.15209430223376,buyer,BUY-12153,poor_payment,0
0.5351572086535498,0.0,0.8284861840443479,0.4648427913464501,0.15,26,16,10,16,2,3,0,1,1,47,76,3,3,359.18302618099534,buyer,BUY-12154,mixed,1
0.9823987221200753,1.0,0.9966257657767525,0.017601277879924604,1.0,59,57,2,57,1,1,1,35,0,152,211,4,0,360.28138458393516,buyer,BUY-12155,reliable,1
0.9430208238607022,0.0,1.0,0.056979176139297816,0.0,8,7,1,7,0,2,0,0,0,17,27,0,0,359.4145665622454,buyer,BUY-12156,occasional_reliable,1
0.8990503246456313,0.15346962029895694,1.0,0.10094967535436872,0.25,25,22,3,22,0,9,2,5,0,61,93,1,0,361.41917995269677,buyer,BUY-12157,frequent_returner,0
0.5330855425620368,0.0,0.6995761071940008,0.466914457437963,0.1,25,14,11,14,2,1,0,2,0,42,68,5,3,321.7056338966435,buyer,BUY-12158,frequent_canceller,0
0.9087083969447745,0.0,0.7801172414055944,0.09129160305522577,0.2,30,27,3,27,9,2,0,4,0,63,95,0,0,332.05228675863424,buyer,BUY-12159,poor_payment,0
0.7306436245051076,0.0,0.7130809734557224,0.26935637549489233,0.3,21,15,6,15,3,2,0,4,1,43,66,4,1,330.7553773594329,buyer,BUY-12160,mixed,0
0.9790616798508739,0.0,1.0,0.02093832014912611,0.7,30,29,1,29,0,1,0,14,0,74,105,1,0,339.2213501476968,buyer,BUY-12161,reliable,1
0.8558883836329596,0.0,0.8175011358161984,0.1441116163670404,0.25,12,10,2,10,1,0,0,5,0,27,39,1,0,342.5864948844676,buyer,BUY-12162,occasional_reliable,1
0.8717975534388667,0.0,1.0,0.12820244656113322,0.25,29,25,4,25,0,7,0,5,0,66,102,1,0,357.46040401712963,buyer,BUY-12163,frequent_returner,0
0.4774659429556489,0.0,0.826442981396739,0.5225340570443509,0.1,36,17,19,17,1,0,0,2,0,55,91,0,0,363.1175782848611,buyer,BUY-12164,frequent_canceller,0
0.9758196502087328,0.0,0.539085825914177,0.024180349791267153,0.2,18,16,2,16,8,4,0,4,0,42,64,1,0,363.1451124807755,buyer,BUY-12165,poor_payment,0
0.47560179221642523,0.0,0.8874355985554226,0.5243982077835748,0.15,16,9,7,9,2,1,0,3,0,29,46,1,1,342.3431794433912,buyer,BUY-12166,mixed,1
0.9421911923049339,0.0,1.0,0.05780880769506602,0.9,37,34,3,34,0,0,0,16,1,88,125,3,0,361.24688028173614,buyer,BUY-12167,reliable,1
1.0,0.0,1.0,0.0,0.15,5,5,0,5,0,0,0,1,1,12,17,0,0,331.4043253573148,buyer,BUY-12168,occasional_reliable,1
0.970646646267098,0.0,1.0,0.029353353732902043,0.3,15,14,1,14,0,5,0,6,0,40,60,4,0,327.35943812703704,buyer,BUY-12169,frequent_returner,0
0.4134920455000835,0.0,1.0,0.5865079544999166,0.1,28,10,18,10,0,1,0,0,1,40,69,4,2,362.01024346619215,buyer,BUY-12170,frequent_canceller,0
0.7809027158152407,0.0,0.4804302377212109,0.21909728418475916,0.15,27,22,5,22,10,1,0,3,0,53,81,1,0,356.4929215997338,buyer,BUY-12171,poor_payment,0
0.8560597286059831,0.0,0.9788816947963288,0.14394027139401688,0.2,20,16,4,16,1,2,0,4,0,42,64,1,0,353.4767488598264,buyer,BUY-12172,mixed,0
1.0,0.0,0.9877266004893117,0.0,0.55,29,29,0,29,1,2,0,11,0,71,102,2,0,360.324945136412,buyer,BUY-12173,reliable,1
1.0,0.0,1.0,0.0,0.05,6,6,0,6,0,0,0,1,0,13,19,0,0,360.66765210141205,buyer,BUY-12174,occasional_reliable,1
1.0,0.6357529920444736,0.9352471132641901,0.0,0.25,25,25,0,25,2,7,3,5,0,62,91,2,0,351.260712899294,buyer,BUY-12175,frequent_returner,0
0.5825321748675025,0.0,0.9559365006406543,0.4174678251324976,0.05,34,19,15,19,2,3,0,1,0,57,94,1,1,364.4716701563195,buyer,BUY-12176,frequent_canceller,0
0.786729732724892,0.0,0.6947704328127422,0.213270267275108,0.15,18,14,4,14,6,1,0,3,0,36,55,4,1,361.5678590071991,buyer,BUY-12177,poor_payment,0
0.47670560275169954,0.0,1.0,0.5232943972483004,0.2,13,6,7,6,0,0,0,2,1,22,35,1,1,318.23025792534725,buyer,BUY-12178,mixed,0
0.9272425824595764,0.0,0.9905525897632148,0.07275741754042375,1.0,54,52,2,52,2,1,0,32,1,140,195,2,0,352.0493400669213,buyer,BUY-12179,reliable,1
1.0,0.0,1.0,0.0,0.5,14,14,0,14,0,0,0,4,3,35,49,1,0,328.8646844264352,buyer,BUY-12180,occasional_reliable,1
0.8671074990955487,0.3144334577088055,0.7766873025118385,0.13289250090445104,0.2,16,13,3,13,1,6,2,2,1,38,58,1,0,357.49300639040507,buyer,BUY-12181,frequent_returner,0
0.3495346818130062,0.0,1.0,0.6504653181869938,0.0,21,7,14,7,0,2,0,0,0,30,53,2,2,360.05547688931716,buyer,BUY-12182,frequent_canceller,0
0.8626648358376852,0.0,0.5860989801978439,0.13733516416231506,0.15,26,23,3,23,11,2,0,3,0,54,82,2,0,350.0135481228935,buyer,BUY-12183,poor_payment,0
0.7830140760446588,0.0,0.6018856192084953,0.2169859239553411,0.1,12,8,4,8,4,0,0,0,1,21,33,0,0,333.3608297854977,buyer,BUY-12184,mixed,1
0.9844628928414176,0.0,0.9899837926891396,0.015537107158582364,1.0,53,51,2,51,1,0,0,33,1,138,191,5,0,360.5132238793287,buyer,BUY-12185,reliable,1
1.0,0.0,0.9735429011445794,0.0,0.15,8,8,0,8,1,0,0,3,0,19,27,0,0,341.60672242418985,buyer,BUY-12186,occasional_reliable,1
0.8531207183965159,0.27214677347690275,0.9323194814180951,0.14687928160348407,0.6,30,27,3,27,2,13,2,10,1,81,122,0,0,362.9601138842824,buyer,BUY-12187,frequent_returner,0
0.4737439492125298,0.0,0.949732309367891,0.5262560507874704,0.15,39,16,23,16,2,0,0,3,0,58,97,1,0,363.71588943015047,buyer,BUY-12188,frequent_canceller,0
1.0,0.0,0.5955442168605702,0.0,0.25,16,16,0,16,7,3,0,5,0,40,59,2,0,341.61646257417823,buyer,BUY-12189,poor_payment,0
0.624265353771185,0.0,0.798598618983087,0.3757346462288149,0.0,17,12,5,12,4,3,0,0,0,32,52,0,0,362.14974210056715,buyer,BUY-12190,mixed,1
0.9636673712397833,0.0,0.974800658266891,0.0363326287602167,0.9,25,24,1,24,1,1,0,12,3,65,91,0,0,347.64152777216435,buyer,BUY-12191,reliable,1
1.0,0.0,1.0,0.0,0.15,10,10,0,10,0,0,0,1,1,22,32,1,0,335.514893971713,buyer,BUY-12192,occasional_reliable,1
0.9120964778913362,0.0,0.9244729926995693,0.08790352210866392,0.25,26,24,2,24,2,3,0,5,0,58,87,1,0,329.0838374729861,buyer,BUY-12193,frequent_returner,0
0.4426561861294378,0.0,0.7892045824861303,0.5573438138705621,0.05,40,19,21,19,2,2,0,1,0,62,104,1,1,357.9017653455787,buyer,BUY-12194,frequent_canceller,0
0.8503731657328143,0.0,0.4958451410246008,0.14962683426718593,0.1,20,16,4,16,6,2,0,2,0,40,62,0,0,350.20146022850696,buyer,BUY-12195,poor_payment,0
0.6209079305349817,0.0,0.642619484671927,0.3790920694650183,0.35,30,20,10,20,7,3,0,7,0,60,93,3,1,360.63544716591434,buyer,BUY-12196,mixed,0
0.9340921580784236,0.0,0.9601995900102276,0.06590784192157617,1.0,52,48,4,48,1,1,0,26,1,128,181,10,1,363.53288645608797,buyer,BUY-12197,reliable,1
0.7000106215391455,0.0,0.9574817916517355,0.2999893784608545,0.35,15,12,3,12,1,0,0,5,1,33,48,3,1,355.12556529293977,buyer,BUY-12198,occasional_reliable,1
0.9889362955934646,0.41053673679916436,0.9942978062188058,0.011063704406535368,0.35,31,30,1,30,1,11,2,7,0,79,119,3,0,351.4949833276157,buyer,BUY-12199,frequent_returner,0
0.28636099840417417,0.0,0.6377017664431488,0.7136390015958258,0.0,15,5,10,5,2,0,0,0,0,20,35,0,0,346.27138152462965,buyer,BUY-12200,frequent_canceller,0
0.9434784560794769,0.0,0.5643600675444869,0.05652154392052311,0.2,14,13,1,13,6,0,0,4,0,31,45,3,0,331.78966113537035,buyer,BUY-12201,poor_payment,0
0.7763321349221283,0.0,0.9436477048253091,0.22366786507787162,0.2,31,24,7,24,3,4,0,4,0,63,98,1,1,363.7068244470023,buyer,BUY-12202,mixed,1
0.9541013827636815,0.0,0.9332781166923618,0.04589861723631827,1.0,42,40,2,40,1,3,0,24,0,109,154,6,0,358.5441236828125,buyer,BUY-12203,reliable,1
1.0,0.0,1.0,0.0,0.05,4,4,0,4,0,1,0,1,0,10,15,0,0,348.8016644165278,buyer,BUY-12204,occasional_reliable,1
0.9130732208119561,0.0,1.0,0.0869267791880437,0.45,27,23,4,23,0,6,0,7,1,64,97,3,0,357.50859731400465,buyer,BUY-12205,frequent_returner,0
0.6061365911876799,0.0,0.8192935252254979,0.39386340881231974,0.0,35,20,15,20,5,0,0,0,0,55,90,3,1,354.65783911350695,buyer,BUY-12206,frequent_canceller,0
0.9012467029417839,0.0,0.681531939245873,0.0987532970582159,0.05,17,13,4,13,6,1,0,1,0,32,50,1,0,349.94869732390043,buyer,BUY-12207,poor_payment,0
0.9068179046238691,0.0,0.8484913471802527,0.09318209537613087,0.1,9,6,3,6,2,1,0,2,0,18,28,2,0,353.51067945278936,buyer,BUY-12208,mixed,0
0.9528860830681203,0.0,0.9721236616921082,0.04711391693187972,1.0,37,35,2,35,1,1,0,25,0,98,136,2,0,334.82734350625,buyer,BUY-12209,reliable,1
0.9381629815724556,0.0,1.0,0.06183701842754419,0.1,14,12,2,12,0,0,0,2,0,28,42,1,0,350.2633434461343,buyer,BUY-12210,occasional_reliable,1
0.9404009451520456,0.062133949621560935,1.0,0.05959905484795436,0.2,23,20,3,20,0,9,2,4,0,56,86,2,0,359.6629159763194,buyer,BUY-12211,frequent_returner,0
0.35108931735767324,0.0,0.8243288653628714,0.6489106826423268,0.05,28,9,19,9,1,0,0,1,0,38,66,2,1,362.74053534130786,buyer,BUY-12212,frequent_canceller,0
0.8822194394614414,0.0,0.8614103254130117,0.11778056053855857,0.1,21,19,2,19,5,0,0,2,0,42,63,1,0,342.7953517886227,buyer,BUY-12213,poor_payment,0
0.7941025475334219,0.23759634114410033,0.7742296077150229,0.2058974524665782,0.55,34,26,8,26,4,5,2,11,0,76,113,4,0,362.7496421960301,buyer,BUY-12214,mixed,1
0.945275126565061,0.0,0.9651291444881405,0.05472487343493926,1.0,50,47,3,47,1,2,0,28,3,130,182,6,0,350.73209345461805,buyer,BUY-12215,reliable,1
1.0,0.0,0.9392717287035665,0.0,0.3,12,12,0,12,1,1,0,6,0,31,44,0,0,343.14006767641206,buyer,BUY-12216,occasional_reliable,1
0.9594042208043475,0.0,0.9903906755051765,0.04059577919565249,0.7,29,27,2,27,1,8,0,14,0,78,115,3,0,362.3816481384722,buyer,BUY-12217,frequent_returner,0
0.7336871195299086,0.0,0.5451620929190586,0.2663128804700914,0.1,13,9,4,9,4,0,0,2,0,24,37,1,1,302.8534410934491,buyer,BUY-12218,frequent_canceller,0
0.8598210540079222,0.0,0.5998900076467165,0.14017894599207759,0.05,24,20,4,20,8,1,0,1,0,46,71,2,1,356.44425356678244,buyer,BUY-12219,poor_payment,0
0.6831584915469732,0.8210739756718886,0.7744685375002426,0.3168415084530267,0.15,23,15,8,15,3,3,2,3,0,44,68,2,0,354.4124322900463,buyer,BUY-12220,mixed,0
0.9869859373567978,0.0,0.9903584864381897,0.013014062643202151,0.45,22,21,1,21,1,4,0,9,0,56,82,3,0,339.6246255253935,buyer,BUY-12221,reliable,1
1.0,1.0,1.0,0.0,0.0,3,3,0,3,0,1,1,0,0,7,10,1,0,142.47280889240741,buyer,BUY-12222,occasional_reliable,1
0.8689839633449508,0.17205930490442112,0.908208406383247,0.13101603665504913,0.3,31,28,3,28,2,6,1,4,1,70,106,3,1,358.75881159702544,buyer,BUY-12223,frequent_returner,0
0.425673849956399,0.0,1.0,0.574326150043601,0.05,24,9,15,9,0,1,0,1,0,35,60,4,2,356.9048304801041,buyer,BUY-12224,frequent_canceller,0
0.8156097648685734,0.0,0.5914268941451978,0.1843902351314266,0.5,24,21,3,21,9,1,0,6,2,54,79,0,0,364.86783310550925,buyer,BUY-12225,poor_payment,0
0.7795084049714794,0.0,1.0,0.22049159502852056,0.1,11,8,3,8,0,4,0,2,0,25,40,0,0,332.1800884234838,buyer,BUY-12226,mixed,0
0.8241291080703083,0.0,0.9800612967286504,0.1758708919296914,0.95,32,28,4,28,1,3,0,13,3,79,114,1,0,363.18999909856484,buyer,BUY-12227,reliable,1
0.7021342748333457,0.0,1.0,0.29786572516665444,0.0,6,4,2,4,0,0,0,0,0,10,16,0,0,335.99997104322915,buyer,BUY-12228,occasional_reliable,1
0.9438287759515852,0.0,0.950700127542167,0.05617122404841479,0.45,24,23,1,23,1,7,0,9,0,63,94,0,0,266.91713140921297,buyer,BUY-12229,frequent_returner,0
0.47040052338434857,0.0,0.9812564708051679,0.5295994766156515,0.05,36,19,17,19,1,1,0,1,0,57,94,1,1,353.10990859622683,buyer,BUY-12230,frequent_canceller,0
0.9098638169726948,0.0,0.6536076845806249,0.0901361830273052,0.05,20,17,3,17,6,3,0,1,0,41,64,0,0,363.1969904413657,buyer,BUY-12231,poor_payment,0
0.5164477975218595,0.4664930170289149,0.5875772829446043,0.48355220247814057,0.4,32,17,15,17,5,2,1,6,1,58,91,1,1,347.79739272767364,buyer,BUY-12232,mixed,0
0.9879620741538363,0.0,1.0,0.0120379258461637,1.0,37,36,1,36,0,2,0,24,3,102,141,4,0,364.86034416957176,buyer,BUY-12233,reliable,1
0.6324876372195234,0.0,1.0,0.3675123627804766,0.15,5,4,1,4,0,1,0,1,1,12,18,1,0,354.4400359957639,buyer,BUY-12234,occasional_reliable,1
0.9238732079894738,0.16244469842223985,0.8795359467610027,0.07612679201052641,0.45,38,34,4,34,4,20,5,9,0,101,154,2,0,360.75546071055555,buyer,BUY-12235,frequent_returner,0
0.30505005295718934,0.0,0.5045114361116955,0.6949499470428107,0.0,12,6,6,6,2,0,0,0,0,18,30,0,0,348.00343162274305,buyer,BUY-12236,frequent_canceller,0
0.8722270511330832,0.0,0.6289724261612847,0.12777294886691692,0.15,21,17,4,17,8,1,0,3,0,42,64,0,0,345.8408906205324,buyer,BUY-12237,poor_payment,0
0.6171395164914825,0.0,0.8317172759782279,0.3828604835085174,0.35,31,19,12,19,4,3,0,7,0,60,94,2,1,349.9131128232523,buyer,BUY-12238,mixed,1
0.8947638233159572,0.0,1.0,0.10523617668404284,1.0,46,42,4,42,0,2,0,27,0,117,165,2,1,356.62444278344907,buyer,BUY-12239,reliable,1
1.0,0.0,1.0,0.0,0.05,4,4,0,4,0,0,0,1,0,9,13,0,0,321.31444058375,buyer,BUY-12240,occasional_reliable,1
0.925533547544795,0.0,0.989230444961555,0.07446645245520489,0.2,22,19,3,19,1,5,0,4,0,50,77,3,0,347.12988956833334,buyer,BUY-12241,frequent_returner,0
0.505818135667187,0.0,1.0,0.49418186433281297,0.0,10,5,5,5,0,1,0,0,0,16,27,1,1,314.82739669250003,buyer,BUY-12242,frequent_canceller,0
0.7330307480831533,0.0,0.40843647126089244,0.2669692519168466,0.0,11,8,3,8,3,1,0,0,0,20,32,1,0,347.7644093066088,buyer,BUY-12243,poor_payment,0
0.7883398544529936,0.0,0.7575456415631728,0.2116601455470064,0.4,32,22,10,22,7,4,0,8,0,66,102,1,0,354.3591778951389,buyer,BUY-12244,mixed,1
0.939262497496337,0.0,0.9958038548238187,0.060737502503663054,1.0,40,38,2,38,1,1,0,26,0,105,146,4,0,361.8228755133796,buyer,BUY-12245,reliable,1
0.9726212353115432,0.0,0.7832894236029765,0.02737876468845679,0.15,13,12,1,12,1,1,0,3,0,29,43,2,0,354.11084400457173,buyer,BUY-12246,occasional_reliable,1
1.0,0.3214177927124464,0.8569864644448938,0.0,0.55,39,39,0,39,6,12,3,11,0,101,149,1,0,360.2535564015625,buyer,BUY-12247,frequent_returner,0
0.49177150298273914,0.0,0.7702339903662395,0.508228497017261,0.15,28,15,13,15,2,0,0,3,0,46,74,2,1,348.60768635743057,buyer,BUY-12248,frequent_canceller,0
0.8438567536359921,0.0,0.2038808144840026,0.15614324636400811,0.35,17,13,4,13,10,1,0,5,1,37,55,0,0,326.130471423125,buyer,BUY-12249,poor_payment,0
0.7718476770447347,0.0,0.6226841177078584,0.22815232295526555,0.1,16,9,7,9,4,1,0,2,0,28,45,2,0,343.5669288104977,buyer,BUY-12250,mixed,1
0.9695660502677017,0.0,0.879058250538923,0.030433949732298737,1.0,52,49,3,49,4,2,0,33,0,136,190,6,0,362.770530457338,buyer,BUY-12251,reliable,1
0.7694840274436958,0.0,1.0,0.23051597255630418,0.25,13,11,2,11,0,0,0,5,0,29,42,0,0,359.9352489166435,buyer,BUY-12252,occasional_reliable,1
0.8422462938094281,0.3748558586076802,0.9280163002558474,0.15775370619057183,0.35,36,30,6,30,1,9,4,7,0,82,123,4,2,335.1689975792014,buyer,BUY-12253,frequent_returner,0
0.19616983708735097,0.0,0.9323237482045511,0.803830162912649,0.05,19,8,11,8,1,0,0,1,0,28,47,3,3,360.1326853278472,buyer,BUY-12254,frequent_canceller,0
1.0,0.0,0.6402534488766045,0.0,0.05,12,12,0,12,4,2,0,1,0,27,41,0,0,333.72532817341437,buyer,BUY-12255,poor_payment,0
0.6128592027872024,0.08928198822929667,0.9629292512607401,0.3871407972127976,0.15,25,16,9,16,1,3,1,3,0,47,74,1,0,346.28050483533565,buyer,BUY-12256,mixed,0
0.9813229513959671,0.0,0.955575442180923,0.018677048604032853,0.9,26,25,1,25,1,1,0,16,1,69,96,2,0,359.95863012672453,buyer,BUY-12257,reliable,1
1.0,0.0,0.6130471707752309,0.0,0.15,7,7,0,7,3,1,0,3,0,18,26,1,0,226.96288608696761,buyer,BUY-12258,occasional_reliable,1
0.867266842576015,0.05206475134186228,0.9867747331969167,0.13273315742398462,0.35,20,18,2,18,1,10,2,5,1,54,82,1,0,355.4003460394908,buyer,BUY-12259,frequent_returner,0
0.4774223641895809,0.0,1.0,0.522577635810419,0.1,24,13,11,13,0,0,0,2,0,39,63,2,2,344.8049982376736,buyer,BUY-12260,frequent_canceller,0
0.9453354447362579,0.0,0.4409848558758123,0.054664555263742254,0.15,28,25,3,25,15,0,0,3,0,56,84,1,0,364.53061163383103,buyer,BUY-12261,poor_payment,0
0.7224533912762638,0.6234097058776067,0.6780441307233708,0.27754660872373604,0.1,19,15,4,15,6,4,1,2,0,40,62,2,1,328.6844313059491,buyer,BUY-12262,mixed,1
0.9796830671074993,0.0,0.907371586132767,0.020316932892500694,1.0,53,51,2,51,3,3,0,32,2,141,197,4,0,362.385158023125,buyer,BUY-12263,reliable,1
0.6490347021411612,0.0,1.0,0.3509652978588388,0.0,5,3,2,3,0,0,0,0,0,8,13,1,0,223.82353061403936,buyer,BUY-12264,occasional_reliable,1
0.7651822534942606,0.27556076169642574,0.9890062274653125,0.2348177465057395,0.55,28,25,3,25,1,10,2,11,0,74,110,1,1,359.5831498145255,buyer,BUY-12265,frequent_returner,0
0.658594060774213,0.0,0.9856718977317463,0.3414059392257872,0.05,25,13,12,13,1,0,0,1,0,39,64,2,0,344.0741310000579,buyer,BUY-12266,frequent_canceller,0
0.41671271926385917,0.0,0.5225552804074779,0.5832872807361409,0.15,15,10,5,10,6,1,0,1,1,28,44,1,1,364.07882439201387,buyer,BUY-12267,poor_payment,0
0.690183368483497,0.0,0.7584034795835046,0.3098166315165026,0.2,22,13,9,13,3,1,0,4,0,40,63,1,0,360.0390576378125,buyer,BUY-12268,mixed,1
0.9626903877694617,0.0,1.0,0.037309612230538525,1.0,59,57,2,57,0,0,0,30,0,146,205,7,0,363.7083695374884,buyer,BUY-12269,reliable,1
1.0,0.0,1.0,0.0,0.15,6,6,0,6,0,0,0,3,0,15,21,1,0,364.17302532809026,buyer,BUY-12270,occasional_reliable,1
0.9286823097999589,0.2773517843244282,0.8267995476191428,0.07131769020004108,0.3,28,26,2,26,4,10,2,6,0,70,106,1,0,330.33845376560186,buyer,BUY-12271,frequent_returner,0
0.3054610823605112,0.0,1.0,0.6945389176394887,0.0,15,7,8,7,0,1,0,0,0,23,39,0,0,345.988400015706,buyer,BUY-12272,frequent_canceller,0
0.9663009376636436,0.0,0.32174360227091103,0.033699062336356334,0.0,10,9,1,9,6,1,0,0,0,20,31,2,0,263.71618350840276,buyer,BUY-12273,poor_payment,0
0.6328193667283288,0.0,0.8614791757449464,0.3671806332716713,0.2,24,17,7,17,2,3,0,2,1,47,74,3,2,362.3436605823727,buyer,BUY-12274,mixed,1
0.914494068483275,0.19352663357357291,0.9019123502753085,0.08550593151672503,1.0,41,38,3,38,3,3,1,29,1,112,155,4,1,353.34920307427086,buyer,BUY-12275,reliable,1
0.8924711319822286,0.0,1.0,0.1075288680177714,0.1,8,6,2,6,0,0,0,2,0,16,24,0,0,355.9165101827546,buyer,BUY-12276,occasional_reliable,1
0.8703234667753735,0.024022209458710586,0.9603422630050973,0.12967653322462658,0.5,27,22,5,22,1,10,1,10,0,69,105,3,0,364.70159980850696,buyer,BUY-12277,frequent_returner,0
0.4327842944226903,0.0,1.0,0.5672157055773097,0.1,10,5,5,5,0,0,0,2,0,17,27,0,0,344.9281413833449,buyer,BUY-12278,frequent_canceller,0
0.9583288642857917,0.0,0.5762294782036201,0.04167113571420844,0.05,11,10,1,10,3,0,0,1,0,22,33,0,0,357.09117366020837,buyer,BUY-12279,poor_payment,0
0.7732935996903965,0.0,0.6565895645473953,0.22670640030960354,0.3,19,13,6,13,3,2,0,4,1,39,60,2,0,357.84505272072914,buyer,BUY-12280,mixed,1
0.9735081700591217,0.0,0.9852853639013414,0.02649182994087851,1.0,39,38,1,38,2,3,0,24,1,105,147,6,0,352.3552713519792,buyer,BUY-12281,reliable,1
1.0,0.0,0.8201577155618569,0.0,0.45,12,12,0,12,2,1,0,7,1,33,46,0,0,364.53067811148145,buyer,BUY-12282,occasional_reliable,1
0.9265711503499352,0.2814721475364912,1.0,0.0734288496500648,0.65,38,35,3,35,0,22,6,13,0,108,162,4,0,362.92521971216433,buyer,BUY-12283,frequent_returner,0
0.5040794094005543,0.0,0.7770802318158337,0.4959205905994458,0.2,31,17,14,17,6,1,0,4,0,53,85,3,2,348.32015589038195,buyer,BUY-12284,frequent_canceller,0
0.8674907233128436,0.0,0.42415725995850045,0.1325092766871564,0.25,21,19,2,19,9,1,0,5,0,46,68,3,1,362.5691570752199,buyer,BUY-12285,poor_payment,0
0.6547205637657962,0.0,0.7507762881254456,0.34527943623420376,0.2,21,13,8,13,3,1,0,4,0,39,61,2,1,347.9120862659722,buyer,BUY-12286,mixed,0
0.9902104094848617,0.0,0.9703350116186563,0.00978959051513828,1.0,48,47,1,47,1,4,0,24,3,126,178,4,0,345.6533902751967,buyer,BUY-12287,reliable,1
0.8171578743305484,0.0,0.8464358985681274,0.18284212566945157,0.15,8,6,2,6,1,1,0,3,0,18,27,1,0,363.0411151566204,buyer,BUY-12288,occasional_reliable,1
0.922253908698613,0.30788050476801243,0.9887401363350101,0.07774609130138654,0.65,39,35,4,35,1,11,3,11,1,97,144,2,0,362.37868850081014,buyer,BUY-12289,frequent_returner,0
0.5813229040050137,0.0,0.6171258448055972,0.41867709599498626,0.1,18,11,7,11,3,0,0,2,0,31,49,0,0,358.9619623605903,buyer,BUY-12290,frequent_canceller,0
0.9270684778759449,0.0,0.904105557172519,0.07293152212405507,0.15,12,10,2,10,2,2,0,1,1,26,40,0,0,361.8650171224537,buyer,BUY-12291,poor_payment,0
0.7393214043852966,0.0,0.5582109097089435,0.2606785956147034,0.0,10,7,3,7,2,0,0,0,0,17,27,0,0,327.8743196617477,buyer,BUY-12292,mixed,0
0.9903721943229985,0.0,0.99447444926848,0.0096278056770015,1.0,52,51,1,51,1,5,0,39,0,147,204,3,0,355.87076897002316,buyer,BUY-12293,reliable,1
0.7266864967112264,0.0,1.0,0.2733135032887736,0.05,6,5,1,5,0,0,0,1,0,12,18,2,1,363.49237200172456,buyer,BUY-12294,occasional_reliable,1
0.8857475039223145,0.0,0.9931506265421863,0.11425249607768528,0.75,29,25,4,25,1,6,0,13,1,74,109,4,0,353.9981532104977,buyer,BUY-12295,frequent_returner,0
0.37835372394246314,0.0,0.8084186759474299,0.6216462760575369,0.05,20,8,12,8,1,0,0,1,0,29,49,2,2,348.71228421372683,buyer,BUY-12296,frequent_canceller,0
0.886620372046376,0.0,0.6285618751580891,0.11337962795362388,0.25,27,23,4,23,8,4,0,5,0,59,90,2,0,356.20955387811347,buyer,BUY-12297,poor_payment,0
0.8063629890036201,0.0,0.8304055463992315,0.19363701099637942,0.55,31,24,7,24,6,3,0,9,1,68,102,1,0,363.38454004188657,buyer,BUY-12298,mixed,1
1.0,0.0,1.0,0.0,0.75,21,21,0,21,0,4,0,11,2,59,84,4,0,354.91136722832175,buyer,BUY-12299,reliable,1
0.9288376658312665,0.0,1.0,0.07116233416873374,0.5,14,12,2,12,0,0,0,8,1,35,49,1,0,359.45589562180555,buyer,BUY-12300,occasional_reliable,1
0.8125933464619726,0.053543563426215246,1.0,0.18740665353802743,0.4,26,23,3,23,0,8,1,8,0,65,98,2,1,360.97783175347223,buyer,BUY-12301,frequent_returner,0
0.462535968291035,0.0,0.8110189604174675,0.537464031708965,0.05,21,10,11,10,1,0,0,1,0,32,53,2,1,335.4344344996181,buyer,BUY-12302,frequent_canceller,0
0.6626026084810271,0.0,0.28656128352798077,0.33739739151897263,0.15,20,15,5,15,8,0,0,3,0,38,58,3,2,361.914932664919,buyer,BUY-12303,poor_payment,0
0.7517918881138427,0.08788672238304074,0.6346393559996419,0.24820811188615743,0.35,32,21,11,21,7,6,1,5,1,65,102,2,0,346.05202069921296,buyer,BUY-12304,mixed,0
0.8961868411292041,0.0,0.9313698197721788,0.10381315887079601,1.0,50,46,4,46,4,2,0,32,0,130,182,4,0,348.9811171814468,buyer,BUY-12305,reliable,1
1.0,0.0,1.0,0.0,0.15,6,6,0,6,0,0,0,3,0,15,21,0,0,263.05514389697913,buyer,BUY-12306,occasional_reliable,1
0.9744710727095975,0.10268041623686652,0.9686826726307136,0.02552892729040246,0.25,22,21,1,21,1,5,2,5,0,53,78,3,0,340.0563194887153,buyer,BUY-12307,frequent_returner,0
0.5460849224925428,0.0,0.9111786231177076,0.45391507750745697,0.1,28,17,11,17,2,0,0,2,0,47,75,4,2,352.69229022982637,buyer,BUY-12308,frequent_canceller,0
0.6416178696987684,0.0,0.5465748070354773,0.35838213030123167,0.15,19,14,5,14,6,0,0,3,0,36,55,1,0,352.0456217253935,buyer,BUY-12309,poor_payment,0
0.7324290274604145,0.0,0.7507455468801448,0.2675709725395855,0.1,17,12,5,12,2,1,0,2,0,32,50,1,1,330.9380021850579,buyer,BUY-12310,mixed,0
0.8731016445924936,0.0,1.0,0.12689835540750616,1.0,54,47,7,47,0,2,0,30,1,134,190,4,1,357.66622488048614,buyer,BUY-12311,reliable,1
0.9295004921177841,0.0,1.0,0.07049950788221593,0.3,6,5,1,5,0,0,0,4,1,16,22,1,0,347.74291489636573,buyer,BUY-12312,occasional_reliable,1
0.9095546965320377,0.037800061101646354,0.9927343772373299,0.09044530346796209,0.4,38,33,5,33,1,8,1,8,0,87,132,5,0,351.9967943740278,buyer,BUY-12313,frequent_returner,0
0.29475772101749526,0.0,0.9629298565511452,0.7052422789825048,0.0,20,8,12,8,1,0,0,0,0,28,48,2,1,364.01356266097224,buyer,BUY-12314,frequent_canceller,0
0.9225927923448474,0.0,0.51277670511722,0.07740720765515252,0.3,28,25,3,25,11,0,0,6,0,59,87,1,0,362.94018354409724,buyer,BUY-12315,poor_payment,0
0.6347362040995705,0.47239539813549325,0.7863950100684377,0.3652637959004297,0.1,15,9,6,9,3,2,1,2,0,28,44,3,1,327.6083220059028,buyer,BUY-12316,mixed,0
0.8694618084287288,0.0,0.9849108146093694,0.13053819157127167,1.0,50,44,6,44,1,2,0,28,0,124,176,6,0,362.77597855471066,buyer,BUY-12317,reliable,1
0.9582494910242397,0.0,0.8333336856831006,0.04175050897576027,0.55,9,8,1,8,1,0,0,7,2,26,35,0,0,330.6089531218866,buyer,BUY-12318,occasional_reliable,1
0.8947002659383474,0.23899277777615058,1.0,0.10529973406165283,0.4,23,20,3,20,0,8,2,8,0,59,88,2,0,364.36691856052084,buyer,BUY-12319,frequent_returner,0
0.4492683829597022,0.0,0.6096034825569757,0.5507316170402979,0.0,13,4,9,4,1,0,0,0,0,17,30,3,1,360.0023503499537,buyer,BUY-12320,frequent_canceller,0
0.5340119297397915,0.0,0.640629595621534,0.4659880702602085,0.1,28,19,9,19,5,1,0,2,0,50,79,3,2,345.1792067848611,buyer,BUY-12321,poor_payment,0
0.5454743210763512,0.0,0.8579329051464039,0.4545256789236488,0.1,12,6,6,6,1,2,0,0,1,21,35,0,0,284.7630752922338,buyer,BUY-12322,mixed,1
0.9482243637592059,0.0,1.0,0.05177563624079429,1.0,32,30,2,30,0,1,0,17,2,82,115,1,0,364.46933049609953,buyer,BUY-12323,reliable,1
0.9648776336610456,0.0,1.0,0.03512236633895427,0.15,6,5,1,5,0,0,0,1,1,13,19,2,0,310.69608448427084,buyer,BUY-12324,occasional_reliable,1
0.8540884633763818,0.37056542070234333,0.9826725933710494,0.1459115366236181,0.2,25,22,3,22,1,5,1,4,0,56,85,5,1,354.2066319604861,buyer,BUY-12325,frequent_returner,0
0.4569128897812936,0.0,0.9759190219933497,0.5430871102187065,0.0,20,8,12,8,1,0,0,0,0,28,48,1,1,364.0546996407523,buyer,BUY-12326,frequent_canceller,0
0.9486033050167758,0.0,0.42368754667766456,0.05139669498322441,0.2,22,20,2,20,11,1,0,4,0,47,70,1,0,353.4902375455092,buyer,BUY-12327,poor_payment,0
0.5908358293484138,0.0,0.7079647110619112,0.40916417065158617,0.2,20,12,8,12,3,1,0,2,1,36,57,4,2,361.05723439873844,buyer,BUY-12328,mixed,1
0.9740203172459874,0.0,1.0,0.025979682754012634,1.0,59,56,3,56,0,3,0,33,3,154,216,5,0,362.94808716405095,buyer,BUY-12329,reliable,1
1.0,0.0,1.0,0.0,0.35,15,15,0,15,0,1,0,5,1,37,53,3,0,316.04545445538196,buyer,BUY-12330,occasional_reliable,1
0.8904451113448826,0.035650033574390116,1.0,0.10955488865511742,0.35,33,31,2,31,0,12,2,7,0,83,126,4,1,354.8326675191088,buyer,BUY-12331,frequent_returner,0
0.43107341231140645,0.0,0.9160938950256162,0.5689265876885936,0.1,40,17,23,17,2,0,0,2,0,59,99,0,0,364.09170259854164,buyer,BUY-12332,frequent_canceller,0
0.7685985039433916,0.0,0.621585798182153,0.2314014960566083,0.1,15,13,2,13,6,0,0,2,0,30,45,0,0,360.8822900333796,buyer,BUY-12333,poor_payment,0
0.8089312277290234,0.17783362798153768,0.5745984341651693,0.19106877227097663,0.3,27,21,6,21,6,7,1,4,1,60,93,2,0,363.814719484456,buyer,BUY-12334,mixed,1
0.9182968825106406,0.0,0.9870629431375268,0.08170311748935954,1.0,40,38,2,38,1,2,0,26,0,106,148,5,1,354.08993559472225,buyer,BUY-12335,reliable,1
1.0,0.0,0.8824474371488757,0.0,0.1,5,5,0,5,1,0,0,2,0,12,17,0,0,321.1245378029398,buyer,BUY-12336,occasional_reliable,1
0.9221516881045441,0.323830882897291,0.8216754517392673,0.07784831189545593,0.3,22,19,3,19,3,8,2,6,0,55,83,2,0,329.8258118692824,buyer,BUY-12337,frequent_returner,0
0.6369336612026207,0.0,0.9018773320698165,0.36306633879737915,0.05,22,13,9,13,2,0,0,1,0,36,58,1,0,328.8604697190278,buyer,BUY-12338,frequent_canceller,0
0.8989936333102501,0.0,0.6971877538777121,0.10100636668975005,0.1,20,18,2,18,6,3,0,2,0,43,66,2,0,346.6449372659954,buyer,BUY-12339,poor_payment,0
0.7194772626534826,0.0,0.6047487126043001,0.28052273734651745,0.3,34,25,9,25,8,2,0,4,1,66,102,2,1,364.9908076131134,buyer,BUY-12340,mixed,1
0.9079541736729537,0.0,1.0,0.09204582632704617,0.55,21,19,2,19,0,2,0,11,0,53,76,1,0,346.3282246310648,buyer,BUY-12341,reliable,1
1.0,0.0,1.0,0.0,0.1,6,6,0,6,0,0,0,2,0,14,20,0,0,335.24407592874996,buyer,BUY-12342,occasional_reliable,1
0.8679652675689675,0.4581655060791998,0.9078701604592618,0.13203473243103248,0.35,25,20,5,20,2,8,4,7,0,60,89,1,0,358.2741107555324,buyer,BUY-12343,frequent_returner,0
0.5604459759424213,0.0,0.746105397458023,0.4395540240575788,0.1,34,16,18,16,2,1,0,2,0,53,88,2,1,364.41043004787036,buyer,BUY-12344,frequent_canceller,0
0.9052385570455393,0.0,0.5223720341103707,0.09476144295446065,0.15,10,8,2,8,3,0,0,1,1,20,30,1,0,360.9116892375926,buyer,BUY-12345,poor_payment,0
0.7640151372543169,0.6576070628069497,0.9313793281554971,0.2359848627456832,0.35,22,16,6,16,3,4,2,5,1,48,72,1,0,298.5666591271412,buyer,BUY-12346,mixed,0
0.9345178264705656,0.0,0.9863335111405624,0.06548217352943475,1.0,48,46,2,46,1,3,0,31,1,129,180,6,1,364.0270467515509,buyer,BUY-12347,reliable,1
0.791295438018672,0.0,0.6005753091145667,0.20870456198132836,0.25,14,10,4,10,2,1,0,3,1,29,44,2,0,340.41647704787033,buyer,BUY-12348,occasional_reliable,1
0.8149166272998559,0.20410400187076994,1.0,0.1850833727001442,0.3,32,27,5,27,0,13,1,6,0,78,122,5,1,363.6570026485764,buyer,BUY-12349,frequent_returner,0
0.20027209912875205,0.0,0.38296720884632957,0.7997279008712479,0.05,14,4,10,4,1,0,0,1,0,19,33,2,2,352.9230900996991,buyer,BUY-12350,frequent_canceller,0
0.8207710331133367,0.0,0.4748413484959495,0.17922896688666323,0.05,28,23,5,23,12,2,0,1,0,54,84,0,0,360.03086902440975,buyer,BUY-12351,poor_payment,0
0.7563662942427188,0.48848423479868464,0.7772319811659802,0.24363370575728116,0.2,15,11,4,11,3,4,1,2,1,33,51,3,1,320.48751243028937,buyer,BUY-12352,mixed,0
0.9263212480214539,0.0,0.9299198513512569,0.07367875197854612,0.9,24,23,1,23,1,1,0,16,1,65,90,3,0,361.91704023306715,buyer,BUY-12353,reliable,1
0.9489161672681672,0.0,0.9544553670812427,0.05108383273183281,0.3,15,13,2,13,1,0,0,4,1,33,48,2,0,297.033357860081,buyer,BUY-12354,occasional_reliable,1
0.7612026331184775,0.2966165917132667,0.9896922254180448,0.2387973668815223,0.4,31,23,8,23,1,8,3,8,0,70,106,3,1,358.9319449049074,buyer,BUY-12355,frequent_returner,0
0.5851249454566496,0.0,0.962906610829208,0.4148750545433503,0.1,13,8,5,8,1,0,0,2,0,23,36,2,1,360.5258118994444,buyer,BUY-12356,frequent_canceller,0
0.6439285799683973,0.0,0.5029568207250469,0.35607142003160264,0.2,21,15,6,15,7,2,0,4,0,42,65,2,1,363.90108142099535,buyer,BUY-12357,poor_payment,0
0.5486673095367834,0.0,0.9857569611651213,0.45133269046321656,0.2,31,18,13,18,1,1,0,4,0,54,86,0,0,357.5139105177315,buyer,BUY-12358,mixed,1
0.9577814837495867,0.0,1.0,0.042218516250413285,1.0,39,38,1,38,0,1,0,22,1,101,141,1,0,361.28537238055554,buyer,BUY-12359,reliable,1
0.5400234837078421,0.0,1.0,0.45997651629215786,0.2,8,6,2,6,0,0,0,4,0,18,26,1,1,313.71201532069443,buyer,BUY-12360,occasional_reliable,1
0.8904112613264291,0.19002914426839546,1.0,0.10958873867357088,0.35,31,28,3,28,0,10,2,7,0,76,115,0,0,363.3725414618403,buyer,BUY-12361,frequent_returner,0
0.6352998644022309,0.0,0.7666687786782078,0.36470013559776937,0.0,14,8,6,8,2,0,0,0,0,22,36,2,1,360.2739150049537,buyer,BUY-12362,frequent_canceller,0
0.9044398139823847,0.0,0.239296486735319,0.09556018601761518,0.15,16,15,1,15,11,0,0,3,0,34,50,1,0,322.1172723386458,buyer,BUY-12363,poor_payment,0
0.828507087830432,0.0,0.6828025680909148,0.1714929121695682,0.4,32,25,7,25,5,1,0,6,1,65,98,2,0,358.02250693998843,buyer,BUY-12364,mixed,1
0.9733666169514553,0.0,1.0,0.0266333830485449,1.0,45,44,1,44,0,3,0,24,1,117,165,3,0,363.72994764596064,buyer,BUY-12365,reliable,1
0.9300155406040954,0.0,0.9362985876956148,0.0699844593959047,0.55,15,14,1,14,1,2,0,9,1,41,58,3,0,347.0927850833796,buyer,BUY-12366,occasional_reliable,1
0.9865672925068344,0.1807679561618809,0.9814718889476605,0.013432707493165608,0.65,33,32,1,32,1,12,2,9,2,88,131,2,0,356.1700206181713,buyer,BUY-12367,frequent_returner,0
0.29544770789753877,0.0,0.9689522331314245,0.7045522921024612,0.2,37,13,24,13,1,0,0,0,2,52,89,3,2,361.9726477170139,buyer,BUY-12368,frequent_canceller,0
0.7622181529585241,0.0,0.6974863828250324,0.2377818470414761,0.3,23,17,6,17,7,0,0,4,1,45,68,3,1,360.8808609100463,buyer,BUY-12369,poor_payment,0
0.7710699367833458,0.5336667886757503,0.7490826785187769,0.2289300632166542,0.15,25,20,5,20,6,3,1,3,0,51,78,2,1,316.9653219477662,buyer,BUY-12370,mixed,1
0.9408642195944572,0.0,1.0,0.05913578040554268,0.7,22,21,1,21,0,0,0,14,0,57,79,1,0,343.9482659392014,buyer,BUY-12371,reliable,1
0.7853742908045434,0.0,1.0,0.21462570919545665,0.1,9,8,1,8,0,2,0,2,0,21,32,0,0,324.25574565184024,buyer,BUY-12372,occasional_reliable,1
0.9814276839181274,0.1310114139276234,0.9017939716629467,0.018572316081872597,0.6,39,37,2,37,3,14,1,10,1,101,153,3,0,357.6749618479282,buyer,BUY-12373,frequent_returner,0
0.5960706197515097,0.0,1.0,0.40392938024849034,0.1,13,6,7,6,0,1,0,2,0,22,36,1,0,337.9472441629977,buyer,BUY-12374,frequent_canceller,0
0.8128483288865888,0.0,0.4977742013318508,0.18715167111341124,0.25,17,13,4,13,5,1,0,3,1,35,53,2,0,357.5390816056481,buyer,BUY-12375,poor_payment,0
0.891536897711244,0.0,0.7747218108354494,0.108463102288756,0.15,9,8,1,8,3,3,0,1,1,22,34,0,0,297.48247807512735,buyer,BUY-12376,mixed,1
0.9733376650562876,0.0,1.0,0.026662334943712396,1.0,49,47,2,47,0,4,0,23,0,123,176,6,0,358.2907397765625,buyer,BUY-12377,reliable,1
0.9105850319621451,0.0,1.0,0.08941496803785509,0.35,8,7,1,7,0,0,0,7,0,22,30,0,0,353.95756341626156,buyer,BUY-12378,occasional_reliable,1
0.8965953374211479,0.0,1.0,0.10340466257885217,0.1,16,15,1,15,0,4,0,2,0,37,57,1,0,362.6006933158449,buyer,BUY-12379,frequent_returner,0
0.492733774265687,0.0,0.8301605861997514,0.507266225734313,0.05,29,15,14,15,2,1,0,1,0,46,76,2,1,361.6707009138195,buyer,BUY-12380,frequent_canceller,0
0.9043506390295458,0.0,0.47973196810556484,0.09564936097045418,0.05,17,16,1,16,9,0,0,1,0,34,51,0,0,322.1841522499074,buyer,BUY-12381,poor_payment,0
0.7485706106410142,0.0,0.7282459866495415,0.25142938935898584,0.3,30,22,8,22,7,0,0,4,1,57,87,2,0,331.2045685146875,buyer,BUY-12382,mixed,1
1.0,0.0,1.0,0.0,0.85,25,25,0,25,0,0,0,17,0,67,92,2,0,337.8124559577083,buyer,BUY-12383,reliable,1
1.0,0.0,1.0,0.0,0.4,11,11,0,11,0,0,0,6,1,29,40,0,0,340.98261285284724,buyer,BUY-12384,occasional_reliable,1
0.8013271249040754,0.29085129675324806,1.0,0.1986728750959249,0.3,17,15,2,15,0,5,2,6,0,43,63,2,1,349.2028921612847,buyer,BUY-12385,frequent_returner,0
0.4653121042142737,0.0,0.841075958397939,0.5346878957857264,0.0,36,16,20,16,1,1,0,0,0,53,90,3,1,355.3260342114005,buyer,BUY-12386,frequent_canceller,0
0.8968613713170424,0.0,0.620981383856575,0.10313862868295764,0.1,28,24,4,24,11,1,0,2,0,55,84,2,0,358.94472648180556,buyer,BUY-12387,poor_payment,0
0.6921810626155398,0.0,0.5365778457002697,0.30781893738446,0.25,23,18,5,18,6,2,0,3,1,47,72,1,0,358.56372202600693,buyer,BUY-12388,mixed,0
0.9169632652558704,0.0,0.9489018808481975,0.08303673474412987,0.7,21,20,1,20,2,0,0,10,2,53,74,4,0,353.56444025716434,buyer,BUY-12389,reliable,1
1.0,0.0,1.0,0.0,0.35,11,11,0,11,0,0,0,5,1,28,39,0,0,322.7693023084606,buyer,BUY-12390,occasional_reliable,1
0.8916090413348082,0.2375912372530461,0.9764686717905481,0.10839095866519177,0.3,20,18,2,18,1,7,2,6,0,51,76,1,0,360.64456959483795,buyer,BUY-12391,frequent_returner,0
0.5656259917619172,0.0,0.8373288675031838,0.4343740082380828,0.05,16,9,7,9,2,0,0,1,0,26,42,2,1,352.01454006821757,buyer,BUY-12392,frequent_canceller,0
0.6280347588152418,0.0,0.6569448973029364,0.37196524118475804,0.1,27,20,7,20,6,2,0,0,1,50,79,2,2,356.87123552010416,buyer,BUY-12393,poor_payment,0
0.5355408172120901,0.0,0.9700676036018121,0.4644591827879099,0.15,15,9,6,9,1,1,0,3,0,28,44,3,2,339.20801019899307,buyer,BUY-12394,mixed,0
0.9895325390979552,0.6054382919541609,0.9829450162033837,0.010467460902044534,1.0,56,55,1,55,1,3,1,35,1,150,208,3,0,362.0967860286458,buyer,BUY-12395,reliable,1
0.546612994779094,0.0,0.5611894816560351,0.453387005220906,0.05,3,2,1,2,1,0,0,1,0,6,9,0,0,188.59208584943286,buyer,BUY-12396,occasional_reliable,1
0.9056942181153375,0.17651568938896378,0.9812407115156955,0.09430578188466265,0.35,38,35,3,35,2,13,2,7,0,93,142,3,0,352.45662408752315,buyer,BUY-12397,frequent_returner,0
0.47462771172250817,0.0,1.0,0.5253722882774916,0.25,17,9,8,9,0,0,0,1,2,29,46,2,1,362.18622836494217,buyer,BUY-12398,frequent_canceller,0
0.9065525621929148,0.0,0.5402170399660853,0.0934474378070852,0.05,29,25,4,25,13,1,0,1,0,56,86,1,0,327.90475445971066,buyer,BUY-12399,poor_payment,0
0.8708345337682454,0.0,0.9527249364928909,0.1291654662317544,0.05,17,13,4,13,1,1,0,1,0,32,50,0,0,310.8431735715972,buyer,BUY-12400,mixed,1
1.0,0.0,1.0,0.0,1.0,28,28,0,28,0,1,0,21,4,82,111,2,0,343.9996963355787,buyer,BUY-12401,reliable,1
0.9443099330280688,0.0,0.9723394598307266,0.05569006697193124,0.25,11,9,2,9,1,0,0,5,0,25,36,1,0,339.50416674001156,buyer,BUY-12402,occasional_reliable,1
0.958541936326167,0.03854726496696892,0.9833834320205458,0.04145806367383276,0.5,34,32,2,32,2,10,1,10,0,86,129,0,0,358.53883170675925,buyer,BUY-12403,frequent_returner,0
0.53300077870041,0.0,0.6613482040373143,0.46699922129959015,0.05,33,16,17,16,3,2,0,1,0,52,87,1,0,364.53108537343746,buyer,BUY-12404,frequent_canceller,0
0.5885916815418302,0.0,0.28882793063188394,0.41140831845816983,0.05,13,9,4,9,6,1,0,1,0,24,38,0,0,361.50864165628474,buyer,BUY-12405,poor_payment,0
0.6930006554496305,0.0,0.6321625982712882,0.3069993445503695,0.4,25,17,8,17,5,1,0,6,1,50,76,4,1,317.6297047595949,buyer,BUY-12406,mixed,1
0.9915145731276882,0.0,0.9928742128888529,0.008485426872311796,0.8,30,29,1,29,1,0,0,14,1,74,104,5,0,363.49319930359957,buyer,BUY-12407,reliable,1
0.9821556815927039,0.0,1.0,0.017844318407296056,0.05,10,9,1,9,0,0,0,1,0,20,30,2,0,361.9726817776042,buyer,BUY-12408,occasional_reliable,1
0.7294200079882381,0.3555822996887138,1.0,0.27057999201176197,0.35,21,17,4,17,0,3,1,7,0,48,71,2,1,364.4571650438773,buyer,BUY-12409,frequent_returner,0
0.40026738693651825,0.0,1.0,0.5997326130634817,0.0,12,5,7,5,0,0,0,0,0,17,29,2,1,328.8896916018981,buyer,BUY-12410,frequent_canceller,0
0.8255298801178143,0.0,0.7233922247340845,0.17447011988218575,0.1,24,18,6,18,8,1,0,2,0,45,70,3,0,357.1760510560764,buyer,BUY-12411,poor_payment,0
0.7944622354439859,0.0,0.7811329503958464,0.20553776455601414,0.35,31,25,6,25,5,2,0,7,0,65,98,4,0,349.452691002963,buyer,BUY-12412,mixed,1
0.9465449301483155,0.0,0.973186476932914,0.05345506985168447,1.0,54,50,4,50,1,3,0,28,0,135,192,5,0,364.66534021885417,buyer,BUY-12413,reliable,1
1.0,0.0,0.9675650545257338,0.0,0.2,10,10,0,10,1,0,0,2,1,23,33,3,0,350.24139587976856,buyer,BUY-12414,occasional_reliable,1
0.9858769185425622,0.4687755821183761,0.861178379261681,0.014123081457437792,0.2,16,15,1,15,1,5,1,4,0,40,60,3,0,352.62222166589123,buyer,BUY-12415,frequent_returner,0
0.3888118128226278,0.0,0.9567346188460593,0.6111881871773723,0.05,24,9,15,9,1,0,0,1,0,34,58,2,2,346.91024774842595,buyer,BUY-12416,frequent_canceller,0
0.8201784083112093,0.0,0.3357111690344198,0.17982159168879086,0.15,20,13,7,13,7,1,0,3,0,37,58,2,0,356.87674313375004,buyer,BUY-12417,poor_payment,0
0.7302997346517778,0.0,0.9142676177519626,0.26970026534822233,0.2,16,12,4,12,1,1,0,4,0,33,50,2,1,355.6809056139236,buyer,BUY-12418,mixed,0
0.9133460872777065,0.0,0.9587948716054203,0.0866539127222935,1.0,51,47,4,47,1,0,0,28,1,127,178,6,1,342.20595698333335,buyer,BUY-12419,reliable,1
1.0,0.0,1.0,0.0,0.25,10,10,0,10,0,0,0,5,0,25,35,1,0,339.6752090546644,buyer,BUY-12420,occasional_reliable,1
1.0,0.15381876030222708,1.0,0.0,0.4,16,16,0,16,0,6,3,6,1,45,64,4,0,358.1737894577083,buyer,BUY-12421,frequent_returner,0
0.626196423538859,0.0,0.959042203983825,0.37380357646114104,0.05,26,16,10,16,1,1,0,1,0,44,71,4,1,336.1631571530555,buyer,BUY-12422,frequent_canceller,0
0.8851451349978886,0.0,0.4530229323634136,0.11485486500211162,0.25,18,15,3,15,6,1,0,3,1,38,57,1,0,354.0882127722685,buyer,BUY-12423,poor_payment,0
0.5955215236055899,0.0,0.5311937323243862,0.40447847639441015,0.45,22,13,9,13,3,1,0,7,1,44,67,3,1,346.7327373918866,buyer,BUY-12424,mixed,1
0.8549507205397527,0.0,0.9739607107116359,0.14504927946024748,1.0,55,47,8,47,1,0,0,28,1,131,186,4,0,362.59784293311344,buyer,BUY-12425,reliable,1
1.0,0.0,0.7586629831346409,0.0,0.4,14,14,0,14,2,1,0,8,0,37,52,2,0,316.9683183112268,buyer,BUY-12426,occasional_reliable,1
0.7920142644620795,0.16122049960988194,1.0,0.20798573553792055,0.3,21,17,4,17,0,6,1,6,0,50,76,2,0,348.5957602986574,buyer,BUY-12427,frequent_returner,0
0.021991470419904267,0.0,1.0,0.9780085295800958,0.05,13,1,12,1,0,0,0,1,0,15,28,1,1,326.704238976331,buyer,BUY-12428,frequent_canceller,0
0.7045475665462755,0.0,0.8628720902016517,0.2954524334537246,0.15,10,6,4,6,2,0,0,1,1,18,28,2,0,295.48311836947914,buyer,BUY-12429,poor_payment,0
0.37846315605179154,0.0,1.0,0.6215368439482085,0.0,8,4,4,4,0,0,0,0,0,12,20,1,1,350.2837805915625,buyer,BUY-12430,mixed,0
0.9926706043476835,0.0,1.0,0.007329395652316384,0.85,28,27,1,27,0,0,0,17,0,72,100,2,0,364.8556634926621,buyer,BUY-12431,reliable,1
0.8774822917177055,0.0,1.0,0.12251770828229447,0.0,8,7,1,7,0,0,0,0,0,15,23,0,0,281.57426877916663,buyer,BUY-12432,occasional_reliable,1
0.9695208372913915,0.258778377996166,0.9722957221606363,0.03047916270860851,0.5,40,37,3,37,2,13,3,10,0,100,150,2,0,359.17803531688656,buyer,BUY-12433,frequent_returner,0
0.5762751075082961,0.0,0.8522671712978968,0.42372489249170386,0.0,27,13,14,13,1,2,0,0,0,42,71,0,0,338.7146344954514,buyer,BUY-12434,frequent_canceller,0
0.7977556015031818,0.0,0.3907613000419518,0.2022443984968183,0.1,15,12,3,12,6,0,0,2,0,29,44,4,1,355.0964364669676,buyer,BUY-12435,poor_payment,0
0.8291503196539715,0.0,0.9437408312951735,0.17084968034602854,0.15,10,7,3,7,1,1,0,3,0,21,32,2,0,340.7461115825463,buyer,BUY-12436,mixed,0
0.9426174998813279,0.0,1.0,0.057382500118672075,1.0,48,45,3,45,0,2,0,27,3,125,175,5,0,346.38627441025466,buyer,BUY-12437,reliable,1
1.0,0.0,1.0,0.0,0.4,7,7,0,7,0,0,0,4,2,20,27,1,0,355.3733797740278,buyer,BUY-12438,occasional_reliable,1
0.9545803366319124,0.5542907852300758,0.973913765233205,0.04541966336808756,0.5,33,31,2,31,2,9,3,10,0,83,122,4,0,360.18652306010415,buyer,BUY-12439,frequent_returner,0
0.3361859032296456,0.0,1.0,0.6638140967703544,0.0,16,6,10,6,0,0,0,0,0,22,38,2,1,317.1959492562037,buyer,BUY-12440,frequent_canceller,0
0.9240389796876121,0.0,0.8201743349383857,0.07596102031238794,0.25,17,15,2,15,5,1,0,1,2,36,54,1,0,351.7526922007639,buyer,BUY-12441,poor_payment,0
0.6835602836875887,0.0,0.8025301662041466,0.3164397163124112,0.1,11,7,4,7,1,0,0,0,1,19,30,3,1,286.91734801429396,buyer,BUY-12442,mixed,0
0.9722603606656226,0.0,0.9849156939811801,0.027739639334377397,1.0,59,56,3,56,1,3,0,32,3,153,215,2,0,354.50933905770836,buyer,BUY-12443,reliable,1
1.0,0.0,1.0,0.0,0.25,14,14,0,14,0,2,0,5,0,35,51,1,0,355.488550929294,buyer,BUY-12444,occasional_reliable,1
0.9046327718360555,0.0,0.867243430090645,0.0953672281639446,0.4,24,21,3,21,2,5,0,8,0,58,87,4,0,350.4198576304398,buyer,BUY-12445,frequent_returner,0
0.5124731719018929,0.0,1.0,0.4875268280981071,0.2,37,16,21,16,0,0,0,2,1,56,93,7,2,364.15528115037034,buyer,BUY-12446,frequent_canceller,0
0.796482456752795,0.0,0.32561775930844294,0.20351754324720517,0.35,15,11,4,11,6,0,0,3,2,31,46,3,0,328.12791281993054,buyer,BUY-12447,poor_payment,0
0.7739880130977382,0.0,0.7586827903595807,0.22601198690226199,0.1,14,10,4,10,3,2,0,2,0,28,44,0,0,357.6832268666551,buyer,BUY-12448,mixed,0
1.0,0.0,1.0,0.0,0.9,50,50,0,50,0,5,0,18,0,123,178,4,0,358.41008309494214,buyer,BUY-12449,reliable,1
0.9002245411027197,0.0,1.0,0.09977545889728057,0.3,15,13,2,13,0,1,0,6,0,35,51,2,0,340.3745055142477,buyer,BUY-12450,occasional_reliable,1
0.931340102268763,0.18511484322688443,1.0,0.06865989773123682,0.3,19,17,2,17,0,5,1,6,0,47,70,1,0,352.5054856006366,buyer,BUY-12451,frequent_returner,0
0.42864734420912176,0.0,1.0,0.5713526557908783,0.1,14,6,8,6,0,0,0,2,0,22,36,1,1,341.89240346091435,buyer,BUY-12452,frequent_canceller,0
0.7292388475492882,0.0,0.5035888985687389,0.27076115245071175,0.05,27,18,9,18,10,0,0,1,0,46,73,1,0,363.233486925625,buyer,BUY-12453,poor_payment,0
0.6790435531849206,0.0,0.36944671863167095,0.3209564468150792,0.2,14,11,3,11,5,0,0,4,0,29,43,1,0,361.2632137719097,buyer,BUY-12454,mixed,1
0.9812214053695055,0.0,1.0,0.018778594630494472,1.0,35,34,1,34,0,3,0,20,0,92,130,5,0,358.85149044875,buyer,BUY-12455,reliable,1
1.0,0.0,1.0,0.0,0.2,11,11,0,11,0,0,0,4,0,26,37,2,0,341.9686055161111,buyer,BUY-12456,occasional_reliable,1
0.8590437686344441,0.40473584380918626,0.9665546183007173,0.1409562313655559,0.4,35,33,2,33,1,14,3,6,1,89,135,5,2,335.6942116428241,buyer,BUY-12457,frequent_returner,0
0.45618436660861134,0.0,1.0,0.5438156333913886,0.15,13,6,7,6,0,0,0,1,1,21,34,0,0,352.5725813972107,buyer,BUY-12458,frequent_canceller,0
0.6886489171750095,0.0,0.6219913140019367,0.31135108282499036,0.2,16,11,5,11,6,0,0,4,0,31,47,1,0,291.6453426484259,buyer,BUY-12459,poor_payment,0
0.6648167703586676,0.0,0.5774838235640208,0.3351832296413324,0.4,28,18,10,18,6,4,0,6,1,57,89,2,1,360.8447205475116,buyer,BUY-12460,mixed,0
0.9530870591194885,0.0,0.9864568658982887,0.04691294088051157,1.0,60,57,3,57,1,2,0,34,0,153,215,9,0,353.73034661328705,buyer,BUY-12461,reliable,1
0.9319144515035471,0.0,1.0,0.0680855484964531,0.3,15,13,2,13,0,1,0,6,0,35,51,0,0,353.5771658306829,buyer,BUY-12462,occasional_reliable,1
0.9080169219305826,0.39766806736513516,0.978272419259768,0.09198307806941763,0.3,40,35,5,35,2,12,5,6,0,93,140,3,0,364.880520784294,buyer,BUY-12463,frequent_returner,0
0.504856886004504,0.0,1.0,0.49514311399549615,0.0,15,8,7,8,0,2,0,0,0,25,42,2,1,357.897796966169,buyer,BUY-12464,frequent_canceller,0
1.0,0.0,0.734508359712773,0.0,0.05,11,11,0,11,4,0,0,1,0,23,34,1,0,347.0008968894097,buyer,BUY-12465,poor_payment,0
0.9634407935944425,0.0,0.9413244542663224,0.03655920640555754,0.2,11,10,1,10,1,3,0,2,1,27,41,0,0,346.7293037772801,buyer,BUY-12466,mixed,0
1.0,0.0,1.0,0.0,1.0,30,30,0,30,0,1,0,23,0,84,115,3,0,352.1733343548843,buyer,BUY-12467,reliable,1
0.7159036102910056,0.0,0.9276853100974938,0.2840963897089942,0.45,14,10,4,10,1,2,0,7,1,34,50,1,0,353.9102151560648,buyer,BUY-12468,occasional_reliable,1
0.8605969256149604,0.29195676585142083,0.9913614039096832,0.13940307438503963,0.25,34,30,4,30,1,15,4,5,0,84,129,4,1,358.6472271504398,buyer,BUY-12469,frequent_returner,0
0.41462869401494046,0.0,1.0,0.5853713059850596,0.25,22,9,13,9,0,1,0,3,1,36,59,1,0,350.54595127671297,buyer,BUY-12470,frequent_canceller,0
0.7760867925148963,0.0,0.4095510373165546,0.22391320748510357,0.05,21,17,4,17,9,0,0,1,0,39,60,2,0,361.40604433966433,buyer,BUY-12471,poor_payment,0
0.5898402965353606,0.1871108142641439,0.5701207085568166,0.41015970346463937,0.25,35,23,12,23,7,5,1,5,0,68,107,3,3,347.1772220476042,buyer,BUY-12472,mixed,1
0.9799354834576034,0.0,1.0,0.020064516542396604,1.0,54,51,3,51,0,1,0,30,0,136,191,4,0,361.48583963341434,buyer,BUY-12473,reliable,1
0.8202260198737867,0.0,0.9649214935187853,0.17977398012621337,0.2,14,11,3,11,1,0,0,4,0,29,43,1,0,347.92579598843747,buyer,BUY-12474,occasional_reliable,1
0.8951783793586621,0.027947286429780616,1.0,0.10482162064133793,0.45,21,18,3,18,0,7,1,7,1,54,81,1,0,344.26846079020834,buyer,BUY-12475,frequent_returner,0
0.372385803064367,0.0,1.0,0.6276141969356328,0.0,17,8,9,8,0,1,0,0,0,26,44,1,1,363.32053072809026,buyer,BUY-12476,frequent_canceller,0
0.9162473901873005,0.0,0.5871203854956296,0.08375260981269972,0.05,19,17,2,17,6,0,0,1,0,37,56,1,0,337.0021479172801,buyer,BUY-12477,poor_payment,0
0.6803237366132697,0.0,0.779850142982306,0.31967626338673016,0.15,32,18,14,18,4,5,0,3,0,58,95,7,1,362.46917787918983,buyer,BUY-12478,mixed,1
0.9734059531311784,0.0,0.9744893401869296,0.026594046868821386,1.0,55,53,2,53,2,1,0,32,1,142,198,5,0,357.6469908217708,buyer,BUY-12479,reliable,1
0.8571568271720433,0.0,0.8198738946156379,0.14284317282795678,0.25,8,7,1,7,1,2,0,5,0,22,32,1,0,305.28566522920136,buyer,BUY-12480,occasional_reliable,1
0.9026246807470507,0.0,0.8134139451370382,0.09737531925294929,0.35,20,17,3,17,2,6,0,7,0,50,76,1,0,360.8966491320602,buyer,BUY-12481,frequent_returner,0
0.49705018129545886,0.0,1.0,0.5029498187045411,0.2,40,23,17,23,0,1,0,4,0,68,109,11,7,363.138688285625,buyer,BUY-12482,frequent_canceller,0
0.9065418594762481,0.0,0.32350355284423404,0.09345814052375179,0.0,14,11,3,11,6,0,0,0,0,25,39,0,0,332.21511173269676,buyer,BUY-12483,poor_payment,0
0.7038073716691481,0.0,0.8365163574359302,0.2961926283308519,0.3,28,18,10,18,3,4,0,4,1,55,87,2,0,363.0430800878125,buyer,BUY-12484,mixed,0
0.961685670366414,0.0,0.9848053943080846,0.03831432963358605,1.0,60,57,3,57,1,1,0,31,1,150,211,4,0,363.17340999280094,buyer,BUY-12485,reliable,1
0.8820806835953516,0.0,1.0,0.11791931640464803,0.15,6,5,1,5,0,0,0,1,1,13,19,1,0,312.02844733814817,buyer,BUY-12486,occasional_reliable,1
0.9275686584519783,0.08750617421402374,0.9295824655355615,0.07243134154802155,0.5,37,33,4,33,3,12,1,10,0,92,140,6,0,333.61375912049766,buyer,BUY-12487,frequent_returner,0
0.5560637064575469,0.0,1.0,0.44393629354245323,0.0,21,9,12,9,0,1,0,0,0,31,53,1,0,344.0119460198611,buyer,BUY-12488,frequent_canceller,0
0.8307578237015195,0.0,0.42793125052006614,0.16924217629848048,0.2,16,13,3,13,6,1,0,2,1,33,50,0,0,360.47688642291666,buyer,BUY-12489,poor_payment,0
0.4577710323844648,0.0,1.0,0.5422289676155352,0.05,12,6,6,6,0,1,0,1,0,20,33,3,2,335.96042107287036,buyer,BUY-12490,mixed,1
0.9193316443897271,0.0,0.9872157886809924,0.08066835561027286,1.0,43,41,2,41,1,0,0,22,3,109,152,2,0,352.0668533551042,buyer,BUY-12491,reliable,1
0.6852115085926527,0.0,1.0,0.3147884914073473,0.05,5,4,1,4,0,0,0,1,0,10,15,0,0,232.17613771203702,buyer,BUY-12492,occasional_reliable,1
1.0,0.04809055348388014,0.9899668161594705,0.0,0.55,40,40,0,40,1,14,2,11,0,105,157,2,0,353.4674187822685,buyer,BUY-12493,frequent_returner,0
0.27754551866862204,0.0,1.0,0.7224544813313778,0.05,26,8,18,8,0,0,0,1,0,35,61,6,4,364.2156515073264,buyer,BUY-12494,frequent_canceller,0
0.8722089203986795,0.0,0.6641302837442703,0.12779107960132052,0.15,24,21,3,21,6,1,0,3,0,49,74,3,1,360.31988579430555,buyer,BUY-12495,poor_payment,0
0.7471009143807527,1.0,0.7488174503018179,0.25289908561924745,0.25,29,23,6,23,7,1,1,5,0,58,87,4,1,332.12410775247685,buyer,BUY-12496,mixed,1
0.915167129890584,0.0,0.99023449240843,0.08483287010941598,1.0,33,30,3,30,1,1,0,18,1,83,117,4,1,355.87088135458333,buyer,BUY-12497,reliable,1
0.9592550044829513,0.0,1.0,0.04074499551704902,0.3,14,12,2,12,0,1,0,4,1,32,47,2,0,358.87472286037035,buyer,BUY-12498,occasional_reliable,1
0.9413991908159856,0.29377354709216064,0.9205989161086067,0.058600809184014446,0.45,23,20,3,20,1,9,2,9,0,61,91,2,0,356.4261595513079,buyer,BUY-12499,frequent_returner,0
0.5247770745377587,0.0,0.8899151944904446,0.4752229254622413,0.0,13,8,5,8,1,0,0,0,0,21,34,1,1,318.62405258667826,buyer,BUY-12500,frequent_canceller,0
0.7324088565567584,0.0,0.6525147579657887,0.26759114344324175,0.2,14,12,2,12,4,0,0,4,0,30,44,1,1,353.12955157902775,buyer,BUY-12501,poor_payment,0
0.6835112864399225,0.0,0.7212839457190311,0.3164887135600777,0.2,17,12,5,12,3,1,0,4,0,34,52,0,0,322.9434945876389,buyer,BUY-12502,mixed,0
0.9709531479185024,0.0,0.9735560082103812,0.0290468520814976,1.0,41,39,2,39,1,2,0,29,0,111,154,2,0,364.01969818697916,buyer,BUY-12503,reliable,1
0.9176324393529626,0.0,0.9414642967530706,0.08236756064703743,0.25,14,13,1,13,1,1,0,3,1,32,47,3,0,360.92834959385414,buyer,BUY-12504,occasional_reliable,1
0.822829756641928,0.11926362060578,1.0,0.17717024335807197,0.05,16,13,3,13,0,6,1,1,0,36,57,3,1,344.3593019522917,buyer,BUY-12505,frequent_returner,0
0.47592099952541256,0.0,1.0,0.5240790004745872,0.1,33,15,18,15,0,0,0,2,0,50,83,2,1,359.4247923482986,buyer,BUY-12506,frequent_canceller,0
0.8248680947162033,0.0,0.5230621160012962,0.17513190528379674,0.2,29,25,4,25,12,2,0,4,0,60,91,3,0,361.700646910625,buyer,BUY-12507,poor_payment,0
0.7257289294571801,0.0,0.5056250396996805,0.2742710705428201,0.15,27,18,9,18,7,2,0,3,0,50,79,5,1,328.34157505717593,buyer,BUY-12508,mixed,0
0.994931489474012,0.0,0.9658979881257478,0.005068510525987779,1.0,40,39,1,39,1,2,0,22,0,103,145,5,0,353.42814148780093,buyer,BUY-12509,reliable,1
0.7693063628848175,0.0,1.0,0.23069363711518254,0.05,4,3,1,3,0,0,0,1,0,8,12,0,0,155.2852633957639,buyer,BUY-12510,occasional_reliable,1
0.8889161952271708,0.26075162542801333,1.0,0.1110838047728292,0.25,25,23,2,23,0,7,2,5,0,60,90,3,1,359.4772773904745,buyer,BUY-12511,frequent_returner,0
0.47055766570495317,0.0,0.9701466698376157,0.5294423342950471,0.05,24,9,15,9,1,0,0,1,0,34,58,2,0,349.3483537901273,buyer,BUY-12512,frequent_canceller,0
0.5926472266758873,0.0,0.6769083415888731,0.4073527733241128,0.1,11,8,3,8,2,2,0,2,0,23,36,0,0,364.33037632109955,buyer,BUY-12513,poor_payment,0
0.8609827653984756,0.0,0.6050835027526884,0.13901723460152426,0.3,35,29,6,29,10,5,0,6,0,75,115,3,0,346.48184555295137,buyer,BUY-12514,mixed,1
0.9809033734158266,0.0,1.0,0.01909662658417355,0.7,32,31,1,31,0,1,0,14,0,78,111,3,0,350.33740229003473,buyer,BUY-12515,reliable,1
1.0,0.0,0.8430030518493862,0.0,0.25,7,7,0,7,1,0,0,5,0,19,26,0,0,327.6977844985995,buyer,BUY-12516,occasional_reliable,1
0.8598349225700488,0.03471649670337584,0.9087308529055094,0.14016507742995143,0.4,35,27,8,27,3,7,1,8,0,77,118,1,0,358.3787490574653,buyer,BUY-12517,frequent_returner,0
0.3613896290451771,0.0,0.8611836750464325,0.6386103709548229,0.0,13,4,9,4,1,0,0,0,0,17,30,0,0,313.0390678003588,buyer,BUY-12518,frequent_canceller,0
1.0,0.0,0.8808565358520274,0.0,0.15,10,10,0,10,3,0,0,1,1,22,32,2,0,256.8308426916435,buyer,BUY-12519,poor_payment,0
0.6981757921783411,0.0,0.6910494319804218,0.30182420782165886,0.2,8,6,2,6,2,0,0,0,2,16,24,0,0,340.8338723046875,buyer,BUY-12520,mixed,1
0.9613141402835788,0.0,0.952900968243051,0.038685859716421245,1.0,33,32,1,32,1,2,0,22,0,89,124,1,0,348.82458750730325,buyer,BUY-12521,reliable,1
0.9090364696957187,0.0,0.857149105669732,0.09096353030428128,0.35,12,11,1,11,1,0,0,7,0,30,42,1,0,331.4916720904051,buyer,BUY-12522,occasional_reliable,1
0.8155687658612681,0.0,0.9696134416436528,0.18443123413873186,0.5,24,21,3,21,1,6,0,8,1,60,90,4,0,356.3615882287037,buyer,BUY-12523,frequent_returner,0
0.21561579967211653,0.0,0.2896828036876274,0.7843842003278835,0.15,14,3,11,3,1,0,0,3,0,20,34,0,0,349.5525590178472,buyer,BUY-12524,frequent_canceller,0
1.0,0.0,0.7531876137094422,0.0,0.0,10,10,0,10,3,1,0,0,0,21,32,0,0,364.74811716944447,buyer,BUY-12525,poor_payment,0
0.8345573269754416,0.35997323074010146,0.9346646484017106,0.1654426730245584,0.4,24,18,6,18,1,5,1,4,2,53,81,3,1,352.5733654896412,buyer,BUY-12526,mixed,0
0.949514627002214,0.0,0.9536795394695163,0.05048537299778588,1.0,35,32,3,32,2,2,0,21,1,91,128,5,0,336.79209707366897,buyer,BUY-12527,reliable,1
0.9856866824482885,0.0,0.7437465697786566,0.014313317551711724,0.25,13,12,1,12,2,1,0,5,0,31,45,0,0,349.92959253597223,buyer,BUY-12528,occasional_reliable,1
0.9894324047853011,0.24341782158105052,0.9811343271174933,0.010567595214698855,0.4,19,18,1,18,1,6,2,6,1,50,73,3,0,347.74135906480325,buyer,BUY-12529,frequent_returner,0
0.2896397059974421,0.0,1.0,0.710360294002558,0.0,18,7,11,7,0,0,0,0,0,25,43,3,3,364.39299871299767,buyer,BUY-12530,frequent_canceller,0
0.8110932081103729,0.0,0.5067657634202003,0.18890679188962733,0.1,27,23,4,23,9,3,0,2,0,55,85,2,0,359.99697647317134,buyer,BUY-12531,poor_payment,0
0.85324484340069,0.0,0.9316939206027456,0.14675515659931004,0.7,32,26,6,26,4,4,0,10,2,74,110,3,0,359.4425649809375,buyer,BUY-12532,mixed,0
0.8893359149321599,0.0,1.0,0.11066408506783998,1.0,47,45,2,45,0,1,0,25,1,119,167,5,2,333.5128304558681,buyer,BUY-12533,reliable,1
0.9266845801503847,0.0,1.0,0.0733154198496152,0.05,14,12,2,12,0,1,0,1,0,28,43,0,0,336.7008633721991,buyer,BUY-12534,occasional_reliable,1
0.8773610016254347,0.48969895404492725,1.0,0.12263899837456527,0.1,16,14,2,14,0,5,3,2,0,37,55,1,0,361.6397744333333,buyer,BUY-12535,frequent_returner,0
0.2832826144743904,0.0,1.0,0.7167173855256096,0.0,31,10,21,10,0,1,0,0,0,42,74,1,1,341.23019949556715,buyer,BUY-12536,frequent_canceller,0
0.7318274120695488,0.0,0.6160435799806709,0.2681725879304513,0.3,28,20,8,20,11,1,0,6,0,55,84,1,0,362.6297786488426,buyer,BUY-12537,poor_payment,0
0.7288861755338204,0.24310181589753455,0.771642402125126,0.2711138244661797,0.65,35,29,6,29,6,4,1,11,1,80,118,4,2,350.7620099269329,buyer,BUY-12538,mixed,1
1.0,0.0,1.0,0.0,0.45,22,22,0,22,0,0,0,9,0,53,75,2,0,360.62916235995374,buyer,BUY-12539,reliable,1
0.6748967210934945,0.0,1.0,0.3251032789065057,0.15,10,8,2,8,0,1,0,3,0,22,33,2,1,322.92517598824077,buyer,BUY-12540,occasional_reliable,1
0.9353355299433335,0.0,0.9661629810106577,0.06466447005666665,0.3,22,20,2,20,2,5,0,6,0,53,80,2,0,358.94787616773147,buyer,BUY-12541,frequent_returner,0
0.13674801746059276,0.0,1.0,0.8632519825394073,0.1,20,4,16,4,0,0,0,0,1,25,45,1,1,347.9498950105787,buyer,BUY-12542,frequent_canceller,0
0.8688416182282794,0.0,0.6419367121010362,0.13115838177172046,0.1,27,23,4,23,9,1,0,2,0,53,81,1,0,359.670790296088,buyer,BUY-12543,poor_payment,0
0.9197446499591985,0.0,0.7508106384547282,0.08025535004080142,0.2,30,25,5,25,9,3,0,2,1,61,94,2,0,356.75491738314815,buyer,BUY-12544,mixed,1
0.9879231421508219,0.0,0.9476635267222245,0.012076857849178113,1.0,40,39,1,39,3,3,0,24,1,107,150,3,0,363.8331572440046,buyer,BUY-12545,reliable,1
0.9523065912395831,0.0,1.0,0.047693408760416944,0.2,14,12,2,12,0,1,0,4,0,31,46,3,0,292.8210671698148,buyer,BUY-12546,occasional_reliable,1
0.9699888612608014,0.0462812251887309,1.0,0.030011138739198584,0.7,32,30,2,30,0,8,1,12,1,83,122,2,0,342.8846031172685,buyer,BUY-12547,frequent_returner,0
0.3778690289107498,0.0,0.978448585876696,0.6221309710892502,0.05,25,11,14,11,1,0,0,1,0,37,62,2,2,353.4120497426389,buyer,BUY-12548,frequent_canceller,0
0.8105547611385792,0.0,0.5708912308774551,0.18944523886142073,0.3,28,21,7,21,10,5,0,4,1,59,92,0,0,309.4427826762153,buyer,BUY-12549,poor_payment,0
0.5122923049249334,0.0,0.5613742281317401,0.4877076950750665,0.25,33,20,13,20,7,3,0,5,0,61,97,4,2,364.8022253797801,buyer,BUY-12550,mixed,0
0.8719984312859052,0.0,1.0,0.12800156871409496,1.0,47,43,4,43,0,4,0,21,0,115,166,1,0,357.87843179155095,buyer,BUY-12551,reliable,1
0.7651667334057775,0.0,1.0,0.23483326659422255,0.1,11,10,1,10,0,1,0,2,0,24,36,0,0,334.0204572472338,buyer,BUY-12552,occasional_reliable,1
0.9644652497271321,0.3825772641926727,0.8689758334154247,0.03553475027286779,0.25,26,24,2,24,3,9,3,5,0,64,96,2,0,362.07345976744216,buyer,BUY-12553,frequent_returner,0
0.3670520088115626,0.0,1.0,0.6329479911884375,0.05,28,10,18,10,0,1,0,1,0,40,69,2,2,355.74496913611114,buyer,BUY-12554,frequent_canceller,0
0.7490095595313555,0.0,0.4788680165533151,0.2509904404686445,0.45,22,19,3,19,9,1,0,7,1,50,73,2,0,362.28944437466436,buyer,BUY-12555,poor_payment,0
0.8213393434716589,0.0,0.7866554713801079,0.17866065652834096,0.3,29,20,9,20,3,3,0,6,0,58,90,0,0,362.15315354387735,buyer,BUY-12556,mixed,1
0.8696284626374812,0.0,0.953688457842868,0.13037153736251894,0.8,28,25,3,25,2,2,0,16,0,71,101,2,0,358.94213560081016,buyer,BUY-12557,reliable,1
1.0,0.0,0.7552812557320236,0.0,0.05,6,6,0,6,1,0,0,1,0,13,19,0,0,331.7619120155324,buyer,BUY-12558,occasional_reliable,1
0.9439212663118585,0.3162221096782293,1.0,0.056078733688141535,0.4,40,38,2,38,0,13,5,8,0,99,147,6,1,352.699732825,buyer,BUY-12559,frequent_returner,0
0.4119089644434719,0.0,0.8322139651033913,0.5880910355565281,0.05,34,15,19,15,3,0,0,1,0,50,84,2,2,333.69141949306714,buyer,BUY-12560,frequent_canceller,0
0.8387895794209137,0.0,0.34074854012991135,0.16121042057908608,0.15,17,15,2,15,8,1,0,1,1,35,53,2,1,355.69221661457175,buyer,BUY-12561,poor_payment,0
0.7089426950663239,0.0,0.9149194432650832,0.29105730493367576,0.35,35,25,10,25,4,4,0,7,0,71,110,2,1,318.2472299720139,buyer,BUY-12562,mixed,0
0.9248457746938658,0.0,0.9651899369509875,0.07515422530613425,1.0,52,49,3,49,1,1,0,27,1,130,183,2,1,355.51211064550927,buyer,BUY-12563,reliable,1
0.7994373355409622,0.0,1.0,0.2005626644590377,0.15,11,8,3,8,0,0,0,3,0,22,33,2,0,342.8195648989468,buyer,BUY-12564,occasional_reliable,1
0.8795488791992059,0.0,0.9382116825353276,0.12045112080079423,0.15,20,16,4,16,1,5,0,3,0,44,69,1,0,363.21967053858793,buyer,BUY-12565,frequent_returner,0
0.5704243763374877,0.0,0.8870565646793178,0.42957562366251234,0.0,12,7,5,7,2,0,0,0,0,19,31,1,0,328.48325011829866,buyer,BUY-12566,frequent_canceller,0
0.6883782190522427,0.0,0.7535842127220005,0.31162178094775717,0.05,20,15,5,15,3,2,0,1,0,38,60,0,0,357.48961501055555,buyer,BUY-12567,poor_payment,0
0.8041985787731467,0.0,0.8260171236176074,0.1958014212268533,0.15,16,13,3,13,1,3,0,3,0,35,54,2,1,360.8855836286574,buyer,BUY-12568,mixed,1
0.9622918294561373,0.0,0.9861446020957225,0.037708170543862884,1.0,49,46,3,46,1,4,0,24,0,123,176,6,0,361.7955210028588,buyer,BUY-12569,reliable,1
1.0,0.0,1.0,0.0,0.1,6,6,0,6,0,0,0,2,0,14,20,0,0,322.6162350694097,buyer,BUY-12570,occasional_reliable,1
0.8703415788187338,0.0610735957228864,0.9909395076058889,0.12965842118126591,0.9,40,37,3,37,1,12,2,16,1,106,156,3,0,361.5389549110532,buyer,BUY-12571,frequent_returner,0
0.24156884125788042,0.0,0.9505034070319924,0.7584311587421195,0.05,22,7,15,7,1,0,0,1,0,30,52,6,5,322.35333131667824,buyer,BUY-12572,frequent_canceller,0
0.8075109321301744,0.0,0.6451537430483231,0.19248906786982545,0.05,27,21,6,21,8,1,0,1,0,50,78,1,0,345.8435471353125,buyer,BUY-12573,poor_payment,0
0.7056528610672487,0.0,0.9836465938582636,0.2943471389327511,0.4,35,25,10,25,1,3,0,6,1,70,108,4,1,344.95470462498844,buyer,BUY-12574,mixed,0
0.9625407647992679,0.0,0.9946811015305566,0.03745923520073213,1.0,52,50,2,50,1,0,0,28,2,132,184,0,0,363.5273852483681,buyer,BUY-12575,reliable,1
0.9582756345581044,0.0,0.6921997872823874,0.04172436544189562,0.1,11,10,1,10,1,1,0,2,0,24,36,1,0,340.0155040784028,buyer,BUY-12576,occasional_reliable,1
0.9909798017992373,0.6993020174064701,0.9364933665526632,0.009020198200762719,0.55,24,23,1,23,1,11,5,11,0,69,99,1,0,355.5234145979745,buyer,BUY-12577,frequent_returner,0
0.4977443910201642,0.0,1.0,0.5022556089798356,0.0,11,5,6,5,0,0,0,0,0,16,27,1,0,363.20084219229165,buyer,BUY-12578,frequent_canceller,0
0.8730251942618692,0.0,0.4038197470822038,0.1269748057381308,0.35,30,27,3,27,16,3,0,5,1,66,99,4,1,362.4116675926736,buyer,BUY-12579,poor_payment,0
0.8480459823732097,0.0,0.7368812779275675,0.15195401762679028,0.2,28,22,6,22,6,2,0,2,1,55,85,1,0,348.8267852468287,buyer,BUY-12580,mixed,0
0.9820103038391165,0.0,1.0,0.017989696160883306,1.0,59,56,3,56,0,4,0,32,0,151,214,3,0,356.3947388474306,buyer,BUY-12581,reliable,1
0.8726319120862172,0.0,1.0,0.12736808791378285,0.3,15,14,1,14,0,2,0,6,0,37,54,0,0,332.33236980851854,buyer,BUY-12582,occasional_reliable,1
0.8973376630307618,0.1868978245581826,0.9801590454760292,0.1026623369692381,0.45,22,20,2,20,1,9,1,7,1,59,89,0,0,338.69474004777777,buyer,BUY-12583,frequent_returner,0
0.5493635647301549,0.0,1.0,0.4506364352698453,0.15,21,10,11,10,0,1,0,1,1,34,56,2,1,339.63848413740743,buyer,BUY-12584,frequent_canceller,0
0.592475407274234,0.0,0.42239222084437233,0.407524592725766,0.0,10,7,3,7,3,1,0,0,0,18,29,0,0,337.84945862993055,buyer,BUY-12585,poor_payment,0
0.7049731275703907,0.0,0.5440089508158552,0.29502687242960945,0.25,12,9,3,9,4,2,0,3,1,27,41,0,0,315.2152476760301,buyer,BUY-12586,mixed,1
0.8551926233919048,0.0,0.9950563941051109,0.14480737660809517,1.0,42,38,4,38,1,3,0,20,4,107,152,6,2,350.5889088999305,buyer,BUY-12587,reliable,1
0.9070685465795477,0.0,1.0,0.0929314534204525,0.15,10,8,2,8,0,0,0,3,0,21,31,0,0,358.99246151193285,buyer,BUY-12588,occasional_reliable,1
1.0,0.23099003994069467,0.9905773983109398,0.0,0.5,20,20,0,20,1,9,3,8,1,58,84,3,0,362.46242351074073,buyer,BUY-12589,frequent_returner,0
0.2143564959115347,0.0,0.9013910303443128,0.7856435040884653,0.0,17,8,9,8,1,0,0,0,0,25,42,0,0,320.8073040218866,buyer,BUY-12590,frequent_canceller,0
0.9876910957843734,0.0,0.7232242340615714,0.012308904215626582,0.15,21,20,1,20,9,3,0,3,0,47,71,0,0,359.3510875284838,buyer,BUY-12591,poor_payment,0
0.7692211850309842,0.0,0.6920943023760393,0.23077881496901576,0.3,23,18,5,18,6,3,0,6,0,50,76,4,2,325.4056495736458,buyer,BUY-12592,mixed,1
0.844944804163364,1.0,1.0,0.15505519583663585,0.8,21,19,2,19,0,1,1,14,1,56,77,3,1,349.9686341932986,buyer,BUY-12593,reliable,1
0.9335689275010846,0.0,1.0,0.06643107249891533,0.1,13,11,2,11,0,0,0,2,0,26,39,1,0,311.2266980762731,buyer,BUY-12594,occasional_reliable,1
0.8360986797877177,0.49253102493297374,0.945741941150729,0.16390132021228232,0.35,28,23,5,23,1,6,2,7,0,64,96,2,1,359.46198506598375,buyer,BUY-12595,frequent_returner,0
0.6002419254287649,0.0,0.9123931598250128,0.39975807457123513,0.0,12,7,5,7,1,0,0,0,0,19,31,0,0,304.21101622309027,buyer,BUY-12596,frequent_canceller,0
0.6339997220550367,0.0,0.5840701999537911,0.36600027794496315,0.05,22,15,7,15,7,2,0,1,0,40,64,0,0,336.7306964856713,buyer,BUY-12597,poor_payment,0
0.787647367988192,0.0,0.7824190985886291,0.21235263201180765,0.45,34,26,8,26,6,4,0,9,0,73,111,3,1,343.8922642818171,buyer,BUY-12598,mixed,0
0.9842705422515503,0.32365587379286953,1.0,0.015729457748449693,1.0,49,47,2,47,0,4,1,25,2,127,179,5,0,360.96034902261573,buyer,BUY-12599,reliable,1
1.0,0.0,1.0,0.0,0.1,4,4,0,4,0,0,0,2,0,10,14,0,0,287.6773520966551,buyer,BUY-12600,occasional_reliable,1
0.8767004492612955,0.0,0.9808591895657308,0.12329955073870413,0.45,24,21,3,21,1,10,0,7,1,63,97,0,0,339.36785033025467,buyer,BUY-12601,frequent_returner,0
0.1356701635346731,0.0,0.9142776449973233,0.8643298364653269,0.05,12,4,8,4,1,0,0,1,0,17,29,4,4,363.9694548545833,buyer,BUY-12602,frequent_canceller,0
0.8415155352903441,0.0,0.6779354149841706,0.15848446470965605,0.1,20,16,4,16,6,0,0,2,0,38,58,3,0,357.38756700774303,buyer,BUY-12603,poor_payment,0
0.8985867985705835,0.0,0.9526647491827883,0.10141320142941623,0.0,14,10,4,10,1,1,0,0,0,25,40,1,0,355.9233457005787,buyer,BUY-12604,mixed,1
0.9289536012110402,0.0,0.9548203696738234,0.0710463987889598,1.0,50,48,2,48,2,0,0,32,0,130,180,1,0,351.74967593721067,buyer,BUY-12605,reliable,1
0.8766609532864594,0.0,0.8806541265502187,0.12333904671354057,0.2,9,8,1,8,1,1,0,2,1,21,31,1,0,350.8909069240393,buyer,BUY-12606,occasional_reliable,1
0.96992999237601,0.5996555459064883,0.9840301948551609,0.030070007623990036,0.25,16,15,1,15,1,5,2,5,0,41,60,1,0,360.2218483556597,buyer,BUY-12607,frequent_returner,0
0.5383779143564349,0.0,0.7344682412530086,0.4616220856435649,0.1,31,18,13,18,3,1,0,2,0,52,84,3,1,344.2473301602199,buyer,BUY-12608,frequent_canceller,0
0.9264741993736689,0.0,0.7018373244266846,0.07352580062633118,0.1,20,19,1,19,5,0,0,2,0,41,61,0,0,354.6413248866088,buyer,BUY-12609,poor_payment,0
0.6381815582407284,0.0,0.7647251228509326,0.36181844175927147,0.15,21,16,5,16,3,3,0,3,0,43,67,3,2,347.45926242047454,buyer,BUY-12610,mixed,0
0.9734085309927981,0.0,0.9917760112273036,0.026591469007201884,1.0,60,57,3,57,1,3,0,38,2,160,223,6,0,364.06962624674765,buyer,BUY-12611,reliable,1
0.7916429109505199,0.0,1.0,0.20835708904948014,0.4,11,9,2,9,0,0,0,4,2,26,37,3,1,324.2287471045949,buyer,BUY-12612,occasional_reliable,1
0.9339824125013324,0.23451876091964974,0.9270497247468117,0.06601758749866748,0.5,39,35,4,35,3,9,2,10,0,93,139,3,0,347.69263151365743,buyer,BUY-12613,frequent_returner,0
0.26630065704263506,0.0,0.8393045674864666,0.733699342957365,0.05,14,7,7,7,1,0,0,1,0,22,36,2,2,339.8641253522685,buyer,BUY-12614,frequent_canceller,0
0.7179332003695839,0.0,0.570314887453157,0.28206679963041603,0.25,21,14,7,14,4,0,0,5,0,40,61,1,0,353.69723143660883,buyer,BUY-12615,poor_payment,0
0.9522020907143447,0.0,0.7230557301635927,0.047797909285655193,0.4,24,21,3,21,4,4,0,8,0,57,85,1,0,358.8238880796991,buyer,BUY-12616,mixed,0
0.9448021321039783,0.0,1.0,0.05519786789602166,0.65,23,21,2,21,0,1,0,11,1,57,81,2,0,357.26416833555555,buyer,BUY-12617,reliable,1
0.49563604093777014,0.0,1.0,0.5043639590622297,0.4,8,5,3,5,0,0,0,2,3,18,26,0,0,350.7099551652083,buyer,BUY-12618,occasional_reliable,1
0.9309913496092657,0.294885583963869,1.0,0.06900865039073456,0.2,16,15,1,15,0,8,2,4,0,43,65,2,0,341.7905089219444,buyer,BUY-12619,frequent_returner,0
0.6510786820787992,0.0,1.0,0.34892131792120085,0.05,25,16,9,16,0,2,0,1,0,44,71,0,0,352.4493320746412,buyer,BUY-12620,frequent_canceller,0
0.7342734305305492,0.0,0.2937082613214151,0.26572656946945084,0.05,12,8,4,8,7,3,0,1,0,24,39,0,0,262.26911532875,buyer,BUY-12621,poor_payment,0
0.7425938215575134,0.21531160385918557,0.9049361645084653,0.2574061784424866,0.25,28,21,7,21,5,2,1,5,0,56,85,2,1,349.41691502282407,buyer,BUY-12622,mixed,0
0.9833610314235408,0.0,1.0,0.016638968576459523,0.65,25,24,1,24,0,0,0,13,0,62,87,2,0,351.2314518122338,buyer,BUY-12623,reliable,1
1.0,0.0,0.8809355901284437,0.0,0.1,4,4,0,4,1,0,0,2,0,10,14,0,0,312.9060159957986,buyer,BUY-12624,occasional_reliable,1
1.0,0.0,0.9844958195097013,0.0,0.25,15,15,0,15,1,5,0,3,1,39,59,2,0,352.7327403487384,buyer,BUY-12625,frequent_returner,0
0.3718536268716037,0.0,0.9351180673882017,0.6281463731283962,0.15,22,9,13,9,1,0,0,3,0,34,56,0,0,360.867610643206,buyer,BUY-12626,frequent_canceller,0
0.8206710006723843,0.0,0.5937469559381321,0.1793289993276157,0.35,29,24,5,24,13,1,0,7,0,61,91,1,1,361.46108301869214,buyer,BUY-12627,poor_payment,0
0.6685916212510132,0.0,0.519783800492645,0.33140837874898676,0.2,11,9,2,9,2,0,0,4,0,24,35,4,2,338.2419324238889,buyer,BUY-12628,mixed,0
0.9466776947770819,0.0,0.9617450625604164,0.053322305222918254,1.0,46,43,3,43,2,5,0,27,1,122,173,2,0,341.3727826004282,buyer,BUY-12629,reliable,1
1.0,0.0,0.8733564480158781,0.0,0.3,15,15,0,15,2,0,0,6,0,36,51,0,0,357.6878590187847,buyer,BUY-12630,occasional_reliable,1
0.8885890917086877,0.10333654608035292,0.921647661331295,0.11141090829131262,0.6,29,23,6,23,2,10,1,12,0,74,112,3,0,335.5217700986111,buyer,BUY-12631,frequent_returner,0
0.48749834223897803,0.0,0.9229715289422011,0.512501657761022,0.0,36,17,19,17,2,1,0,0,0,54,91,1,0,360.8119442677778,buyer,BUY-12632,frequent_canceller,0
0.8460925168741674,0.0,0.4573100223965648,0.15390748312583236,0.1,22,20,2,20,9,0,0,2,0,44,66,4,1,342.8935628694213,buyer,BUY-12633,poor_payment,0
0.5605297604446513,0.27268745361655067,0.7347169508538401,0.4394702395553487,0.4,33,23,10,23,4,7,1,8,0,71,110,4,4,324.75056836219903,buyer,BUY-12634,mixed,0
0.964278073007768,0.0,1.0,0.03572192699223198,1.0,55,53,2,53,0,3,0,38,1,150,208,1,0,362.79466864717597,buyer,BUY-12635,reliable,1
1.0,0.0,0.9185591633820216,0.0,0.1,9,9,0,9,1,0,0,0,1,19,28,0,0,308.07955522025463,buyer,BUY-12636,occasional_reliable,1
0.9067606427844719,0.15155254181217548,0.9669457582811436,0.09323935721552812,0.5,32,30,2,30,2,6,1,8,1,77,114,1,0,363.47861106630785,buyer,BUY-12637,frequent_returner,0
0.47911282765253205,0.0,0.5336141590338306,0.520887172347468,0.0,38,16,22,16,6,2,0,0,0,56,96,5,2,339.0482678564699,buyer,BUY-12638,frequent_canceller,0
0.7473893096491139,0.0,0.3351932222668305,0.2526106903508859,0.05,10,7,3,7,5,0,0,1,0,18,28,3,0,255.45828401598382,buyer,BUY-12639,poor_payment,0
0.6845073362523726,0.0,0.853826800273453,0.3154926637476273,0.6,32,21,11,21,3,1,0,10,1,65,98,6,1,363.28260393068285,buyer,BUY-12640,mixed,1
0.9056881969558925,0.0,0.9927828813298578,0.09431180304410758,1.0,36,33,3,33,1,3,0,23,0,95,134,1,0,341.3423238083796,buyer,BUY-12641,reliable,1
0.6059433978504493,0.0,1.0,0.39405660214955074,0.1,4,3,1,3,0,0,0,2,0,9,13,1,1,149.9225398903588,buyer,BUY-12642,occasional_reliable,1
0.781564782479713,0.7779444623696599,1.0,0.21843521752028705,0.25,16,13,3,13,0,4,2,3,1,37,55,1,0,362.55073192589117,buyer,BUY-12643,frequent_returner,0
0.5101792552067329,0.0,0.9467098057680013,0.4898207447932672,0.0,25,13,12,13,1,1,0,0,0,39,65,1,0,359.1066633155324,buyer,BUY-12644,frequent_canceller,0
0.7722259118026257,0.0,0.5435610201708403,0.22777408819737455,0.15,17,13,4,13,5,2,0,3,0,35,54,3,1,315.1868182116204,buyer,BUY-12645,poor_payment,0
0.8378671031690246,0.13858656077099563,0.7639178161153508,0.16213289683097543,0.2,30,25,5,25,5,6,1,4,0,65,100,2,0,351.0281899182639,buyer,BUY-12646,mixed,0
0.9450027333365238,0.0,0.9217439236120798,0.05499726666347604,1.0,37,34,3,34,2,1,0,22,0,94,132,1,0,363.5773081676273,buyer,BUY-12647,reliable,1
0.840719373830807,0.0,0.8946573291259649,0.15928062616919303,0.25,14,11,3,11,1,2,0,3,1,31,47,2,0,353.24085174333334,buyer,BUY-12648,occasional_reliable,1
0.7911101644800905,0.22637219349699933,0.9574130308930472,0.20888983551990936,0.45,35,29,6,29,1,12,2,9,0,85,130,4,1,359.5898340666435,buyer,BUY-12649,frequent_returner,0
0.29957358672475226,0.0,0.8575846803678515,0.7004264132752478,0.05,17,7,10,7,2,0,0,1,0,25,42,1,1,343.79880256672453,buyer,BUY-12650,frequent_canceller,0
0.8322179986311804,0.0,0.5695483057711761,0.16778200136881982,0.2,25,21,4,21,9,1,0,4,0,51,77,2,0,345.82447219708337,buyer,BUY-12651,poor_payment,0
0.6738601364126933,0.0,0.7884094189966641,0.3261398635873066,0.05,21,12,9,12,4,2,0,1,0,36,59,2,0,362.3000840827662,buyer,BUY-12652,mixed,0
1.0,0.0,1.0,0.0,0.7,24,24,0,24,0,1,0,12,1,62,87,2,0,364.79279780108794,buyer,BUY-12653,reliable,1
1.0,0.0,1.0,0.0,0.1,3,3,0,3,0,0,0,2,0,8,11,1,0,325.80195422725694,buyer,BUY-12654,occasional_reliable,1
0.9063074931060947,0.017001008370225557,0.8993444498085661,0.0936925068939054,0.4,35,33,2,33,3,14,1,8,0,90,138,5,1,361.4021445052546,buyer,BUY-12655,frequent_returner,0
0.4614626567383734,0.0,0.8610780108009901,0.5385373432616268,0.1,33,14,19,14,3,0,0,2,0,49,82,1,1,362.18193389915507,buyer,BUY-12656,frequent_canceller,0
0.9578705115253353,0.0,0.3860376147779566,0.04212948847466469,0.1,13,12,1,12,8,1,0,2,0,28,42,0,0,362.0534922127662,buyer,BUY-12657,poor_payment,0
0.6902121206389998,0.0,0.5881159706589386,0.30978787936100016,0.5,22,15,7,15,5,3,0,4,3,47,72,0,0,357.0625996110648,buyer,BUY-12658,mixed,0
0.9235454225613322,0.0,0.9244030462167636,0.07645457743866801,1.0,36,34,2,34,1,2,0,22,2,96,134,5,0,363.90817698792824,buyer,BUY-12659,reliable,1
1.0,0.0,1.0,0.0,0.1,4,4,0,4,0,0,0,2,0,10,14,0,0,182.77086033637732,buyer,BUY-12660,occasional_reliable,1
0.9363994095279167,0.06615476216468685,0.9922239200078216,0.06360059047208333,0.75,35,32,3,32,1,13,2,15,0,95,141,5,0,337.3630159942593,buyer,BUY-12661,frequent_returner,0
0.5102166714137578,0.0,1.0,0.4897833285862423,0.0,21,11,10,11,0,0,0,0,0,32,53,5,3,341.2575884175579,buyer,BUY-12662,frequent_canceller,0
0.8392879371261948,0.25264647912095595,0.5237961804884497,0.16071206287380513,0.05,19,16,3,16,8,2,1,1,0,38,58,2,1,353.46216686827546,buyer,BUY-12663,poor_payment,0
0.8023301436916621,0.0,0.9112009180826639,0.19766985630833767,0.15,26,21,5,21,2,4,0,3,0,54,84,1,1,363.28897020947915,buyer,BUY-12664,mixed,0
0.8725234878615243,0.0,1.0,0.12747651213847566,1.0,39,34,5,34,0,0,0,24,1,98,137,6,1,363.93331660184026,buyer,BUY-12665,reliable,1
0.8593533534423868,0.0,0.8976785947090753,0.14064664655761328,0.15,15,12,3,12,2,0,0,3,0,30,45,0,0,330.9341528044213,buyer,BUY-12666,occasional_reliable,1
0.8971413099765745,0.3040280718867391,0.8596251670050018,0.10285869002342574,0.25,18,16,2,16,2,5,1,5,0,44,66,3,0,331.7228789394792,buyer,BUY-12667,frequent_returner,0
0.3235615125206379,0.0,0.7761363663307094,0.6764384874793621,0.0,30,11,19,11,2,0,0,0,0,41,71,1,1,361.02181723891204,buyer,BUY-12668,frequent_canceller,0
1.0,0.0,0.5426397630765071,0.0,0.2,10,10,0,10,4,2,0,2,1,25,37,0,0,319.82022387703705,buyer,BUY-12669,poor_payment,0
0.8931132449681074,0.0,0.7723678171116981,0.10688675503189249,0.25,18,14,4,14,3,0,0,5,0,37,55,2,0,356.60230628032406,buyer,BUY-12670,mixed,1
0.8968681968098466,0.0,0.9865482037390263,0.10313180319015314,1.0,48,43,5,43,1,4,0,26,0,121,173,6,0,357.6156729721875,buyer,BUY-12671,reliable,1
1.0,0.0,1.0,0.0,0.25,9,9,0,9,0,0,0,3,1,22,31,0,0,364.8579799160648,buyer,BUY-12672,occasional_reliable,1
0.8204477504133733,0.037876553633955035,0.8953307222706504,0.17955224958662686,0.15,21,19,2,19,2,10,1,3,0,53,83,3,1,359.06053174752316,buyer,BUY-12673,frequent_returner,0
0.34528799290773404,0.0,0.9820717590586002,0.654712007092266,0.2,35,10,25,10,1,0,0,4,0,49,84,5,3,363.25732171795136,buyer,BUY-12674,frequent_canceller,0
0.8035622642172916,0.0,0.49172595858478296,0.1964377357827084,0.1,19,14,5,14,7,1,0,2,0,36,56,6,1,331.9135348513889,buyer,BUY-12675,poor_payment,0
0.7064279069819299,0.0,0.8906200742478687,0.29357209301806997,0.35,32,23,9,23,2,2,0,7,0,64,98,4,1,359.20157297898146,buyer,BUY-12676,mixed,0
0.8802363629137504,0.0,0.9875038230458805,0.1197636370862496,0.75,30,27,3,27,1,3,0,13,1,74,107,2,0,343.42605574917826,buyer,BUY-12677,reliable,1
1.0,0.0,0.9281146347495869,0.0,0.15,11,11,0,11,1,1,0,3,0,26,38,0,0,363.75864996690973,buyer,BUY-12678,occasional_reliable,1
0.9532884523919704,0.0,0.9494955111640326,0.04671154760802987,0.65,28,26,2,26,2,5,0,11,1,71,104,2,0,347.01666685925926,buyer,BUY-12679,frequent_returner,0
0.498750912074781,0.0,0.9651213226547656,0.5012490879252192,0.05,36,19,17,19,2,1,0,1,0,57,94,4,2,359.9943422637153,buyer,BUY-12680,frequent_canceller,0
0.8329067093771768,0.0,0.9743166451879482,0.1670932906228232,0.0,10,8,2,8,1,1,0,0,0,19,30,0,0,326.89492030590276,buyer,BUY-12681,poor_payment,0
0.7597542709318066,0.0,0.908866555350641,0.2402457290681933,0.45,25,19,6,19,2,1,0,9,0,54,80,1,1,346.3010951796181,buyer,BUY-12682,mixed,1
0.9781531500470343,0.0,0.9802249926438903,0.021846849952965486,1.0,60,57,3,57,1,2,0,38,1,158,220,2,0,363.0530852223611,buyer,BUY-12683,reliable,1
0.8204939098611789,0.0,1.0,0.17950609013882113,0.4,8,7,1,7,0,0,0,4,2,21,29,1,0,342.85335320175926,buyer,BUY-12684,occasional_reliable,1
0.9621594505420762,0.2307428580031855,0.9673376991529847,0.03784054945792403,0.55,37,34,3,34,2,14,3,11,0,96,144,3,0,356.28750630729166,buyer,BUY-12685,frequent_returner,0
0.5613188969711878,0.0,0.674641144641867,0.43868110302881214,0.05,13,6,7,6,1,0,0,1,0,20,33,2,1,320.68101939575234,buyer,BUY-12686,frequent_canceller,0
0.9579054503608876,0.0,0.6576998477418832,0.04209454963911241,0.2,19,18,1,18,6,2,0,4,0,43,64,1,0,351.127816275081,buyer,BUY-12687,poor_payment,0
0.7124145573597392,0.0,0.6971676438049392,0.28758544264026076,0.05,23,17,6,17,4,1,0,1,0,42,66,1,0,325.6063062689815,buyer,BUY-12688,mixed,0
0.8795934515281925,0.0,0.9811221008931911,0.12040654847180754,0.75,27,24,3,24,1,0,0,11,2,64,91,3,1,323.34675807408564,buyer,BUY-12689,reliable,1
0.9855972220936382,0.0,0.8028751614178717,0.014402777906361686,0.4,15,14,1,14,2,0,0,6,1,36,51,3,0,354.0732128408333,buyer,BUY-12690,occasional_reliable,1
0.886576125580894,0.05600241111231896,1.0,0.11342387441910562,0.4,29,26,3,26,0,10,1,8,0,73,111,2,0,349.6126504954398,buyer,BUY-12691,frequent_returner,0
0.44880542757596986,0.0,0.9582444756447236,0.5511945724240301,0.05,22,12,10,12,2,0,0,1,0,35,57,2,0,361.2927949422801,buyer,BUY-12692,frequent_canceller,0
0.886943329062721,0.0,0.6987169905726965,0.113056670937279,0.15,27,25,2,25,11,1,0,3,0,56,84,2,1,360.4100501250694,buyer,BUY-12693,poor_payment,0
0.8708143754338582,0.0,1.0,0.1291856245661419,0.3,15,12,3,12,0,2,0,4,1,34,51,1,0,359.70242408440976,buyer,BUY-12694,mixed,0
0.895631856822369,0.0,0.9910884910260744,0.10436814317763099,0.75,28,25,3,25,1,2,0,15,0,70,100,0,0,345.0494201984838,buyer,BUY-12695,reliable,1
1.0,0.0,1.0,0.0,0.2,6,6,0,6,0,1,0,4,0,17,24,1,0,359.22969863568284,buyer,BUY-12696,occasional_reliable,1
0.8201851767352284,0.0,0.9912844386880788,0.17981482326477172,0.35,31,26,5,26,1,8,0,7,0,72,111,1,0,357.7999870975347,buyer,BUY-12697,frequent_returner,0
0.5830582581376362,0.0,0.9511682288921788,0.41694174186236377,0.05,14,7,7,7,1,0,0,1,0,22,36,0,0,360.8975212145486,buyer,BUY-12698,frequent_canceller,0
0.856660773897601,0.0,0.6181433673360929,0.1433392261023988,0.1,16,14,2,14,5,0,0,0,1,31,47,1,0,353.2819842888658,buyer,BUY-12699,poor_payment,0
0.6280405067808433,0.0,0.9387575145302663,0.37195949321915645,0.15,24,14,10,14,2,2,0,3,0,43,69,3,1,351.7432540242593,buyer,BUY-12700,mixed,0
0.9909629172787652,0.0,0.917672219440247,0.009037082721234824,0.55,22,21,1,21,1,2,0,9,1,55,79,4,0,356.23038590899307,buyer,BUY-12701,reliable,1
0.6546928551017939,0.0,1.0,0.34530714489820613,0.25,10,8,2,8,0,0,0,5,0,23,33,1,1,351.0504036885417,buyer,BUY-12702,occasional_reliable,1
0.8800403942640317,0.13441238194950078,1.0,0.1199596057359682,0.35,24,21,3,21,0,8,3,7,0,60,89,1,0,362.1135653103241,buyer,BUY-12703,frequent_returner,0
0.409830979383946,0.0,0.7746519331009901,0.5901690206160539,0.1,25,9,16,9,1,0,0,2,0,36,61,2,1,333.77191027613424,buyer,BUY-12704,frequent_canceller,0
0.9116462180040329,0.0,0.5795737812130131,0.0883537819959671,0.1,17,16,1,16,9,0,0,2,0,35,52,0,0,360.6494049416204,buyer,BUY-12705,poor_payment,0
0.7135219001317257,0.0,0.9568794593431664,0.2864780998682743,0.15,27,19,8,19,2,6,0,3,0,55,88,2,0,355.7132539375347,buyer,BUY-12706,mixed,1
0.8356038065771682,0.0,0.9956715750788915,0.16439619342283207,1.0,53,47,6,47,1,2,0,30,0,132,187,4,2,364.0956262876389,buyer,BUY-12707,reliable,1
1.0,0.0,0.9368467860479753,0.0,0.25,11,11,0,11,1,0,0,5,0,27,38,0,0,295.05032562179395,buyer,BUY-12708,occasional_reliable,1
0.8416054964189724,0.07643477895082673,0.9811901501827959,0.15839450358102758,0.55,37,34,3,34,2,15,2,11,0,97,147,3,1,357.81496473261575,buyer,BUY-12709,frequent_returner,0
0.5625640279292182,0.0,1.0,0.4374359720707818,0.2,35,16,19,16,0,0,0,4,0,55,90,4,1,347.34929372958334,buyer,BUY-12710,frequent_canceller,0
0.8537392793090465,0.0,0.6726828106944619,0.14626072069095342,0.25,16,14,2,14,5,0,0,3,1,34,50,1,0,355.6674214400463,buyer,BUY-12711,poor_payment,0
0.7213962800680465,0.0,0.7413305785226771,0.27860371993195365,0.4,23,17,6,17,4,4,0,8,0,52,79,1,0,358.7649260168866,buyer,BUY-12712,mixed,1
0.9162512018376867,0.0,0.9613048991100448,0.08374879816231307,1.0,35,33,2,33,2,2,0,21,0,91,128,3,0,348.48597132599537,buyer,BUY-12713,reliable,1
1.0,0.0,1.0,0.0,0.15,7,7,0,7,0,0,0,1,1,16,23,0,0,282.26022645609953,buyer,BUY-12714,occasional_reliable,1
0.8418188851480882,0.5647578090457854,1.0,0.15818111485191177,0.3,36,32,4,32,0,13,7,6,0,87,129,3,1,357.5846175119329,buyer,BUY-12715,frequent_returner,0
0.5321401609681613,0.0,1.0,0.4678598390318387,0.05,16,8,8,8,0,0,0,1,0,25,41,0,0,362.67450590091437,buyer,BUY-12716,frequent_canceller,0
0.8750616524907326,0.0,0.46301682384621956,0.12493834750926736,0.15,11,10,1,10,4,1,0,3,0,25,37,0,0,350.01046824136574,buyer,BUY-12717,poor_payment,0
0.7708170857777646,0.11439520949277115,0.7393029328949083,0.22918291422223536,0.25,29,23,6,23,8,6,2,3,1,62,95,2,0,335.6819607123611,buyer,BUY-12718,mixed,0
0.9122326543743061,0.0,1.0,0.087767345625694,0.85,21,19,2,19,0,2,0,9,4,55,78,3,0,360.5009078163773,buyer,BUY-12719,reliable,1
0.9650019319710001,0.0,0.8936801187221198,0.03499806802899985,0.35,13,12,1,12,2,0,0,7,0,32,45,0,0,341.4215294245486,buyer,BUY-12720,occasional_reliable,1
0.8857672577090692,0.2994754581510555,1.0,0.11423274229093083,0.3,22,18,4,18,0,7,1,6,0,53,81,2,0,362.50478858244213,buyer,BUY-12721,frequent_returner,0
0.3094860478013079,0.0,0.5103089020998874,0.690513952198692,0.05,25,10,15,10,3,2,0,1,0,38,65,1,1,363.6944685707639,buyer,BUY-12722,frequent_canceller,0
0.647479640272692,0.0,0.5626860822663917,0.352520359727308,0.15,28,20,8,20,6,2,0,3,0,53,83,6,3,350.2405779180093,buyer,BUY-12723,poor_payment,0
0.6821289898103864,0.0,0.4372464539882761,0.3178710101896137,0.1,9,6,3,6,2,0,0,2,0,17,26,0,0,344.34539510443284,buyer,BUY-12724,mixed,1
0.9308959532907995,0.662365594014776,1.0,0.06910404670920045,0.8,22,21,1,21,0,2,1,12,2,59,82,1,0,341.2567791501736,buyer,BUY-12725,reliable,1
0.8347734605519015,0.0,1.0,0.1652265394480984,0.35,11,10,1,10,0,0,0,5,1,27,38,2,1,293.0652153493403,buyer,BUY-12726,occasional_reliable,1
0.9401131060148886,0.2424632445738245,0.9505025203284645,0.05988689398511149,0.35,28,27,1,27,1,11,3,5,1,72,108,1,0,353.4988120540625,buyer,BUY-12727,frequent_returner,0
0.2847285217809236,0.0,1.0,0.7152714782190763,0.0,12,3,9,3,0,0,0,0,0,15,27,1,1,329.43429016347227,buyer,BUY-12728,frequent_canceller,0
0.8437599464934203,0.0,0.40634205052419614,0.15624005350657966,0.2,28,25,3,25,10,1,0,2,1,57,86,3,1,364.47559202784726,buyer,BUY-12729,poor_payment,0
0.6426968163554263,0.0,0.9091440634477982,0.3573031836445737,0.4,21,12,9,12,1,0,0,6,1,40,61,4,1,354.3724483310648,buyer,BUY-12730,mixed,1
1.0,0.0,0.9759186489831321,0.0,0.6,21,21,0,21,1,2,0,10,1,55,78,0,0,357.59028101555555,buyer,BUY-12731,reliable,1
0.8900625290976686,0.0,0.7392095079046099,0.10993747090233141,0.15,12,11,1,11,3,1,0,3,0,27,40,1,0,331.5818546650926,buyer,BUY-12732,occasional_reliable,1
0.8516287399326109,0.0,0.9092285368658756,0.148371260067389,0.4,35,31,4,31,3,4,0,8,0,78,117,5,1,362.3858590225579,buyer,BUY-12733,frequent_returner,0
0.5661020451866633,0.0,0.686142324103532,0.4338979548133367,0.0,14,6,8,6,1,0,0,0,0,20,34,0,0,328.92561530287037,buyer,BUY-12734,frequent_canceller,0
0.8874287410419127,0.0,0.2489764417382342,0.11257125895808706,0.05,19,17,2,17,12,1,0,1,0,38,58,5,1,322.42374525047455,buyer,BUY-12735,poor_payment,0
0.753053502476192,0.0,0.8733627791909676,0.24694649752380804,0.25,29,19,10,19,2,4,0,5,0,57,90,0,0,360.8587055397107,buyer,BUY-12736,mixed,0
0.8549781164227795,0.0,0.896845268971826,0.14502188357722035,0.95,28,26,2,26,3,2,0,13,3,72,102,5,1,359.7880770771296,buyer,BUY-12737,reliable,1
0.771164994450243,0.0,0.9309724967238353,0.228835005549757,0.2,8,6,2,6,1,0,0,4,0,18,26,0,0,317.6981996129861,buyer,BUY-12738,occasional_reliable,1
0.8951860183627682,0.03183817676504597,1.0,0.10481398163723221,0.4,33,30,3,30,0,11,1,8,0,82,125,3,0,358.0749941975926,buyer,BUY-12739,frequent_returner,0
0.3221883857836291,0.0,0.5368053118117887,0.6778116142163709,0.1,18,7,11,7,2,0,0,2,0,27,45,2,2,344.6424927408449,buyer,BUY-12740,frequent_canceller,0
0.8310759738623362,0.0,0.6129694575737752,0.16892402613766355,0.2,25,21,4,21,8,0,0,2,1,49,74,0,0,359.3878676140856,buyer,BUY-12741,poor_payment,0
0.6632853411265417,0.0,0.9575191546263798,0.3367146588734582,0.55,24,17,7,17,2,3,0,9,1,54,81,3,1,340.42356622275463,buyer,BUY-12742,mixed,1
0.9733622347545666,0.0,1.0,0.026637765245433376,1.0,28,27,1,27,0,1,0,18,1,75,104,4,0,343.4477450334144,buyer,BUY-12743,reliable,1
1.0,0.0,1.0,0.0,0.1,3,3,0,3,0,0,0,2,0,8,11,0,0,332.363363013287,buyer,BUY-12744,occasional_reliable,1
0.6776603511920684,0.33902712704164495,1.0,0.32233964880793164,0.35,20,17,3,17,0,4,1,7,0,48,71,1,1,356.5267118317245,buyer,BUY-12745,frequent_returner,0
0.5042161448141397,0.0,1.0,0.4957838551858603,0.0,23,10,13,10,0,2,0,0,0,35,60,2,0,360.68156430849535,buyer,BUY-12746,frequent_canceller,0
0.7732742598567651,0.0,0.6684128345454201,0.2267257401432352,0.1,28,23,5,23,7,3,0,2,0,56,87,1,0,358.08494886560186,buyer,BUY-12747,poor_payment,0
0.8353232034444553,0.0,0.926721500916956,0.1646767965555448,0.5,25,21,4,21,2,0,0,8,1,55,80,2,1,319.5131637139699,buyer,BUY-12748,mixed,1
0.9514555408748774,0.0,0.9702445988261891,0.04854445912512262,0.75,37,34,3,34,1,2,0,13,1,87,126,6,0,361.8196729966551,buyer,BUY-12749,reliable,1
0.6675077727946328,0.0,1.0,0.3324922272053672,0.2,8,7,1,7,0,0,0,4,0,19,27,1,1,354.31538093540513,buyer,BUY-12750,occasional_reliable,1
0.712684490203893,0.10825151085604834,0.9184062563884887,0.287315509796107,0.25,31,24,7,24,2,9,2,5,0,69,107,1,0,364.0401013620255,buyer,BUY-12751,frequent_returner,0
0.6823425299883353,0.0,1.0,0.31765747001166467,0.0,15,10,5,10,0,0,0,0,0,25,40,1,0,360.5777281978819,buyer,BUY-12752,frequent_canceller,0
0.8942060326279895,0.0,0.09973373689774089,0.10579396737201052,0.1,10,7,3,7,6,0,0,2,0,19,29,1,0,326.13822957572916,buyer,BUY-12753,poor_payment,0
0.48252965050628993,0.0,0.7027631048659327,0.5174703494937101,0.1,11,6,5,6,2,1,0,2,0,20,32,2,1,357.81883818494214,buyer,BUY-12754,mixed,0
0.9897380670630069,0.0,0.9511696930142025,0.010261932936993068,1.0,48,46,2,46,1,2,0,30,1,127,177,4,0,362.69206178641207,buyer,BUY-12755,reliable,1
0.8223405663235178,0.0,0.7183701946667069,0.1776594336764823,0.4,14,11,3,11,2,2,0,6,1,34,50,1,0,293.78982611787035,buyer,BUY-12756,occasional_reliable,1
1.0,0.03778867708102751,0.8785790777095647,0.0,0.3,16,16,0,16,2,4,1,6,0,42,61,2,0,353.9671944584722,buyer,BUY-12757,frequent_returner,0
0.6932901400816552,0.0,0.848315414330564,0.30670985991834476,0.1,40,22,18,22,3,1,0,2,0,65,106,4,0,364.43373994275464,buyer,BUY-12758,frequent_canceller,0
0.8779347138551858,0.0,0.6027234230967335,0.12206528614481416,0.05,14,11,3,11,5,1,0,1,0,27,42,0,0,350.87253800193287,buyer,BUY-12759,poor_payment,0
0.7417140258746513,0.0,0.8498665785648887,0.25828597412534837,0.35,35,27,8,27,5,6,0,7,0,75,116,3,1,352.6240505460764,buyer,BUY-12760,mixed,1
0.9360953146603783,0.0,0.8404675608269695,0.0639046853396219,1.0,48,44,4,44,4,5,0,27,1,125,178,2,0,356.5530634490278,buyer,BUY-12761,reliable,1
0.9636910810145649,0.0,1.0,0.03630891898543509,0.35,14,13,1,13,0,0,0,7,0,34,48,0,0,341.5055514671875,buyer,BUY-12762,occasional_reliable,1
0.9022420052139932,0.20266065616319828,0.9342325507948732,0.09775799478600677,0.45,31,27,4,27,2,11,4,9,0,78,116,7,0,360.19089087259255,buyer,BUY-12763,frequent_returner,0
0.4605149930299989,0.0,0.9441282329789819,0.5394850069700011,0.05,35,16,19,16,3,1,0,1,0,53,89,3,2,362.61407335930556,buyer,BUY-12764,frequent_canceller,0
0.8905335449514336,0.0,0.40365066012968476,0.10946645504856645,0.2,17,15,2,15,8,0,0,2,1,35,52,1,0,328.7216935679861,buyer,BUY-12765,poor_payment,0
0.44452635919246863,0.0,0.8973241705551009,0.5554736408075314,0.05,28,15,13,15,4,5,0,1,0,49,82,2,1,350.2312623985185,buyer,BUY-12766,mixed,1
0.9231892169428692,0.0,0.9738594931970899,0.07681078305713096,1.0,42,38,4,38,2,3,0,31,2,116,161,7,1,362.45023753137735,buyer,BUY-12767,reliable,1
0.8416264288098295,0.0,1.0,0.15837357119017048,0.1,5,4,1,4,0,0,0,2,0,11,16,0,0,147.4706417148148,buyer,BUY-12768,occasional_reliable,1
0.7991485690128589,0.2629692618306756,0.9134860935136208,0.2008514309871411,0.3,24,19,5,19,1,9,2,6,0,58,89,3,0,361.3090445469097,buyer,BUY-12769,frequent_returner,0
0.47656199514910524,0.0,0.8905913786868507,0.5234380048508948,0.05,30,13,17,13,1,2,0,1,0,46,78,1,0,343.4668551177662,buyer,BUY-12770,frequent_canceller,0
0.8457656475418238,0.0,0.7329302306914053,0.15423435245817618,0.15,23,19,4,19,8,0,0,3,0,45,68,1,0,359.30662672129625,buyer,BUY-12771,poor_payment,0
0.5113072305040309,0.0,0.9581212568786681,0.4886927694959692,0.15,28,14,14,14,2,1,0,3,0,46,75,1,0,361.48183697619214,buyer,BUY-12772,mixed,0
0.9878155968247442,0.0,1.0,0.01218440317525582,1.0,52,50,2,50,0,5,0,36,1,144,201,3,0,363.1861810924074,buyer,BUY-12773,reliable,1
0.7965499301123146,0.0,0.9817742507373993,0.20345006988768521,0.45,14,13,1,13,1,2,0,7,1,37,53,2,1,362.7617555894213,buyer,BUY-12774,occasional_reliable,1
0.9056322196164799,0.06268704101747491,1.0,0.09436778038352,0.5,37,33,4,33,0,13,1,10,0,93,142,4,0,358.1184210120602,buyer,BUY-12775,frequent_returner,0
0.352752772807138,0.0,1.0,0.647247227192862,0.0,10,4,6,4,0,0,0,0,0,14,24,1,0,308.64370258681714,buyer,BUY-12776,frequent_canceller,0
0.8098704544414699,0.0,0.6176767293482148,0.19012954555853012,0.15,18,15,3,15,5,4,0,3,0,40,62,2,1,341.98280032354165,buyer,BUY-12777,poor_payment,0
0.5267037086578715,0.4621688667490651,0.9630073973870485,0.47329629134212836,0.3,26,17,9,17,2,2,1,4,1,50,77,8,5,357.52054451997685,buyer,BUY-12778,mixed,1
0.8180695201672746,0.0,0.9699208447368243,0.18193047983272548,0.6,27,24,3,24,1,4,0,12,0,67,98,5,1,346.1019593838889,buyer,BUY-12779,reliable,1
0.5829745039164279,0.0,1.0,0.417025496083572,0.25,7,5,2,5,0,0,0,3,1,16,23,1,1,345.7196468957176,buyer,BUY-12780,occasional_reliable,1
0.8697006555333626,0.09698312419087973,0.8876708695444924,0.13029934446663738,0.6,30,27,3,27,3,10,1,10,1,78,117,4,1,359.44324933119213,buyer,BUY-12781,frequent_returner,0
0.434659478727233,0.0,1.0,0.5653405212727672,0.05,32,15,17,15,0,0,0,1,0,48,80,4,3,358.0953841942014,buyer,BUY-12782,frequent_canceller,0
0.7259075076781641,0.0,0.5572945997699243,0.27409249232183586,0.05,16,13,3,13,4,1,0,1,0,31,48,1,0,359.9859131207639,buyer,BUY-12783,poor_payment,0
0.5674035477665582,0.0,0.7863587476723668,0.4325964522334417,0.2,18,12,6,12,2,1,0,4,0,35,54,3,2,298.814215731713,buyer,BUY-12784,mixed,0
0.9253621648311551,0.0,0.9510663522224457,0.07463783516884492,1.0,49,46,3,46,1,3,0,30,2,130,182,4,0,363.3985093062731,buyer,BUY-12785,reliable,1
1.0,0.0,0.9521855745689156,0.0,0.3,11,11,0,11,1,1,0,6,0,29,41,0,0,340.865188346331,buyer,BUY-12786,occasional_reliable,1
0.794569190326145,0.04743098268492951,0.9377835075732929,0.20543080967385474,0.4,18,14,4,14,2,5,1,6,1,44,66,1,0,363.3851709158333,buyer,BUY-12787,frequent_returner,0
0.21454152508793045,0.0,1.0,0.7854584749120694,0.05,32,11,21,11,0,0,0,1,0,44,76,2,2,363.5438286615625,buyer,BUY-12788,frequent_canceller,0
0.7519552896951084,0.0,0.5185402356934228,0.24804471030489172,0.1,17,12,5,12,6,0,0,2,0,31,48,2,1,352.96005417060184,buyer,BUY-12789,poor_payment,0
0.5465320318303754,0.0,0.6614610567159254,0.45346796816962465,0.15,17,9,8,9,1,4,0,3,0,33,54,2,1,364.4736618796991,buyer,BUY-12790,mixed,0
0.9832544850062748,0.0,0.9245257044982644,0.01674551499372534,1.0,43,42,1,42,2,1,0,22,1,109,153,4,0,354.28300366128474,buyer,BUY-12791,reliable,1
1.0,0.0,1.0,0.0,0.4,13,13,0,13,0,0,0,8,0,34,47,0,0,364.6734596522916,buyer,BUY-12792,occasional_reliable,1
0.9797562427351492,0.6293465958790752,1.0,0.020243757264850837,0.55,40,38,2,38,0,9,4,11,0,98,143,4,0,358.7277712115972,buyer,BUY-12793,frequent_returner,0
0.4769555094402019,0.0,1.0,0.5230444905597981,0.0,23,7,16,7,0,0,0,0,0,30,53,1,0,358.8520522946412,buyer,BUY-12794,frequent_canceller,0
0.7878558508715694,0.3598690233031734,0.36740303122077916,0.2121441491284305,0.15,25,19,6,19,11,4,1,3,0,51,79,6,1,334.18097846465275,buyer,BUY-12795,poor_payment,0
0.6885219930479346,0.0,0.9376477563126181,0.3114780069520653,0.1,28,17,11,17,3,2,0,2,0,49,79,3,0,350.4419089928241,buyer,BUY-12796,mixed,0
1.0,0.0,1.0,0.0,0.75,33,33,0,33,0,2,0,15,0,83,118,3,0,355.22169329275465,buyer,BUY-12797,reliable,1
0.8692211259292227,0.0,1.0,0.13077887407077748,0.15,13,12,1,12,0,0,0,3,0,28,41,4,1,309.7211208636574,buyer,BUY-12798,occasional_reliable,1
0.8936840117217881,0.15212456573581545,0.9825325349433829,0.10631598827821187,0.55,24,23,1,23,1,7,2,11,0,65,94,0,0,364.14150310527776,buyer,BUY-12799,frequent_returner,0
0.24293090321552094,0.0,1.0,0.7570690967844791,0.05,10,5,5,5,0,1,0,1,0,17,28,0,0,349.00635473175925,buyer,BUY-12800,frequent_canceller,0
0.8023879081605121,0.0,0.6495839209653347,0.1976120918394879,0.05,20,16,4,16,7,3,0,1,0,40,63,2,1,364.8710572726736,buyer,BUY-12801,poor_payment,0
0.7889243471091654,0.0,0.8808905389292587,0.21107565289083485,0.2,19,17,2,17,3,3,0,2,1,42,64,3,1,295.7776760862153,buyer,BUY-12802,mixed,1
1.0,0.0,0.9725050265821816,0.0,1.0,47,47,0,47,1,1,0,28,0,123,171,3,0,358.4438672253357,buyer,BUY-12803,reliable,1
0.9281588165064886,0.0,0.975866843566965,0.07184118349351143,0.2,11,9,2,9,1,0,0,4,0,24,35,2,0,359.2992786407292,buyer,BUY-12804,occasional_reliable,1
0.9428493135295528,0.4411285926546059,0.963616133693609,0.05715068647044719,0.6,33,30,3,30,1,9,4,12,0,84,122,4,0,360.90019892412033,buyer,BUY-12805,frequent_returner,0
0.4288877774383744,0.0,0.9022279474571501,0.5711122225616255,0.0,27,11,16,11,2,0,0,0,0,38,65,2,1,351.19713426824075,buyer,BUY-12806,frequent_canceller,0
0.9702443675976481,0.0,0.7947929379870318,0.029755632402352017,0.1,10,9,1,9,2,1,0,2,0,22,33,0,0,343.27444479480323,buyer,BUY-12807,poor_payment,0
0.7409081212487687,0.0,0.8433807051410654,0.2590918787512314,0.15,11,9,2,9,2,2,0,1,1,24,37,1,1,289.3788924562268,buyer,BUY-12808,mixed,1
0.9896804802249717,0.0,0.9919183101414822,0.010319519775028319,1.0,39,38,1,38,1,1,0,24,0,102,142,7,0,362.57799518172453,buyer,BUY-12809,reliable,1
1.0,0.0,0.9333896964382361,0.0,0.2,8,8,0,8,1,1,0,4,0,21,30,1,0,297.9709728125579,buyer,BUY-12810,occasional_reliable,1
0.8806249975719203,0.0,0.9517189133680211,0.11937500242807997,0.45,30,26,4,26,2,4,0,9,0,69,103,2,0,355.725948050706,buyer,BUY-12811,frequent_returner,0
0.5291315734789469,0.0,1.0,0.470868426521053,0.0,26,14,12,14,0,0,0,0,0,40,66,0,0,357.04756566944445,buyer,BUY-12812,frequent_canceller,0
0.9572945673917886,0.0,0.5110088933882173,0.04270543260821136,0.15,30,27,3,27,14,1,0,3,0,61,92,1,0,353.4355873313194,buyer,BUY-12813,poor_payment,0
0.7152293303510365,0.0,0.670215598195015,0.28477066964896347,0.15,28,21,7,21,6,5,0,3,0,57,90,6,2,361.3647214261342,buyer,BUY-12814,mixed,1
0.9198331567790405,0.0,0.9890440004494896,0.08016684322095946,1.0,50,47,3,47,1,4,0,31,2,134,188,3,1,355.4897208585069,buyer,BUY-12815,reliable,1
0.9104380857050494,0.0,1.0,0.08956191429495053,0.25,13,11,2,11,0,3,0,5,0,32,48,2,0,361.60764614922454,buyer,BUY-12816,occasional_reliable,1
0.9443950799554901,0.017775744411131278,0.9937943682328552,0.0556049200445099,0.5,33,31,2,31,1,11,1,10,0,85,128,3,0,364.55553311016206,buyer,BUY-12817,frequent_returner,0
0.0883368738560518,0.0,1.0,0.9116631261439482,0.05,10,3,7,3,0,0,0,1,0,14,24,2,2,360.3060839713195,buyer,BUY-12818,frequent_canceller,0
0.8355072452586884,0.0,0.6963965926060661,0.16449275474131186,0.15,18,15,3,15,6,1,0,3,0,37,56,0,0,319.66819346038193,buyer,BUY-12819,poor_payment,0
0.6760250596763909,0.0,0.87934774229257,0.32397494032360896,0.25,23,14,9,14,3,3,0,3,1,44,70,1,0,364.9629306926852,buyer,BUY-12820,mixed,0
0.9210053041312339,0.0,1.0,0.07899469586876595,1.0,43,39,4,39,0,2,0,24,1,109,154,2,0,360.3968963337847,buyer,BUY-12821,reliable,1
0.8450508891537271,0.0,1.0,0.15494911084627283,0.3,15,13,2,13,0,0,0,6,0,34,49,0,0,360.5836148362616,buyer,BUY-12822,occasional_reliable,1
0.976526501087634,0.17766936316905013,1.0,0.023473498912366053,0.3,24,22,2,22,0,11,2,6,0,63,96,4,0,341.89688763292827,buyer,BUY-12823,frequent_returner,0
0.4199073427617013,0.0,0.7179441938959672,0.5800926572382987,0.0,20,7,13,7,1,1,0,0,0,28,49,4,1,356.059935514919,buyer,BUY-12824,frequent_canceller,0
0.75883470057043,0.0,0.45010236899796285,0.24116529942956988,0.1,23,19,4,19,9,2,0,2,0,46,71,2,1,313.8239224848727,buyer,BUY-12825,poor_payment,0
0.7632174565177947,0.0,0.7097915874486191,0.2367825434822054,0.3,27,20,7,20,5,2,0,6,0,55,84,3,0,341.38902177597225,buyer,BUY-12826,mixed,0
0.972110718937396,0.0,0.9781891556015218,0.02788928106260402,1.0,50,49,1,49,1,2,0,28,0,129,181,5,0,353.73034506649304,buyer,BUY-12827,reliable,1
0.6253188371721359,0.0,0.8481132512191284,0.374681162827864,0.25,15,12,3,12,1,0,0,3,1,31,46,2,2,353.17218476194444,buyer,BUY-12828,occasional_reliable,1
0.9109392768643609,0.06975549512151147,0.9079611418577063,0.08906072313563884,0.6,34,32,2,32,2,15,1,8,2,91,139,3,0,353.5745177927662,buyer,BUY-12829,frequent_returner,0
0.32105422532508865,0.0,1.0,0.6789457746749114,0.0,13,4,9,4,0,0,0,0,0,17,30,0,0,349.83482917717595,buyer,BUY-12830,frequent_canceller,0
0.6023247138430903,0.0,0.8516414391562793,0.3976752861569096,0.05,15,9,6,9,3,0,0,1,0,25,40,2,0,361.3474370414236,buyer,BUY-12831,poor_payment,0
0.6993258134922934,0.0,0.6689713275648429,0.3006741865077066,0.2,14,9,5,9,3,2,0,2,1,28,44,0,0,358.8569828735648,buyer,BUY-12832,mixed,1
0.9247815162214926,0.0,0.9151528159931015,0.07521848377850715,1.0,45,42,3,42,3,3,0,28,1,119,167,2,1,359.1474062950116,buyer,BUY-12833,reliable,1
0.7649383913346223,0.0,1.0,0.23506160866537773,0.05,8,7,1,7,0,1,0,1,0,17,26,3,1,355.7864350887037,buyer,BUY-12834,occasional_reliable,1
0.9504513872388782,0.09985116117563608,0.7976223795802038,0.04954861276112177,0.2,32,30,2,30,4,9,2,4,0,75,114,2,0,347.5041897494445,buyer,BUY-12835,frequent_returner,0
0.4190655324471812,0.0,1.0,0.5809344675528187,0.05,16,9,7,9,0,1,0,1,0,27,44,1,1,324.91883774255786,buyer,BUY-12836,frequent_canceller,0
0.7016274815326518,0.0,0.24130343426762632,0.29837251846734814,0.05,16,9,7,9,6,0,0,1,0,26,42,3,0,360.9457005984491,buyer,BUY-12837,poor_payment,0
0.6176978957376389,0.0,0.47223701811083946,0.382302104262361,0.2,9,7,2,7,2,2,0,2,1,21,32,1,1,331.3102440071296,buyer,BUY-12838,mixed,0
0.9898407407469311,0.0,1.0,0.01015925925306893,1.0,22,21,1,21,0,1,0,17,3,64,87,2,0,363.9859018351968,buyer,BUY-12839,reliable,1
0.8541366037604363,0.0,1.0,0.14586339623956357,0.2,5,4,1,4,0,1,0,2,1,13,19,0,0,306.97211399870366,buyer,BUY-12840,occasional_reliable,1
0.7945798658745336,0.5057524010382243,1.0,0.20542013412546645,0.65,31,25,6,25,0,8,5,11,1,76,110,2,0,349.6103934481829,buyer,BUY-12841,frequent_returner,0
0.4833400008049923,0.0,0.8764235014621214,0.5166599991950078,0.35,40,18,22,18,4,4,0,3,2,67,111,4,2,343.48710402956016,buyer,BUY-12842,frequent_canceller,0
0.6960333027222282,0.0,0.6159722258309721,0.3039666972777717,0.1,20,15,5,15,6,1,0,2,0,38,59,1,0,310.46606963971067,buyer,BUY-12843,poor_payment,0
0.7031302471009138,0.0,0.4794986767683899,0.29686975289908646,0.2,21,14,7,14,5,5,0,2,1,43,69,1,0,353.94821911627315,buyer,BUY-12844,mixed,0
1.0,0.0,1.0,0.0,1.0,47,47,0,47,0,0,0,33,1,128,175,8,0,346.798577466794,buyer,BUY-12845,reliable,1
0.8716092234200057,0.0,1.0,0.12839077657999431,0.15,5,4,1,4,0,0,0,3,0,12,17,0,0,248.56821182586805,buyer,BUY-12846,occasional_reliable,1
1.0,0.22623896789075548,0.9192343335260694,0.0,0.45,35,35,0,35,3,17,6,7,1,95,141,6,0,361.00024344343745,buyer,BUY-12847,frequent_returner,0
0.45710606213657384,0.0,0.7560215640518719,0.5428939378634262,0.0,38,16,22,16,3,1,0,0,0,55,94,1,1,344.77171038011574,buyer,BUY-12848,frequent_canceller,0
0.7070672991920595,0.0,0.5678803643583673,0.29293270080794065,0.05,16,12,4,12,4,1,0,1,0,30,47,3,1,359.1503245896875,buyer,BUY-12849,poor_payment,0
0.504611668812278,0.0,1.0,0.4953883311877221,0.2,12,6,6,6,0,1,0,2,1,22,35,1,0,364.5405165246991,buyer,BUY-12850,mixed,1
0.8548324196457144,0.0,1.0,0.14516758035428556,0.9,23,21,2,21,0,1,0,14,2,61,85,0,0,355.25469801961805,buyer,BUY-12851,reliable,1
0.8311288222632539,0.0,1.0,0.16887117773674631,0.2,11,10,1,10,0,0,0,4,0,25,36,1,0,354.0638538439699,buyer,BUY-12852,occasional_reliable,1
0.9561185327387204,0.19751589839258177,1.0,0.04388146726127973,0.45,39,36,3,36,0,11,1,9,0,95,144,4,0,364.263835521956,buyer,BUY-12853,frequent_returner,0
0.27649457478649697,0.0,0.7712005239528967,0.7235054252135031,0.0,20,7,13,7,1,0,0,0,0,27,47,1,1,363.4206756129167,buyer,BUY-12854,frequent_canceller,0
0.7814423492794869,0.0,0.5156008365212915,0.21855765072051314,0.1,29,25,4,25,10,3,0,2,0,59,91,4,2,320.3025104426273,buyer,BUY-12855,poor_payment,0
0.6253180618874996,0.0,0.6229354220085149,0.3746819381125004,0.6,26,16,10,16,6,2,0,10,1,55,83,3,1,363.9709145871065,buyer,BUY-12856,mixed,1
0.7903409674081072,0.0,1.0,0.209659032591893,0.7,25,22,3,22,0,2,0,10,2,61,88,1,1,343.0829400944676,buyer,BUY-12857,reliable,1
0.9275368139954158,0.0,0.9781539470139776,0.07246318600458423,0.15,15,13,2,13,1,0,0,3,0,31,46,2,0,289.9461761840625,buyer,BUY-12858,occasional_reliable,1
0.7251884661309924,0.0,0.9732612828370735,0.2748115338690076,0.25,28,22,6,22,1,7,0,5,0,62,97,2,1,359.34278331752313,buyer,BUY-12859,frequent_returner,0
0.5046438267756994,0.0,1.0,0.4953561732243006,0.1,24,11,13,11,0,2,0,2,0,39,65,6,2,307.53976315828703,buyer,BUY-12860,frequent_canceller,0
0.8373313079785728,0.0,0.43348047359832736,0.1626686920214272,0.25,22,20,2,20,11,1,0,3,1,47,70,2,0,364.2618348203588,buyer,BUY-12861,poor_payment,0
0.8172913640562904,0.0,0.2186802838223613,0.18270863594370956,0.15,8,6,2,6,4,2,0,1,1,18,28,2,0,351.53781591914355,buyer,BUY-12862,mixed,1
0.9518369306869104,0.0,0.9934416311204451,0.04816306931308978,1.0,60,58,2,58,1,3,0,35,2,158,221,4,0,362.6592006415162,buyer,BUY-12863,reliable,1
1.0,0.0,0.9475576930883566,0.0,0.15,14,14,0,14,1,3,0,3,0,34,51,0,0,362.70060677663196,buyer,BUY-12864,occasional_reliable,1
0.8996572655860489,0.0,1.0,0.10034273441395114,0.15,17,14,3,14,0,2,0,3,0,36,55,1,0,331.4445961308681,buyer,BUY-12865,frequent_returner,0
0.550782402074324,0.0,0.7371309060162217,0.44921759792567595,0.05,15,7,8,7,1,0,0,1,0,23,38,2,0,352.0495021337847,buyer,BUY-12866,frequent_canceller,0
0.8914939816979985,0.0,0.4246064971633311,0.10850601830200146,0.1,23,21,2,21,12,0,0,2,0,46,69,1,0,317.85164231386574,buyer,BUY-12867,poor_payment,0
0.644605414318004,0.0,0.7454444021274579,0.3553945856819961,0.25,31,22,9,22,3,4,0,5,0,62,97,2,1,358.20990697555555,buyer,BUY-12868,mixed,1
0.9778873721157373,0.0,1.0,0.022112627884262492,0.65,24,23,1,23,0,1,0,11,1,60,85,1,0,351.09515871672454,buyer,BUY-12869,reliable,1
0.9607233400345854,0.0,0.8717978920034637,0.03927665996541452,0.3,12,11,1,11,1,0,0,6,0,29,41,1,0,361.42319105427083,buyer,BUY-12870,occasional_reliable,1
0.9305701959903057,0.0,0.9513787564513078,0.06942980400969423,0.55,34,32,2,32,1,10,0,11,0,87,131,1,0,363.67635215730326,buyer,BUY-12871,frequent_returner,0
0.38333554445409984,0.0,0.8306825018060103,0.6166644555459002,0.1,24,11,13,11,1,0,0,2,0,37,61,3,3,347.51253536247685,buyer,BUY-12872,frequent_canceller,0
0.920463169562664,0.0,0.6429499906565094,0.07953683043733595,0.05,13,11,2,11,4,1,0,1,0,26,40,0,0,336.26045182971063,buyer,BUY-12873,poor_payment,0
0.7971353231787183,0.0,0.8302320742858486,0.20286467682128173,0.35,25,21,4,21,3,5,0,5,1,57,87,3,1,361.1760471858681,buyer,BUY-12874,mixed,0
0.9142464214564316,0.0,0.990358668690267,0.08575357854356835,1.0,31,29,2,29,1,1,0,17,2,80,112,0,0,349.88637305810187,buyer,BUY-12875,reliable,1
0.92134308004942,0.0,0.9273937650164947,0.07865691995058,0.1,8,7,1,7,1,0,0,2,0,17,25,0,0,296.1451191551389,buyer,BUY-12876,occasional_reliable,1
0.9755627823986786,0.22857997435713062,1.0,0.024437217601321448,0.25,22,20,2,20,0,6,1,5,0,53,80,1,0,364.60879461611114,buyer,BUY-12877,frequent_returner,0
0.5819331210416198,0.0,0.6951190813511751,0.41806687895838035,0.1,20,11,9,11,4,0,0,2,0,33,53,1,0,336.36786336819443,buyer,BUY-12878,frequent_canceller,0
0.7679610691963904,0.0,0.6208469182046802,0.2320389308036096,0.2,29,22,7,22,7,0,0,4,0,55,84,2,0,361.79534517091435,buyer,BUY-12879,poor_payment,0
0.594799150515579,0.0,0.900799561934809,0.40520084948442103,0.3,22,17,5,17,2,1,0,6,0,46,69,2,2,331.86539925300923,buyer,BUY-12880,mixed,1
0.9659760067073526,0.0,1.0,0.03402399329264738,1.0,35,32,3,32,0,2,0,16,2,87,124,3,0,357.4840585877083,buyer,BUY-12881,reliable,1
0.6125289772685163,0.0,1.0,0.3874710227314837,0.15,5,4,1,4,0,0,0,1,1,11,16,0,0,308.80906473979167,buyer,BUY-12882,occasional_reliable,1
0.8386153392457064,0.19815307182380582,1.0,0.16138466075429347,0.6,37,30,7,30,0,12,1,12,0,91,139,4,1,363.1712809119907,buyer,BUY-12883,frequent_returner,0
0.596490376116137,0.0,0.8989696253142967,0.4035096238838629,0.05,27,13,14,13,2,1,0,1,0,42,70,3,1,349.206043279294,buyer,BUY-12884,frequent_canceller,0
0.8012495605921142,0.0,0.4347946753958528,0.19875043940788584,0.15,26,19,7,19,11,4,0,1,1,51,81,3,0,338.26619960957174,buyer,BUY-12885,poor_payment,0
0.8741699991409901,0.0,0.6227863862614882,0.12583000085900975,0.3,20,16,4,16,7,2,0,4,1,43,65,1,0,363.77796427795136,buyer,BUY-12886,mixed,0
0.9942187420613263,0.0,1.0,0.0057812579386739005,1.0,38,37,1,37,0,0,0,23,1,99,137,2,0,363.76083580206017,buyer,BUY-12887,reliable,1
0.8444972821047656,0.0,0.877945243699148,0.1555027178952344,0.25,11,10,1,10,2,1,0,5,0,27,39,0,0,337.7931276289583,buyer,BUY-12888,occasional_reliable,1
0.9156785687591504,0.21095275515913303,0.9882581446856655,0.08432143124084956,0.4,31,29,2,29,1,14,4,8,0,82,123,3,0,361.1146276741667,buyer,BUY-12889,frequent_returner,0
0.4867837030745861,0.0,1.0,0.5132162969254138,0.0,20,8,12,8,0,0,0,0,0,28,48,2,1,315.8361997341551,buyer,BUY-12890,frequent_canceller,0
0.8891514371619486,0.0,0.5896015372733081,0.11084856283805145,0.15,27,23,4,23,6,0,0,3,0,53,80,4,0,363.91162090877316,buyer,BUY-12891,poor_payment,0
0.7035963665043897,0.0,0.9152652625518481,0.2964036334956103,0.2,31,21,10,21,2,3,0,4,0,59,93,1,0,359.279393292581,buyer,BUY-12892,mixed,1
0.9756995318801033,0.0,0.8737398754567189,0.024300468119896945,1.0,40,39,1,39,2,1,0,31,1,112,153,4,0,362.14605674511574,buyer,BUY-12893,reliable,1
1.0,0.0,1.0,0.0,0.3,8,8,0,8,0,2,0,4,1,23,33,1,0,341.4757913202083,buyer,BUY-12894,occasional_reliable,1
0.8929569302289426,0.31421770024325113,1.0,0.10704306977105749,0.15,17,15,2,15,0,7,2,3,0,42,64,1,0,328.9090594183796,buyer,BUY-12895,frequent_returner,0
0.30469488103114534,0.0,1.0,0.6953051189688546,0.05,35,10,25,10,0,1,0,1,0,47,83,3,2,352.21347255583333,buyer,BUY-12896,frequent_canceller,0
0.9508134016773463,0.2638003609138405,0.7701119535589651,0.049186598322653596,0.15,12,11,1,11,4,2,1,3,0,28,41,0,0,232.73773523152775,buyer,BUY-12897,poor_payment,0
0.7997392051816871,0.0,0.9028648314102856,0.20026079481831305,0.2,11,9,2,9,1,0,0,4,0,24,35,0,0,307.37366104750004,buyer,BUY-12898,mixed,0
0.8969112306445757,0.0,0.9612960642871108,0.10308876935542477,1.0,57,52,5,52,1,4,0,26,0,139,200,7,1,360.21852135809024,buyer,BUY-12899,reliable,1
0.9389269498124001,0.0,0.7912944568417588,0.0610730501875999,0.35,9,8,1,8,1,0,0,3,2,22,31,4,0,342.2211729981597,buyer,BUY-12900,occasional_reliable,1
0.8669991642411454,0.08442322688766624,0.8892650576969723,0.13300083575885457,0.7,25,23,2,23,1,9,1,14,0,71,104,6,1,363.5414380186806,buyer,BUY-12901,frequent_returner,0
0.3084271026208072,0.0,0.6028705549212374,0.6915728973791928,0.0,12,5,7,5,1,0,0,0,0,17,29,0,0,358.54412041822917,buyer,BUY-12902,frequent_canceller,0
0.8539651061031468,0.0,0.7140221893252392,0.1460348938968532,0.1,15,13,2,13,4,0,0,2,0,30,45,1,0,323.1685129441435,buyer,BUY-12903,poor_payment,0
0.6156281589051371,0.0,0.7144103996729554,0.3843718410948631,0.35,33,19,14,19,4,1,0,5,1,59,93,5,2,361.45643260010416,buyer,BUY-12904,mixed,1
0.9466725637945917,0.0,1.0,0.05332743620540792,1.0,55,51,4,51,0,1,0,30,0,137,193,4,0,352.6665470315509,buyer,BUY-12905,reliable,1
0.868542114679036,0.0,1.0,0.13145788532096392,0.4,12,11,1,11,0,0,0,6,1,30,42,0,0,346.80902385237266,buyer,BUY-12906,occasional_reliable,1
0.9257101329890185,0.04701244689405315,0.9462349416863634,0.0742898670109815,0.25,27,25,2,25,1,9,1,5,0,66,101,3,0,340.9470030593287,buyer,BUY-12907,frequent_returner,0
0.5457308638391374,0.0,0.9375125773220484,0.4542691361608625,0.05,38,22,16,22,3,2,0,1,0,63,103,2,1,355.02557063278937,buyer,BUY-12908,frequent_canceller,0
0.9689565392790808,0.0,0.38615433398243987,0.031043460720919236,0.05,14,13,1,13,8,1,0,1,0,29,44,1,0,359.2530665135417,buyer,BUY-12909,poor_payment,0
0.6347171362571026,0.0,0.77518264949224,0.3652828637428974,0.35,12,10,2,10,1,2,0,3,2,29,43,3,2,334.120738234919,buyer,BUY-12910,mixed,1
0.9452292042923185,0.0,0.9356969000210604,0.0547707957076814,1.0,38,35,3,35,2,0,0,22,1,96,134,0,0,361.2611906627199,buyer,BUY-12911,reliable,1
0.7607695610159487,0.0,0.9412743106167072,0.23923043898405116,0.15,10,7,3,7,1,0,0,3,0,20,30,1,0,303.22421085363425,buyer,BUY-12912,occasional_reliable,1
0.8391370249600363,0.0,0.9269336055958219,0.16086297503996394,0.1,27,23,4,23,2,9,0,2,0,61,97,2,1,355.17964231515043,buyer,BUY-12913,frequent_returner,0
0.3002917097838306,0.0,0.7009983250403818,0.6997082902161694,0.05,39,14,25,14,3,0,0,1,0,54,93,4,3,363.0460300080787,buyer,BUY-12914,frequent_canceller,0
0.8435889892138857,0.0,0.5943750120570768,0.15641101078611408,0.2,22,19,3,19,6,3,0,4,0,48,73,2,1,343.024575419375,buyer,BUY-12915,poor_payment,0
0.7798589845592169,0.0,0.853340148911323,0.22014101544078313,0.2,31,21,10,21,5,4,0,4,0,60,95,0,0,356.099817808125,buyer,BUY-12916,mixed,0
0.9347860259012212,0.0,1.0,0.06521397409877872,1.0,48,44,4,44,0,1,0,25,0,118,167,2,0,362.9509528974537,buyer,BUY-12917,reliable,1
0.43183225033920386,0.0,1.0,0.5681677496607962,0.25,13,8,5,8,0,2,0,5,0,28,43,0,0,358.9359079907176,buyer,BUY-12918,occasional_reliable,1
0.8578193715916796,0.20909572465957493,0.9008596317794325,0.14218062840832024,0.7,37,32,5,32,2,10,3,14,0,93,137,3,0,346.67571029894674,buyer,BUY-12919,frequent_returner,0
0.3566195260392642,0.0,1.0,0.6433804739607358,0.05,36,14,22,14,0,2,0,1,0,53,91,3,2,364.3776884883565,buyer,BUY-12920,frequent_canceller,0
0.7133373012315594,0.0,0.41180659146367954,0.28666269876844075,0.35,20,15,5,15,9,1,0,5,1,42,63,2,0,353.23124897425924,buyer,BUY-12921,poor_payment,0
0.5634785646249483,0.0,0.6582235377990843,0.4365214353750517,0.2,27,17,10,17,4,0,0,4,0,48,75,2,1,354.01240236333336,buyer,BUY-12922,mixed,0
0.9541141211057135,0.0,1.0,0.045885878894286525,1.0,28,26,2,26,0,0,0,12,4,70,98,4,0,362.1063617393403,buyer,BUY-12923,reliable,1
0.7602558388867646,0.0,1.0,0.23974416111323527,0.05,10,9,1,9,0,0,0,1,0,20,30,2,1,272.7688999451736,buyer,BUY-12924,occasional_reliable,1
0.9684909850954662,0.2968644882935688,0.9552341374090029,0.03150901490453406,0.45,26,25,1,25,1,10,3,9,0,70,103,0,0,353.4837292896875,buyer,BUY-12925,frequent_returner,0
0.3704093959437397,0.0,0.8194210480025662,0.6295906040562604,0.05,37,11,26,11,2,0,0,1,0,49,86,3,2,361.1916895791435,buyer,BUY-12926,frequent_canceller,0
0.6869770055337577,0.0,0.5020420380582321,0.3130229944662424,0.05,19,13,6,13,4,3,0,1,0,36,58,1,0,348.0000506666435,buyer,BUY-12927,poor_payment,0
0.7634312111486881,0.0,0.6389084613036843,0.23656878885131172,0.35,27,20,7,20,10,2,0,7,0,56,85,3,0,364.99181817650464,buyer,BUY-12928,mixed,1
0.9918859345824466,0.0,0.9361271016176891,0.00811406541755344,1.0,50,49,1,49,2,2,0,31,0,132,184,4,0,364.014493782581,buyer,BUY-12929,reliable,1
1.0,0.0,1.0,0.0,0.3,7,7,0,7,0,0,0,4,1,19,26,1,0,255.63159402409724,buyer,BUY-12930,occasional_reliable,1
0.7840363014537847,0.3357362910323596,0.901005225462618,0.21596369854621533,0.15,25,20,5,20,1,5,1,3,0,53,82,2,1,364.4767845354514,buyer,BUY-12931,frequent_returner,0
0.6361048456871702,0.0,1.0,0.3638951543128297,0.05,18,8,10,8,0,0,0,1,0,27,45,4,0,359.80363602740744,buyer,BUY-12932,frequent_canceller,0
0.6403719600530955,0.0,0.6393594676839899,0.3596280399469045,0.05,15,12,3,12,6,1,0,1,0,29,45,1,1,336.56369545439816,buyer,BUY-12933,poor_payment,0
0.5635659924687756,0.0,0.6543863403701942,0.4364340075312242,0.4,31,20,11,20,6,2,0,6,1,60,93,3,3,358.82806896474534,buyer,BUY-12934,mixed,0
0.9470818917399635,0.0,1.0,0.05291810826003629,1.0,48,44,4,44,0,3,0,28,1,124,175,7,0,356.78918230694444,buyer,BUY-12935,reliable,1
1.0,0.0,0.9661701264937561,0.0,0.35,9,9,0,9,1,1,0,5,1,25,35,1,0,353.3979033955093,buyer,BUY-12936,occasional_reliable,1
0.9497980047887745,0.20892920137449267,1.0,0.05020199521122537,0.55,22,21,1,21,0,4,1,11,0,58,83,1,0,337.9882452153588,buyer,BUY-12937,frequent_returner,0
0.5434215400522504,0.0,0.9576509569088256,0.4565784599477495,0.05,20,13,7,13,1,0,0,1,0,34,54,1,0,356.0549295825926,buyer,BUY-12938,frequent_canceller,0
0.7256423246599695,0.0,0.4208378767499149,0.2743576753400305,0.05,27,21,6,21,14,1,0,1,0,50,78,1,1,360.0724321271296,buyer,BUY-12939,poor_payment,0
0.6023457878999221,0.0,0.7617444873597639,0.3976542121000781,0.1,19,13,6,13,3,1,0,2,0,35,55,3,1,313.899524371088,buyer,BUY-12940,mixed,1
0.9528883109362939,0.0,1.0,0.04711168906370611,0.7,27,25,2,25,0,0,0,12,1,65,92,5,0,329.6266732288194,buyer,BUY-12941,reliable,1
0.8704979117352913,0.0,1.0,0.12950208826470855,0.2,11,10,1,10,0,0,0,4,0,25,36,1,0,352.48977488311345,buyer,BUY-12942,occasional_reliable,1
0.9364893656787477,0.1959602840747704,0.9545571261768796,0.06351063432125226,0.6,38,35,3,35,4,8,1,10,1,92,137,3,0,362.4504543308912,buyer,BUY-12943,frequent_returner,0
0.5170729350309144,0.0,1.0,0.48292706496908566,0.05,14,6,8,6,0,0,0,1,0,21,35,1,0,346.0380107116782,buyer,BUY-12944,frequent_canceller,0
0.7827109946509637,0.0,0.5598236173659579,0.21728900534903595,0.15,27,23,4,23,11,0,0,3,0,53,80,1,0,315.5198997772685,buyer,BUY-12945,poor_payment,0
0.6527666047753146,0.0,0.950653121780333,0.34723339522468544,0.3,17,10,7,10,2,1,0,6,0,34,52,1,0,355.03945182403936,buyer,BUY-12946,mixed,1
0.938508669731431,0.0,1.0,0.06149133026856923,1.0,44,40,4,40,0,2,0,21,0,107,153,1,0,364.7247086366435,buyer,BUY-12947,reliable,1
0.9757185055286224,0.0,1.0,0.024281494471377507,0.4,14,13,1,13,0,0,0,8,0,35,49,1,0,328.4124319741435,buyer,BUY-12948,occasional_reliable,1
0.9454658531118767,0.0,0.7855519215181856,0.0545341468881233,0.2,15,14,1,14,3,5,0,4,0,38,58,1,0,350.23569523215275,buyer,BUY-12949,frequent_returner,0
0.37298876009285004,0.0,0.7917689900341052,0.62701123990715,0.05,37,12,25,12,2,0,0,1,0,50,87,4,2,349.2347710555903,buyer,BUY-12950,frequent_canceller,0
0.6870833866108119,0.0,0.589837187466728,0.3129166133891882,0.05,20,14,6,14,6,1,0,1,0,36,57,1,0,335.1574323500926,buyer,BUY-12951,poor_payment,0
0.5509396165894362,0.0,0.7518004903708261,0.44906038341056376,0.15,14,10,4,10,2,3,0,3,0,30,47,0,0,358.9506602813426,buyer,BUY-12952,mixed,1
0.9353024334148209,0.0,1.0,0.06469756658517933,0.9,22,20,2,20,0,0,0,14,2,58,80,3,0,349.30802404574075,buyer,BUY-12953,reliable,1
0.9267224589872219,0.0,0.9795834484962408,0.07327754101277806,0.1,10,9,1,9,1,0,0,2,0,21,31,2,0,317.82909352554395,buyer,BUY-12954,occasional_reliable,1
0.842824087956535,0.2342552700891275,1.0,0.15717591204346526,0.35,25,22,3,22,0,6,1,7,0,60,90,2,1,358.6801707675116,buyer,BUY-12955,frequent_returner,0
0.315305933030748,0.0,1.0,0.6846940669692518,0.05,19,5,14,5,0,0,0,1,0,25,44,2,1,311.2595983374537,buyer,BUY-12956,frequent_canceller,0
0.6619385236005897,0.0,0.8222720541481301,0.3380614763994103,0.15,21,14,7,14,4,0,0,3,0,38,59,2,1,352.4729974229167,buyer,BUY-12957,poor_payment,0
0.6944198852829362,0.0,0.9253064961067989,0.3055801147170637,0.05,9,5,4,5,1,1,0,1,0,16,26,0,0,334.36420100033564,buyer,BUY-12958,mixed,0
0.8723498213948166,0.0,1.0,0.12765017860518335,0.8,20,18,2,18,0,0,0,10,3,51,71,2,0,334.21246748825234,buyer,BUY-12959,reliable,1
0.7329888520609923,0.0,1.0,0.2670111479390077,0.2,14,12,2,12,0,0,0,4,0,30,44,1,1,337.83813194623843,buyer,BUY-12960,occasional_reliable,1
0.7787123050678755,0.09514429029189686,0.9898731542851621,0.22128769493212452,0.35,27,23,4,23,1,10,2,7,0,67,102,2,1,359.6467736477083,buyer,BUY-12961,frequent_returner,0
0.5365693019719694,0.0,0.963829503079635,0.4634306980280307,0.0,19,11,8,11,1,0,0,0,0,30,49,1,1,362.5743305697338,buyer,BUY-12962,frequent_canceller,0
0.9432604361552511,0.6864665488256603,0.7215845117862201,0.056739563844748875,0.0,18,16,2,16,6,3,1,0,0,37,57,1,0,364.7237402646991,buyer,BUY-12963,poor_payment,0
0.8463842366835798,0.0,0.9037644024568386,0.15361576331642024,0.2,21,16,5,16,2,3,0,2,1,43,67,1,0,352.4502488284144,buyer,BUY-12964,mixed,0
0.9740422656841519,0.0,1.0,0.025957734315848136,1.0,40,38,2,38,0,2,0,21,0,101,143,1,0,351.34252165822915,buyer,BUY-12965,reliable,1
1.0,0.0,1.0,0.0,0.35,7,7,0,7,0,1,0,5,1,21,29,0,0,328.64106787071756,buyer,BUY-12966,occasional_reliable,1
0.9259710293097794,0.10296253800626864,0.9282655674361091,0.07402897069022063,0.2,16,14,2,14,1,5,1,4,0,39,59,0,0,356.2605035682408,buyer,BUY-12967,frequent_returner,0
0.33968502015499413,0.0,0.729867078239132,0.660314979845006,0.0,36,14,22,14,5,2,0,0,0,52,90,6,5,351.86356672511573,buyer,BUY-12968,frequent_canceller,0
0.7566250640281595,0.0,0.7533753151546606,0.24337493597184034,0.0,26,19,7,19,10,4,0,0,0,49,79,4,1,356.615054683125,buyer,BUY-12969,poor_payment,0
0.6651167447601581,0.0,0.5686410547232751,0.33488325523984175,0.3,15,11,4,11,3,4,0,4,1,35,54,0,0,352.0422447678819,buyer,BUY-12970,mixed,1
0.8746405916658884,0.0,0.9510258118639001,0.12535940833411174,1.0,32,28,4,28,1,2,0,18,1,81,115,1,0,343.65296316666667,buyer,BUY-12971,reliable,1
0.8847222822457323,0.0,1.0,0.11527771775426765,0.25,5,4,1,4,0,0,0,3,1,13,18,0,0,323.9897691890856,buyer,BUY-12972,occasional_reliable,1
1.0,0.0,0.8874981807594745,0.0,0.2,20,20,0,20,1,6,0,4,0,50,76,1,0,357.0463781508449,buyer,BUY-12973,frequent_returner,0
0.6323632730372108,0.0,0.9741341909238942,0.36763672696278893,0.2,18,10,8,10,1,0,0,2,1,31,49,3,1,358.22052161715277,buyer,BUY-12974,frequent_canceller,0
0.7377940492215068,0.0,0.5974085740806644,0.2622059507784932,0.0,20,16,4,16,6,3,0,0,0,39,62,0,0,360.48281563050926,buyer,BUY-12975,poor_payment,0
0.6579442123520762,0.2860306282079432,0.592566765772998,0.3420557876479239,0.15,31,21,10,21,6,2,1,3,0,57,89,2,1,348.3185991911111,buyer,BUY-12976,mixed,0
0.9070952972820452,0.0,1.0,0.09290470271795492,1.0,46,43,3,43,0,0,0,22,1,112,158,2,0,364.03030767130787,buyer,BUY-12977,reliable,1
0.938097567948162,0.0,1.0,0.061902432051837986,0.15,15,14,1,14,0,0,0,3,0,32,47,0,0,356.48292742667826,buyer,BUY-12978,occasional_reliable,1
0.9475922184638644,0.253413891805085,0.8871890689723863,0.05240778153613557,0.35,25,22,3,22,2,12,3,7,0,66,100,2,0,360.85289798300926,buyer,BUY-12979,frequent_returner,0
0.1668551151683686,0.0,1.0,0.8331448848316314,0.05,10,3,7,3,0,1,0,1,0,15,26,2,2,324.5899216279167,buyer,BUY-12980,frequent_canceller,0
0.7817166658347011,0.0,0.6791093828051731,0.21828333416529888,0.0,26,21,5,21,10,1,0,0,0,48,75,0,0,351.61667954274304,buyer,BUY-12981,poor_payment,0
0.8213403192229705,0.0,0.7313341766983809,0.17865968077702976,0.15,25,17,8,17,4,1,0,3,0,46,72,2,0,363.0608921065278,buyer,BUY-12982,mixed,1
0.9881508318911969,0.0,0.9850195264098364,0.011849168108803099,1.0,34,33,1,33,1,3,0,22,2,94,131,2,0,347.6196410662037,buyer,BUY-12983,reliable,1
1.0,0.0,1.0,0.0,0.2,15,15,0,15,0,0,0,4,0,34,49,0,0,297.5933486695949,buyer,BUY-12984,occasional_reliable,1
0.9370076572016381,0.283909207796471,0.9146450641668196,0.06299234279836186,0.35,23,21,2,21,2,4,2,7,0,55,80,3,0,362.8197757009375,buyer,BUY-12985,frequent_returner,0
0.4554347535971886,0.0,0.6815269572969248,0.5445652464028112,0.15,33,12,21,12,3,0,0,1,1,47,80,4,2,351.8960496650926,buyer,BUY-12986,frequent_canceller,0
0.7573983573759024,0.0,0.6976751362143511,0.24260164262409756,0.1,10,7,3,7,3,1,0,2,0,20,31,1,0,330.702926328831,buyer,BUY-12987,poor_payment,0
0.7953630180663048,0.0,0.6447828764164455,0.20463698193369506,0.35,18,13,5,13,3,2,0,7,0,40,60,1,0,335.79606032327547,buyer,BUY-12988,mixed,0
1.0,0.0,1.0,0.0,0.75,24,24,0,24,0,2,0,13,1,64,90,1,0,364.995015627419,buyer,BUY-12989,reliable,1
1.0,0.0,0.6794712435428585,0.0,0.1,5,5,0,5,1,0,0,2,0,12,17,0,0,328.32631577831023,buyer,BUY-12990,occasional_reliable,1
0.9877782605518917,0.2825981132777977,0.9388681420391194,0.012221739448108337,0.65,23,22,1,22,1,7,3,11,1,64,91,1,0,351.1730769991667,buyer,BUY-12991,frequent_returner,0
0.321988897152505,0.0,0.730279733521145,0.6780111028474951,0.05,38,12,26,12,2,0,0,1,0,51,89,4,2,361.61924064859954,buyer,BUY-12992,frequent_canceller,0
0.8824947196535236,0.0,0.4607116685190683,0.11750528034647645,0.1,13,11,2,11,6,1,0,0,1,26,40,1,0,358.5723706870486,buyer,BUY-12993,poor_payment,0
0.6955813829733142,0.0,0.7734974701889944,0.3044186170266858,0.2,32,21,11,21,4,3,0,4,0,60,95,5,2,344.6854932094792,buyer,BUY-12994,mixed,0
0.90484254722142,0.0,1.0,0.09515745277857979,1.0,36,35,1,35,0,1,0,22,1,95,132,1,1,354.491086158831,buyer,BUY-12995,reliable,1
0.9296306671275303,0.0,1.0,0.07036933287246983,0.05,6,5,1,5,0,1,0,1,0,13,20,0,0,293.42003782267363,buyer,BUY-12996,occasional_reliable,1
0.9382210768334255,0.0,0.9678483431107929,0.061778923166574407,0.25,27,26,1,26,1,9,0,5,0,67,103,3,0,360.94272828298614,buyer,BUY-12997,frequent_returner,0
0.3406586427108703,0.0,0.973322928064916,0.6593413572891298,0.1,20,7,13,7,1,1,0,2,0,30,51,2,1,361.2728679814699,buyer,BUY-12998,frequent_canceller,0
0.8209342089983841,0.0,0.6351301654771726,0.1790657910016159,0.2,29,23,6,23,10,2,0,4,0,58,89,1,0,361.6457840989815,buyer,BUY-12999,poor_payment,0
0.8382706040508461,0.5174015711630244,0.8704570067396568,0.16172939594915392,0.45,33,25,8,25,5,6,2,9,0,73,110,1,0,356.1723340368171,buyer,BUY-13000,mixed,0
