decayed_fulfillment_rate,decayed_late_delivery_rate,avg_rating_decayed,decayed_resolution_rate,platform_reliability,total_fulfilled,total_cancelled_seller,total_delivered,total_late,total_reviews_received,total_returns_received,total_resolved,total_products_listed,meaningful_event_count,total_event_count,recent_deliveries_30d,recent_late_30d,account_age_days,role,user_id,profile,label
0.9411481827594884,0.019865403068387688,4.7309699349927055,1.0,1.0,93,5,91,2,36,16,16,20,243,468,7,0,362.2843614406366,seller,SEL-20001,excellent,1
0.9283503029478198,0.09835609946528101,4.262271096663155,0.5,1.0,31,2,28,3,15,0,0,14,79,154,3,0,391.73105611033566,seller,SEL-20002,reliable,1
0.9330635080633225,0.44735482385868885,3.4330028539769346,1.0,0.4,30,3,16,14,10,2,2,4,75,130,2,2,365.7048495063426,seller,SEL-20003,slow,0
0.2780915928952364,0.1474396329648302,3.16185483761081,1.0,0.5,17,31,14,3,10,1,1,5,76,144,1,0,359.7567398689352,seller,SEL-20004,high_cancellation,0
0.8587567348078814,0.141032206582124,3.0643837660783544,0.0,0.9,15,3,12,3,4,1,0,9,38,77,0,0,358.4976541581366,seller,SEL-20005,poor_return_handling,0
0.5622950824264451,0.8019631556392212,3.2668531688547264,0.5,0.8,6,4,2,4,2,0,0,8,18,38,0,0,379.92427786375,seller,SEL-20006,mixed,0
0.9954459472920557,0.04260295767820532,4.729863067288609,0.8637888580353399,1.0,103,1,100,3,46,12,11,12,265,492,15,1,399.85100761918983,seller,SEL-20007,excellent,1
1.0,0.18840702233670337,4.237094684635527,0.7358102465234955,0.6,31,0,26,5,15,6,4,6,83,150,2,0,357.3175019882986,seller,SEL-20008,reliable,1
1.0,0.6851396003358743,3.6357821441551823,0.9377187499458656,0.8,32,0,15,17,12,6,5,8,82,142,0,1,386.38609092971063,seller,SEL-20009,slow,0
0.5235314960905189,0.15807750254879627,3.151510685851396,0.6602374640289405,0.4,25,28,21,4,6,4,3,4,88,169,0,0,362.37510990806715,seller,SEL-20010,high_cancellation,0
0.8958970624927967,0.15732690373026392,2.7981207946236935,0.0,1.0,40,8,32,8,14,4,0,12,106,198,6,0,366.1101480261921,seller,SEL-20011,poor_return_handling,0
0.7743266850994533,0.4380495001296293,3.127024921749512,0.16602412018513685,0.7,25,7,16,9,10,5,2,7,72,129,1,1,363.95949530611114,seller,SEL-20012,mixed,0
0.9937420240979438,0.007195556713322837,4.75711010927321,1.0,0.8,40,1,39,1,8,4,4,8,93,185,2,0,348.14456753767365,seller,SEL-20013,excellent,1
0.954607494632204,0.18541832233257072,4.223243375399612,0.7183116022136368,0.8,76,4,62,14,33,16,12,8,205,367,8,3,395.00188204868056,seller,SEL-20014,reliable,1
0.9685933710801068,0.6719822620075211,3.5701489585476627,1.0,0.4,22,1,8,14,8,3,3,4,56,94,0,1,357.36473908630785,seller,SEL-20015,slow,0
0.4704561481316916,0.20219827783890343,3.011515921329821,0.6956637849534054,0.2,14,15,12,2,6,3,2,2,52,97,2,0,355.5940214457639,seller,SEL-20016,high_cancellation,0
0.8462337331191152,0.219682482759762,2.825286339828893,0.23418345287046582,0.8,32,4,25,7,10,5,2,8,83,154,3,0,364.09657799358797,seller,SEL-20017,poor_return_handling,0
0.6290832205247318,0.4213103669225494,3.3377389576022947,1.0,0.8,12,6,8,4,3,1,1,8,34,69,0,0,381.41544517488427,seller,SEL-20018,mixed,1
0.9582189300473091,0.08372600653874018,4.708121534765262,0.7557441917482316,1.0,75,2,69,6,38,8,6,11,198,361,4,0,359.22178615275465,seller,SEL-20019,excellent,1
0.8342678433807592,0.16468111284417575,4.206517814869219,0.6519006349085525,0.7,34,5,30,4,16,3,2,7,92,170,1,1,358.02330364714123,seller,SEL-20020,reliable,1
0.7235556111302633,0.37820508048871726,3.3507455779986373,1.0,0.9,24,10,13,11,9,4,4,9,71,131,2,1,360.7135127985532,seller,SEL-20021,slow,0
0.43332094351508404,0.22322451754287542,3.030274658918145,1.0,0.6,19,36,13,6,8,3,3,6,85,162,3,0,392.3790135116551,seller,SEL-20022,high_cancellation,0
0.9039855903540571,0.2878872796304148,2.8859802436590147,0.24000721912705408,0.8,39,4,32,7,12,4,2,8,98,183,1,3,397.45092014914354,seller,SEL-20023,poor_return_handling,0
0.7184208403082665,0.15353232101967407,3.3530160534337754,1.0,0.9,17,8,14,3,4,1,1,9,47,96,1,0,363.932381958125,seller,SEL-20024,mixed,0
1.0,0.06268679556941492,4.701117358308793,0.9454299552742063,1.0,86,0,82,4,30,11,10,17,213,408,7,0,362.8613402733102,seller,SEL-20025,excellent,1
0.8853702664476731,0.11988548673470578,4.244654549630732,1.0,0.5,56,7,50,6,20,3,3,5,142,263,2,0,398.3440639311111,seller,SEL-20026,reliable,1
0.9790273693795278,0.46045188284790206,3.4815659040478653,0.951073422375217,0.6,41,4,24,17,13,6,5,6,105,185,3,3,370.772307834757,seller,SEL-20027,slow,0
0.5350124593194767,0.38462566965425127,2.9684503098409523,0.0,0.5,25,23,17,8,10,5,0,5,88,158,2,3,372.0218441476736,seller,SEL-20028,high_cancellation,0
0.6910255597826752,0.15877477379075777,2.780275793335102,0.0,0.4,17,6,14,3,9,2,0,4,51,92,0,0,361.8848535911921,seller,SEL-20029,poor_return_handling,0
0.7837796161593736,0.5823707513560619,3.3200444372770583,0.359804514378818,0.8,21,5,9,12,11,3,1,8,61,105,1,1,362.2160723074421,seller,SEL-20030,mixed,1
0.9687287276618567,0.024541485374342864,4.730164762120197,0.9486612619894086,1.0,116,4,114,2,50,16,15,13,302,564,14,1,386.83201836984955,seller,SEL-20031,excellent,1
0.9143415240237257,0.12356952227811568,4.334020303844045,0.6710300882111567,1.0,57,7,47,10,26,5,4,14,152,281,6,0,399.2657506793172,seller,SEL-20032,reliable,1
0.9673661497293135,0.5608919547089837,3.6143636545156124,0.7727460910119944,0.4,29,1,13,16,10,6,5,4,75,127,2,1,354.0746369898495,seller,SEL-20033,slow,0
0.42441896491012876,0.4520792868493485,2.9451302710584852,1.0,0.7,18,27,11,7,8,3,3,7,74,140,1,2,356.6696993278588,seller,SEL-20034,high_cancellation,0
0.7575763674267877,0.1681706022587548,2.5672464784690576,0.5327275630296983,0.6,28,9,22,6,11,6,3,6,82,150,2,0,396.6716611681944,seller,SEL-20035,poor_return_handling,0
0.7145668540742511,0.31436441320917397,3.632640256405171,0.0,0.6,19,9,15,4,4,3,0,6,54,103,1,1,355.71212084677086,seller,SEL-20036,mixed,1
0.9496897239090537,0.03561995063611534,4.767684429626805,1.0,1.0,92,2,89,3,43,5,5,12,234,434,7,1,396.1348145383681,seller,SEL-20037,excellent,1
0.9191294461382136,0.2041748608432853,4.205073853282327,0.8885092400366602,0.8,70,8,56,14,24,14,13,8,186,341,7,2,393.8538474378704,seller,SEL-20038,reliable,1
0.9280454783962003,0.42652691778326235,3.6049983155695733,1.0,0.7,24,3,11,13,9,3,3,7,63,111,2,1,363.99240914695605,seller,SEL-20039,slow,0
0.4115698404655779,0.14867542375521958,3.2464052854586796,0.0,0.4,14,28,13,1,6,3,0,4,65,124,1,0,360.3296142466088,seller,SEL-20040,high_cancellation,0
0.8233912852163648,0.1815659226357752,2.768074554738365,0.30861680248459206,0.8,27,5,22,5,9,2,1,8,70,133,4,0,358.0781148153009,seller,SEL-20041,poor_return_handling,0
0.7097337068652793,0.602713229559615,3.413009140784748,0.7838383024398404,0.9,17,6,10,7,9,3,2,9,52,96,0,2,393.4230216131713,seller,SEL-20042,mixed,1
0.9548107609108316,0.07340549765309057,4.7682753839171905,0.5056073435584251,1.0,67,2,64,3,24,6,4,15,166,318,6,1,364.7701635647801,seller,SEL-20043,excellent,1
0.960900362252247,0.12404706310570957,4.324130066902246,0.9039236596592937,1.0,60,4,49,11,24,10,8,10,158,289,7,0,376.0595734723727,seller,SEL-20044,reliable,1
0.9764352978559565,0.5228075891208059,3.3968336871798033,0.6477780886481185,0.5,48,2,28,20,23,9,7,5,130,220,0,4,397.2744299002083,seller,SEL-20045,slow,0
0.3443250709982929,0.09421153463395993,2.802670180393338,0.518092276187124,0.2,8,14,6,2,2,2,1,2,34,65,1,0,341.3132431332523,seller,SEL-20046,high_cancellation,0
0.8739517344557138,0.06693233734586279,2.869234164773676,0.22860554871331226,1.0,39,8,33,6,12,4,1,12,102,195,4,0,398.26500320843746,seller,SEL-20047,poor_return_handling,0
0.8116190571899101,0.346183940271965,3.4616592882431276,0.8818492186053352,0.6,26,6,18,8,7,4,3,6,69,128,2,3,397.3301758996875,seller,SEL-20048,mixed,1
1.0,0.03312899092403254,4.722713321792716,1.0,1.0,63,0,61,2,20,9,9,17,155,305,4,0,359.75137763582177,seller,SEL-20049,excellent,1
1.0,0.14335359532043712,4.131103641337832,0.6906253469234616,0.9,36,0,32,4,12,8,6,9,92,175,1,1,344.94578066063656,seller,SEL-20050,reliable,1
0.9398554132890367,0.4493971602291039,3.463395696920416,0.8607730997005357,0.3,39,4,21,18,15,5,4,3,102,173,2,0,395.9272731594676,seller,SEL-20051,slow,0
0.4380251319682599,0.17563029599170887,2.802024439163999,1.0,0.7,14,30,12,2,7,2,2,7,67,132,1,0,388.6769734356597,seller,SEL-20052,high_cancellation,0
0.7695276006539435,0.1394470253331921,2.4929914299019615,0.5056198541876596,0.9,25,5,23,2,8,2,1,9,65,128,2,1,397.54531449565974,seller,SEL-20053,poor_return_handling,0
0.4905021704880901,0.40204002877521317,3.308091239853031,0.5067670220977933,0.4,11,5,7,4,5,2,1,4,34,62,0,0,350.20803239571757,seller,SEL-20054,mixed,0
0.9889084355901677,0.01225161880509762,4.687965191083537,1.0,1.0,51,1,50,1,13,2,2,10,118,232,6,0,367.1843579404051,seller,SEL-20055,excellent,1
0.8863258244709719,0.12682002243517743,4.1590169070600185,1.0,0.7,41,4,37,4,14,6,6,7,106,201,4,1,373.59834098746524,seller,SEL-20056,reliable,1
0.8586833885972923,0.5669692235118822,3.818175333682161,0.9415321362707608,0.8,20,3,10,10,2,5,4,8,50,95,2,2,332.06252147152776,seller,SEL-20057,slow,0
0.42090283116028515,0.16155852088526002,3.0310443351724903,0.5,0.8,16,16,14,2,8,0,0,8,56,110,2,1,364.41573635640043,seller,SEL-20058,high_cancellation,0
0.7829837506415607,0.11140817586101437,2.8193718515971153,0.0,0.7,38,10,31,7,20,5,0,7,111,197,3,0,364.3226618267014,seller,SEL-20059,poor_return_handling,0
0.8335870032589678,0.3248965281386904,3.5979910144063707,1.0,0.8,24,4,16,8,14,1,1,8,67,120,2,0,380.5189362073843,seller,SEL-20060,mixed,0
0.9790321046320392,0.06881452769661278,4.753765372550965,1.0,1.0,109,2,102,7,40,17,17,20,277,527,9,1,371.2991021013889,seller,SEL-20061,excellent,1
0.8806515692857106,0.05754125189519044,4.0917313695345605,0.703660315450948,1.0,43,7,40,3,20,4,3,15,117,225,10,1,392.74106875949076,seller,SEL-20062,reliable,1
0.9064688461318278,0.5098180295246455,3.4525181349398664,0.8034443909651986,0.9,36,3,18,18,11,7,6,9,93,165,1,2,395.7946145804861,seller,SEL-20063,slow,0
0.45227190045982535,0.4253300522060214,3.171753062264132,1.0,0.4,10,11,7,3,5,2,2,4,38,72,0,1,379.87088160054395,seller,SEL-20064,high_cancellation,0
0.8935517483451425,0.20584851476166965,2.6360271640098065,0.0,1.0,29,2,20,9,17,4,0,12,81,144,3,0,386.7368660099537,seller,SEL-20065,poor_return_handling,0
0.8347068949093249,0.24724794927971716,3.3969494059746013,0.26434700306375036,1.0,27,7,20,7,11,3,1,10,75,140,3,0,395.81681927603006,seller,SEL-20066,mixed,0
0.9683805319608155,0.043826362434363886,4.78138746691165,0.8734384792172372,1.0,105,4,101,4,50,13,12,17,277,516,15,1,376.37263879123844,seller,SEL-20067,excellent,1
0.9006882697096138,0.13565112175692906,4.221243031835462,0.49700387518866257,1.0,33,3,28,5,10,4,2,15,83,164,5,1,391.10312640298616,seller,SEL-20068,reliable,1
0.9548650484459914,0.6564227524860603,3.447503712218463,0.7750096515703637,0.5,37,3,16,21,14,6,5,5,97,163,1,3,357.6991018708334,seller,SEL-20069,slow,0
0.40767867625773435,0.16857025815289295,2.8078911092258285,1.0,0.3,20,34,15,5,6,2,2,3,82,156,4,0,399.47607966,seller,SEL-20070,high_cancellation,0
0.7345332376743493,0.0,2.663183365867738,0.0,0.7,15,4,15,0,7,1,0,7,42,83,1,0,387.8592797907292,seller,SEL-20071,poor_return_handling,0
0.8486430939580335,0.44325023625119864,3.328982084130895,1.0,0.5,26,4,13,13,12,2,2,5,70,120,1,0,362.14341342511574,seller,SEL-20072,mixed,0
0.9977850345768022,0.026880529888085647,4.750597651965663,0.9910989827332725,0.8,107,1,105,2,45,19,18,8,279,518,8,0,399.53024663975697,seller,SEL-20073,excellent,1
0.8365088208924167,0.13960207195022545,4.263033397994615,0.9656577641034728,1.0,56,12,50,6,19,9,8,12,152,290,3,0,354.6616824337963,seller,SEL-20074,reliable,1
0.8905742376841106,0.5377062483399201,3.3928080317648384,0.7878250909609561,1.0,31,3,17,14,13,7,6,10,85,152,1,0,359.60600753766204,seller,SEL-20075,slow,0
0.43234186679910347,0.1524635130818175,3.201815417337001,0.5,0.5,21,16,19,2,6,0,0,5,64,125,2,1,375.465595276875,seller,SEL-20076,high_cancellation,0
0.9759047650378698,0.1598274422444712,2.8950525194695453,0.21302437163672883,0.6,34,2,27,7,14,6,1,6,90,160,3,0,358.14541016241895,seller,SEL-20077,poor_return_handling,0
0.6345472202772967,0.31437079322943773,3.466587996702672,1.0,0.8,18,11,12,6,9,1,1,8,57,107,1,0,340.01776322456016,seller,SEL-20078,mixed,0
0.9897526504047601,0.014168577973182939,4.726943499239438,0.9786616691689859,1.0,105,1,102,3,42,10,9,11,263,491,13,0,388.8922635951852,seller,SEL-20079,excellent,1
0.9667494340638388,0.08426964941686277,4.331499460210615,1.0,0.7,58,4,54,4,24,3,3,7,147,273,7,0,359.92908927291666,seller,SEL-20080,reliable,1
0.8978420599351012,0.6447485304969741,3.568365117432112,0.7181980298073488,0.7,19,2,9,10,8,3,2,7,51,90,0,1,345.128782844213,seller,SEL-20081,slow,0
0.43826398233595665,0.19460782869013837,3.2011818032319113,0.0,0.4,16,22,14,2,5,3,0,4,62,118,2,1,358.83461121342594,seller,SEL-20082,high_cancellation,0
0.919487619143082,0.2155046799779493,2.5390122936861594,0.0,1.0,33,2,25,8,15,4,0,10,87,157,3,0,392.39719814024306,seller,SEL-20083,poor_return_handling,0
0.8521759288015787,0.3688799410711222,3.491233958812649,0.513201875789864,0.6,21,2,12,9,8,2,1,6,54,96,1,1,369.7801532771181,seller,SEL-20084,mixed,1
0.9800564824752385,0.03328622385291802,4.742506941122916,0.7663809713689294,0.8,108,2,103,5,40,16,14,8,274,509,10,0,377.3626221903009,seller,SEL-20085,excellent,1
0.7983405148537956,0.04555879540624319,4.2863265005725335,1.0,0.6,30,5,27,3,12,4,4,6,81,153,1,0,379.7563987964468,seller,SEL-20086,reliable,1
0.9413910502622022,0.5713615359814148,3.4403923549904474,1.0,0.4,36,4,14,22,16,1,1,4,93,152,3,1,351.92255774940975,seller,SEL-20087,slow,0
0.3481132110991729,0.34207355675731876,2.8678564245264506,0.5186444232024654,0.7,18,29,12,6,6,2,1,7,73,140,1,1,393.4194828338194,seller,SEL-20088,high_cancellation,0
0.8758508072291372,0.2758767703111601,2.451459890299274,0.0,0.4,44,6,35,9,15,3,0,4,112,201,4,3,367.1652546676852,seller,SEL-20089,poor_return_handling,0
0.7200036069343374,0.43423550389712817,3.3238693490742963,1.0,0.7,27,8,16,11,6,3,3,7,71,132,1,2,353.44199219086806,seller,SEL-20090,mixed,0
0.9634559795808878,0.009978279205009488,4.724139763454531,1.0,0.9,97,4,96,1,36,12,12,9,246,464,10,0,377.85619835784723,seller,SEL-20091,excellent,1
0.8892399424599173,0.2034863330248886,4.207822850525581,1.0,1.0,29,3,24,5,12,2,2,10,75,143,1,1,378.41287752238424,seller,SEL-20092,reliable,1
0.9287502889863987,0.6873789576848908,3.5725029523299567,0.0,0.8,22,3,8,14,9,1,0,8,57,98,1,4,351.8839690389005,seller,SEL-20093,slow,0
0.3733212051939246,0.39508917671027555,3.014483798147604,1.0,0.5,21,38,14,7,7,2,2,5,89,169,2,2,363.59318433405093,seller,SEL-20094,high_cancellation,0
0.8514377203341794,0.037759409177778425,2.9394966271652327,0.03916127674985172,1.0,30,5,27,3,12,6,1,11,83,157,4,0,345.852262946169,seller,SEL-20095,poor_return_handling,0
0.7849095479116726,0.4171192367181572,3.399211619099207,0.0,0.5,13,4,6,7,8,2,0,5,40,68,1,0,383.4125768716435,seller,SEL-20096,mixed,1
1.0,0.045412695649793666,4.752556770688327,0.7129898550697622,1.0,66,0,63,3,26,3,2,12,161,304,7,0,365.4625179961343,seller,SEL-20097,excellent,1
0.9383136666448347,0.15420139228663632,4.254500109819104,1.0,1.0,50,7,42,8,20,4,4,14,131,248,5,0,366.0657792555555,seller,SEL-20098,reliable,1
0.9708762324338532,0.268028979510179,3.4115241106199896,0.3446724337829458,0.6,43,3,26,17,23,7,2,6,119,199,4,0,396.9913484882755,seller,SEL-20099,slow,0
0.09012196925117436,0.5698830707661169,3.1138063359224493,0.0,0.8,5,18,2,3,2,1,0,8,31,64,0,0,369.3948197287153,seller,SEL-20100,high_cancellation,0
0.8643877706051409,0.12716822920072435,2.631490947914922,0.20189482104407536,1.0,36,4,30,6,16,9,2,11,101,184,3,0,373.16869577795137,seller,SEL-20101,poor_return_handling,0
0.6979640445262097,0.4297232938915666,3.474266291992329,1.0,0.9,28,12,17,11,14,2,2,9,84,152,0,0,393.43888549636574,seller,SEL-20102,mixed,0
0.9908593230352137,0.018037238095777397,4.732313567923128,0.9393012849065409,1.0,110,2,107,3,40,17,16,15,279,529,5,0,379.1186848779977,seller,SEL-20103,excellent,1
0.9177321296427899,0.02855077792909355,4.176018768486407,0.0,1.0,22,2,21,1,9,1,0,15,56,116,3,0,365.050477080162,seller,SEL-20104,reliable,1
0.8441538068803005,0.4988132584778324,3.63569926669846,0.8680014032762599,0.5,39,6,19,20,17,3,2,5,104,175,2,2,336.75084596578705,seller,SEL-20105,slow,0
0.5083389118497778,0.026964930385431907,3.269413598918745,0.26528362206900546,0.3,9,15,8,1,5,3,1,3,41,77,0,0,390.2454629859375,seller,SEL-20106,high_cancellation,0
0.8473386001782891,0.23869885248867684,2.5453436665813465,0.0,0.4,30,4,21,9,16,7,0,4,87,146,0,0,360.0216802582292,seller,SEL-20107,poor_return_handling,0
0.7623827627630804,0.35514579770907917,3.5062322109014086,0.0,0.2,26,6,16,10,8,1,0,2,67,117,1,0,387.6124814986343,seller,SEL-20108,mixed,0
0.9757567298938011,0.07139313256446578,4.76253264905539,1.0,1.0,115,2,109,6,55,15,15,17,302,560,10,1,362.7604487551505,seller,SEL-20109,excellent,1
0.9172288666210234,0.06456786826520333,4.301901010810232,0.764601866930636,1.0,50,5,45,5,13,8,6,11,126,243,3,0,376.96432139166666,seller,SEL-20110,reliable,1
0.9689556912287639,0.5826518383138418,3.5978530101862978,1.0,0.3,41,2,15,26,11,3,3,3,98,162,2,2,360.31904535900463,seller,SEL-20111,slow,0
0.22418851583400215,0.03344378422627603,3.0895788031961233,0.5,0.2,8,20,7,1,3,0,0,2,39,76,1,0,382.7230606086111,seller,SEL-20112,high_cancellation,0
0.8964989382887868,0.11139676841426693,2.678098527679961,0.1203493717058136,1.0,35,5,30,5,17,3,1,12,95,178,5,0,395.7241201110996,seller,SEL-20113,poor_return_handling,0
0.5868101514698486,0.0,3.6338291610868905,0.0,0.6,11,5,11,0,2,1,0,6,30,63,2,0,393.8854945152083,seller,SEL-20114,mixed,0
1.0,0.0,4.75846523802726,1.0,1.0,65,0,65,0,27,12,12,16,169,327,9,0,375.06092714531246,seller,SEL-20115,excellent,1
0.9265693510581143,0.23563717302366183,4.226308244674599,1.0,0.6,33,3,26,7,15,3,3,6,87,158,3,2,362.31629829837965,seller,SEL-20116,reliable,1
0.895135863341039,0.42886492473906024,3.502607616319942,0.0,0.9,19,3,12,7,7,2,0,9,50,93,1,1,386.2348334755787,seller,SEL-20117,slow,0
0.3213602551489708,0.15634010513658791,2.893532090270029,0.0,0.5,12,22,11,1,4,2,0,5,52,102,1,0,330.3113008939815,seller,SEL-20118,high_cancellation,0
0.9263370593166002,0.1729646507136552,2.7679371681991176,0.0,0.9,41,6,35,6,16,4,0,9,108,199,3,0,363.1842162992245,seller,SEL-20119,poor_return_handling,0
0.450099523540081,0.0,3.156168371521916,0.5,0.7,4,8,4,0,2,0,0,7,18,41,1,0,367.92372304236113,seller,SEL-20120,mixed,1
1.0,0.04455275216542798,4.79548176564981,1.0,1.0,47,0,45,2,17,6,6,13,117,228,5,0,378.3701439880671,seller,SEL-20121,excellent,1
0.8569960705404915,0.19341461127333548,4.230830419981816,0.8858325929536062,0.9,59,7,47,12,26,10,9,9,161,292,7,0,388.8135181171065,seller,SEL-20122,reliable,1
0.9025175669498341,0.7518386109692032,3.468965191034943,1.0,0.8,15,1,6,9,9,3,3,8,43,76,0,0,349.01033840375,seller,SEL-20123,slow,0
0.4343258204670186,0.16278525411420475,3.155752736542062,0.5,0.7,13,16,9,4,6,0,0,7,48,93,2,0,398.5746742899421,seller,SEL-20124,high_cancellation,0
0.8103784464563241,0.42063654426833175,2.7608375516139514,0.40645683919555486,0.6,38,9,27,11,16,3,1,6,104,185,0,2,377.47472943744214,seller,SEL-20125,poor_return_handling,0
0.6682396762393484,0.3055907118558989,3.1695598650302856,0.6502418905930117,0.7,24,9,15,9,6,4,2,7,67,124,0,0,398.0778105445602,seller,SEL-20126,mixed,0
1.0,0.009070587980839262,4.738919579714098,1.0,1.0,116,0,114,2,47,7,7,18,286,541,10,0,393.9043159817014,seller,SEL-20127,excellent,1
0.9306837660916948,0.10041743332614061,4.268999471661531,0.29971590016253685,0.5,47,5,41,6,20,2,1,5,121,220,3,0,362.6418091632639,seller,SEL-20128,reliable,1
0.8823946023114991,0.45931327990345505,3.5236817066154766,1.0,0.6,17,4,10,7,4,2,2,6,44,83,1,1,359.3648194759259,seller,SEL-20129,slow,0
0.4094503466521977,0.08942024999089515,2.9028503852554794,0.0,0.2,18,25,16,2,9,1,0,2,71,132,1,0,345.9569509825463,seller,SEL-20130,high_cancellation,0
0.9775859249242724,0.08321977047283724,2.5061846039121924,1.0,0.4,29,1,24,5,12,2,2,4,73,133,2,0,369.2008830661111,seller,SEL-20131,poor_return_handling,0
0.7394707224296382,0.1695638928823363,3.2159061614403592,0.6750383587146989,0.5,26,7,20,6,15,3,2,5,77,137,1,0,363.25064588179396,seller,SEL-20132,mixed,1
0.9768808427133551,0.045391080117301974,4.755821547543459,1.0,1.0,94,2,88,6,38,12,12,18,240,454,6,0,396.20564429150465,seller,SEL-20133,excellent,1
0.7722277283380959,0.23303075196111367,4.01365734577749,0.877007988500862,1.0,25,7,19,6,5,4,3,11,66,131,1,0,331.6333361375463,seller,SEL-20134,reliable,1
0.8780152843351149,0.5326339266934431,3.5752319956407397,0.7079242910080644,0.6,40,5,22,18,13,4,2,6,102,177,0,1,350.2162754161227,seller,SEL-20135,slow,0
0.2680028096095064,0.19378763005285793,3.136237408505287,1.0,0.8,8,16,7,1,3,1,1,8,36,76,1,0,381.57904474408565,seller,SEL-20136,high_cancellation,0
0.7950877987613959,0.34796567207360785,2.630849602279791,0.4817255197828909,0.9,17,4,12,5,4,3,1,9,45,88,1,1,353.6848098010185,seller,SEL-20137,poor_return_handling,0
0.6869368775773307,0.1841719581149457,3.3158405574585696,0.5,0.8,14,5,9,5,6,0,0,8,39,75,2,0,395.8183820486343,seller,SEL-20138,mixed,0
0.9772540564796697,0.12779559760368586,4.677071173122166,1.0,1.0,54,1,49,5,20,7,7,16,136,263,6,1,381.08798534241896,seller,SEL-20139,excellent,1
0.9257569333231188,0.2677557612418804,4.107510561424443,0.9666133896881322,1.0,67,7,53,14,30,11,10,11,182,330,4,3,364.18134428339124,seller,SEL-20140,reliable,1
0.8541002359164642,0.6701853012040065,3.4445146735261076,1.0,0.9,16,2,5,11,5,2,2,9,41,75,0,2,365.7980799828241,seller,SEL-20141,slow,0
0.37145193608096744,0.2017145874660412,3.142230968490054,0.9343379019314698,0.5,20,35,16,4,7,4,3,5,86,165,1,1,355.0280021624537,seller,SEL-20142,high_cancellation,0
0.9808765365877863,0.21635072812331824,2.889913504860079,0.14154946125757226,0.6,35,2,27,8,17,5,1,6,94,165,4,0,365.90836422511575,seller,SEL-20143,poor_return_handling,0
0.7410395278008997,0.028278948177782648,3.348915585889417,0.0,0.5,15,7,13,2,6,1,0,5,44,84,3,0,370.9918210211343,seller,SEL-20144,mixed,0
0.9311196010724837,0.0,4.750655427609454,1.0,0.9,37,3,37,0,18,3,3,9,98,187,3,0,354.3786934651505,seller,SEL-20145,excellent,1
0.8566206489759162,0.15142071031173954,4.069907285613122,0.5,1.0,48,5,41,7,22,0,0,14,123,231,2,1,374.6273459762037,seller,SEL-20146,reliable,1
0.9108566047333791,0.4321947660987039,3.5027377131971527,0.7268556440391613,0.3,25,4,13,12,7,4,3,3,65,113,3,1,350.8564360811574,seller,SEL-20147,slow,0
0.39607050306411545,0.1557543078795236,3.116478052233864,0.8190157323560595,0.8,21,37,16,5,10,4,2,8,93,177,2,0,364.82882177122684,seller,SEL-20148,high_cancellation,0
0.871454791035553,0.30915126532324355,2.596341235563054,0.20470632407339873,0.4,41,8,31,10,14,6,1,4,110,195,1,0,354.510705625544,seller,SEL-20149,poor_return_handling,0
0.8059910470509482,0.26139067329360166,3.550023672966523,0.5,0.2,28,5,21,7,12,0,0,2,73,129,2,1,344.02725307799767,seller,SEL-20150,mixed,0
0.9791697047159869,0.04022674578374408,4.79463620129483,0.8857800448182576,1.0,103,3,98,5,40,13,11,10,262,487,14,0,392.8489652173148,seller,SEL-20151,excellent,1
0.9268972314596995,0.03942209157586096,3.965337162994813,0.8348664950687036,1.0,23,2,21,2,7,5,4,15,60,125,5,0,387.56619978797454,seller,SEL-20152,reliable,1
0.6847148869102984,0.28890459427225823,3.6006501342229047,1.0,0.4,17,4,13,4,5,1,1,4,44,83,0,0,321.9389348739468,seller,SEL-20153,slow,0
0.3917356657203635,0.25982482882233815,2.7858879761090916,0.5,0.8,7,14,5,2,4,0,0,8,32,66,1,0,343.6016965582523,seller,SEL-20154,high_cancellation,0
0.9811858309646517,0.14820076917652258,2.8319234024468285,0.0,1.0,15,1,13,2,4,1,0,11,36,76,0,0,394.63750881857635,seller,SEL-20155,poor_return_handling,0
0.8668600861650173,0.1837641044209779,3.435547086607879,0.5727859578455445,1.0,16,4,12,4,7,5,3,10,48,93,2,0,354.0816739170486,seller,SEL-20156,mixed,1
0.9609260920270754,0.0468764234293122,4.720608198032614,1.0,1.0,45,1,43,2,19,8,8,13,118,228,11,0,366.2588641337963,seller,SEL-20157,excellent,1
0.9661803356858543,0.06537322570717141,4.197841847980737,0.6654877383567511,1.0,47,1,42,5,15,9,7,12,119,228,8,0,398.61306907252316,seller,SEL-20158,reliable,1
0.8724697308817019,0.6774858632432514,3.5500086641418878,0.7061336872990219,0.3,41,7,16,25,13,7,5,3,109,181,1,2,391.4624255970949,seller,SEL-20159,slow,0
0.43255315797067156,0.3869537164430874,2.9149974442544857,1.0,0.8,14,21,10,4,2,1,1,8,52,106,0,0,364.7761674027199,seller,SEL-20160,high_cancellation,0
0.9290375135891288,0.14133661105943485,2.5153399378448813,0.0,1.0,42,5,35,7,19,4,0,11,112,205,2,0,345.3998486360301,seller,SEL-20161,poor_return_handling,0
0.5837590884701428,0.17742762007182433,3.35906946586508,0.2083730790681636,1.0,13,8,10,3,4,4,1,10,42,84,2,0,396.3520451143866,seller,SEL-20162,mixed,0
1.0,0.0,4.757668205470558,1.0,1.0,79,0,79,0,27,8,8,14,193,373,8,0,392.5792792427199,seller,SEL-20163,excellent,1
0.7559886128071227,0.36484208870959123,4.048979759718774,1.0,1.0,18,4,13,5,9,3,3,13,52,103,1,1,353.2656442494792,seller,SEL-20164,reliable,1
0.5892498983637335,0.5632355563516394,3.70827599417859,0.5,1.0,12,5,4,8,8,0,0,10,37,68,1,0,395.1395145147453,seller,SEL-20165,slow,0
0.36112318011361627,0.28548468229225,2.78810446699082,1.0,0.3,15,27,11,4,5,2,2,3,64,122,0,1,349.3334856865046,seller,SEL-20166,high_cancellation,0
0.86142169986704,0.09877571898101656,2.49695436128462,0.5057785283223442,1.0,29,8,25,4,9,2,1,10,77,150,2,0,394.24432662643517,seller,SEL-20167,poor_return_handling,0
0.774631196288544,0.3973087988492181,3.454705370963073,0.8855924003104413,0.7,27,6,17,10,9,3,2,7,72,131,0,0,390.059080993588,seller,SEL-20168,mixed,0
1.0,0.04209309828963803,4.7089272496410155,1.0,0.9,97,0,91,6,45,10,10,9,249,456,10,0,360.2422453333796,seller,SEL-20169,excellent,1
0.9500852984603335,0.0,4.147909562096536,1.0,1.0,23,3,23,0,9,3,3,11,61,124,4,0,350.0908109058565,seller,SEL-20170,reliable,1
0.900021576289637,0.5374572293775626,3.3103243019939335,0.5116547127006739,0.9,37,4,17,20,9,10,6,9,97,170,0,2,399.46179408637727,seller,SEL-20171,slow,0
0.7056496802178297,0.4127047859320767,2.903073455814639,0.5,0.7,8,7,6,2,3,0,0,7,26,54,1,2,357.60367872846064,seller,SEL-20172,high_cancellation,0
0.9256017523590702,0.13900393961737822,2.7594531102951905,0.0,0.7,16,3,13,3,6,2,0,7,43,82,1,0,393.25260628711806,seller,SEL-20173,poor_return_handling,0
0.6132637741439909,0.2862049728175785,3.3170734952253715,0.0,0.6,26,12,19,7,13,2,0,6,79,142,1,1,361.13046333202544,seller,SEL-20174,mixed,1
0.9603307796964282,0.015090969957751277,4.796221373035515,0.7384507436259946,1.0,96,2,94,2,33,8,7,10,235,444,14,0,387.2733960291435,seller,SEL-20175,excellent,1
0.9078338090747605,0.14131046424827798,4.299112955618082,0.7777822669596842,0.7,55,7,45,10,20,10,9,7,147,270,8,1,360.1622359968287,seller,SEL-20176,reliable,1
0.9464922220556358,0.9014789622143909,3.480118719653786,1.0,1.0,21,3,5,16,10,3,3,10,58,100,0,5,335.828944786956,seller,SEL-20177,slow,0
0.34179583336971686,0.2804657767011738,2.9053394141466837,0.0,0.8,17,26,13,4,11,1,0,8,72,136,1,0,358.93749883087963,seller,SEL-20178,high_cancellation,0
0.8314493774389702,0.1094716845708622,2.7866760361962037,0.07777547059698292,0.8,27,7,25,2,14,8,1,8,83,151,4,0,376.16671330099535,seller,SEL-20179,poor_return_handling,0
0.7767661009261184,0.215434592144082,3.452669364368345,0.7812496053208338,0.8,31,7,22,9,13,5,3,8,87,158,3,0,363.25574556016204,seller,SEL-20180,mixed,1
0.9940056128811869,0.015780569214264184,4.77196539060357,1.0,1.0,64,2,61,3,33,11,11,16,174,328,13,0,394.04659774431707,seller,SEL-20181,excellent,1
0.9060495046204506,0.1592002981795686,4.274738408025754,0.9319338350560361,1.0,55,7,44,11,20,8,7,10,145,268,5,0,364.92054862927085,seller,SEL-20182,reliable,1
0.7874403460055879,0.522405452854817,3.4219522031542966,0.601355894225009,0.3,37,8,18,19,14,5,3,3,101,170,0,1,346.6595039813426,seller,SEL-20183,slow,0
0.4142634356365953,0.0,3.0539501528251556,0.5,0.5,5,18,5,0,1,0,0,5,29,62,1,0,366.06588089935184,seller,SEL-20184,high_cancellation,0
0.8797657343093006,0.12045395792364955,2.8867197958672635,0.8298365971415168,0.6,32,5,30,2,9,3,2,6,81,156,4,1,392.1469591068403,seller,SEL-20185,poor_return_handling,0
0.6245292702575077,0.5779521537534005,3.012475557417401,0.6852799933945178,0.2,7,5,4,3,2,2,1,2,23,42,0,0,334.51279428643517,seller,SEL-20186,mixed,1
0.994700460662508,0.0025351368897973403,4.786068670438418,0.7465432526473738,1.0,97,1,96,1,34,8,7,17,237,455,9,0,379.23727424337966,seller,SEL-20187,excellent,1
0.8765785772059099,0.11541524015492566,4.143874585895531,0.9451953720026777,0.9,62,9,53,9,31,9,8,9,173,314,4,1,363.7471746746412,seller,SEL-20188,reliable,1
0.8370726793965397,0.6696345214503563,3.5243386735423337,0.0,0.6,37,4,18,19,15,3,0,6,96,161,0,3,388.36515361943293,seller,SEL-20189,slow,0
0.5040000932412592,0.18566503121534095,3.0601548240711223,0.5,0.5,9,8,7,2,3,0,0,5,29,58,0,0,359.9552597203357,seller,SEL-20190,high_cancellation,0
0.8704396981717104,0.3307235224966162,2.723005745345083,0.0,1.0,42,5,30,12,18,5,0,12,112,201,4,2,379.3584517594792,seller,SEL-20191,poor_return_handling,0
0.6211740118495369,0.2067606956414857,3.1932544979523088,1.0,0.7,8,5,6,2,2,1,1,7,24,51,1,0,373.7995241595023,seller,SEL-20192,mixed,1
1.0,0.0721869208613718,4.760337437492436,1.0,1.0,88,0,82,6,40,4,4,11,220,405,7,0,362.2101695689583,seller,SEL-20193,excellent,1
0.9370946594459914,0.009114002142036504,4.129743471896953,0.7415088220211071,0.7,20,2,19,1,5,2,1,7,49,98,7,0,340.4529116275463,seller,SEL-20194,reliable,1
0.7940699907893147,0.7579347558569357,3.31639913997904,0.8708633691962838,0.5,41,9,15,26,19,5,3,5,115,188,0,3,346.871967416794,seller,SEL-20195,slow,0
0.39660771431185676,0.11936482121897507,3.108145771067643,0.8163127294499899,0.8,21,29,18,3,10,4,2,8,85,163,2,0,363.77235950578705,seller,SEL-20196,high_cancellation,0
0.9226023631066632,0.11805890061072244,2.8490405723745993,0.0,0.6,40,5,35,5,21,5,0,6,111,197,4,0,365.1428716931019,seller,SEL-20197,poor_return_handling,0
0.7283593566860048,0.2895031752883632,3.3577644675079252,0.514202115273644,0.5,26,7,19,7,12,4,2,5,75,134,0,0,379.29606035819444,seller,SEL-20198,mixed,1
1.0,0.043994902778376144,4.691045208921536,1.0,1.0,74,0,72,2,34,12,12,17,194,369,3,1,360.7397055525579,seller,SEL-20199,excellent,1
0.9326811380528827,0.08994974477968332,4.1508696748029665,0.8756687931560311,0.6,59,3,54,5,24,6,5,6,151,278,3,0,378.84942658258103,seller,SEL-20200,reliable,1
0.9743984847741385,0.7191668689013329,3.5090120899051596,0.5050745212649836,0.3,14,1,5,9,2,2,1,3,33,57,0,1,397.5818000199768,seller,SEL-20201,slow,0
0.46199194910796815,0.0,2.986698437726392,0.7806962685470402,0.6,16,24,16,0,7,3,2,6,66,130,3,0,366.48644311462965,seller,SEL-20202,high_cancellation,0
0.8044206841138026,0.28789186309948367,2.895763533792986,0.0,0.9,21,4,16,5,8,1,0,9,55,105,2,1,395.90972192142357,seller,SEL-20203,poor_return_handling,0
0.6722895870006903,0.2504569564218745,3.414250496259401,0.0,1.0,19,11,14,5,6,1,0,10,56,110,1,0,355.35534851914355,seller,SEL-20204,mixed,1
0.9671098005358012,0.031209414795608237,4.690438375813785,1.0,1.0,104,3,100,4,49,16,16,13,276,512,10,0,363.349817621875,seller,SEL-20205,excellent,1
0.9209436174617525,0.2380434439099659,4.246584742370473,1.0,1.0,23,3,18,5,9,1,1,15,59,119,1,1,391.90619389268517,seller,SEL-20206,reliable,1
0.7656629899423159,0.5483280843351181,3.5215801073980044,1.0,0.5,37,7,18,19,14,4,4,5,99,170,1,2,397.27429728989586,seller,SEL-20207,slow,0
0.3796914363662121,0.12439636888235106,2.9017005394684845,0.5,0.6,15,23,13,2,5,0,0,6,58,115,0,0,398.4320636153009,seller,SEL-20208,high_cancellation,0
0.8602226424366859,0.1011872128714133,2.885557965865718,0.0,0.9,20,5,17,3,8,2,0,9,55,106,1,0,356.16305827697914,seller,SEL-20209,poor_return_handling,0
0.7644421332813564,0.2486910582234021,3.3915144364691847,0.5081454094796125,0.4,16,3,11,5,7,2,1,4,44,79,0,0,397.53282820822915,seller,SEL-20210,mixed,1
0.9861840017615399,0.10712007179492744,4.798461792152731,0.8986667307043595,1.0,78,3,70,8,31,10,9,15,200,375,9,1,361.6309457782176,seller,SEL-20211,excellent,1
1.0,0.2616818947111488,4.17484906845255,1.0,1.0,22,0,16,6,7,4,4,10,55,107,2,1,388.2521722374768,seller,SEL-20212,reliable,1
0.8827132926360605,0.315479374315514,3.304569941403295,0.5,0.7,17,1,9,8,9,0,0,7,44,78,1,0,357.0935574478935,seller,SEL-20213,slow,0
0.4548885681978705,0.20847278713887096,2.978411190753809,1.0,0.8,16,21,13,3,7,1,1,8,61,120,0,0,354.38039919438654,seller,SEL-20214,high_cancellation,0
0.8573443741740128,0.2902465708350316,2.604072238689086,0.5154718968856522,0.8,17,3,12,5,5,2,1,8,44,85,1,1,384.4279773803009,seller,SEL-20215,poor_return_handling,0
0.6761629987383366,0.1720913750638915,3.2987497937068224,1.0,0.8,12,4,10,2,4,1,1,8,33,68,1,0,373.5511957853588,seller,SEL-20216,mixed,0
1.0,0.008376006493587385,4.759816984920161,0.856393447611741,0.9,84,0,83,1,33,6,5,9,207,388,11,0,370.7282997011227,seller,SEL-20217,excellent,1
0.7637823372469283,0.18945404791050968,4.162448388502388,1.0,0.5,25,6,20,5,11,4,4,5,71,131,1,0,355.09592465688655,seller,SEL-20218,reliable,1
0.9842510049950127,0.5602095257804036,3.25761096724199,1.0,0.9,38,2,19,19,13,4,4,9,95,167,0,4,374.4302831598727,seller,SEL-20219,slow,0
0.5103531319850365,0.11555569641669805,3.009982415969797,0.7544311486603194,0.8,26,21,22,4,17,4,2,8,94,173,2,0,391.2730595750579,seller,SEL-20220,high_cancellation,0
0.9216037407326999,0.1472021989633694,2.8037166321150466,0.2386643865665329,0.7,46,4,40,6,21,4,1,7,121,219,1,0,360.5307334072917,seller,SEL-20221,poor_return_handling,0
0.7586585018018692,0.3570960248316577,3.0,1.0,0.3,8,4,6,2,0,2,2,3,22,45,1,0,364.0796056773959,seller,SEL-20222,mixed,0
0.9958529449727556,0.01820335648841498,4.766153307688688,1.0,1.0,91,1,90,1,36,11,11,16,230,439,6,0,385.5545900915856,seller,SEL-20223,excellent,1
0.875934037249181,0.15755709508132099,4.176690005087324,1.0,1.0,36,6,30,6,13,3,3,12,94,181,2,1,393.9204164435648,seller,SEL-20224,reliable,1
0.8969341162659501,0.3239403286419803,3.585071810873204,0.8214497109414444,0.7,38,7,24,14,11,5,4,7,99,179,4,2,390.9619440267361,seller,SEL-20225,slow,0
0.4546837289558552,0.29210965999633176,2.74915725024211,1.0,0.8,10,15,8,2,6,2,2,8,43,86,1,1,354.3673211045023,seller,SEL-20226,high_cancellation,0
0.898030519703448,0.133522045875476,2.681310546398557,0.0,1.0,37,5,30,7,19,2,0,12,100,184,4,1,358.2358400740046,seller,SEL-20227,poor_return_handling,0
0.7046726322097036,0.42778738547058204,3.3424259088763826,1.0,0.8,13,4,9,4,5,2,2,8,37,73,1,1,358.82970782902777,seller,SEL-20228,mixed,1
0.9226785208469559,0.06684921539926092,4.759437491960166,0.8317336395073835,0.8,83,4,78,5,34,11,8,8,215,396,10,1,368.53222621589117,seller,SEL-20229,excellent,1
0.884434716009062,0.115209102679113,4.192904816380984,0.835118686213438,0.7,65,8,57,8,29,7,6,7,174,317,6,1,362.52838256712965,seller,SEL-20230,reliable,1
0.7948957277078758,0.486867200660119,3.5639706877372856,0.0,0.8,21,4,11,10,10,1,0,8,57,101,2,1,359.807552568125,seller,SEL-20231,slow,0
0.46484550361660804,0.20299824473725614,3.0917775098406457,0.725240461448475,0.8,8,11,6,2,6,2,1,8,35,69,1,0,395.7889551584143,seller,SEL-20232,high_cancellation,0
0.9715105501297061,0.3120162640246068,3.0265725677244237,1.0,0.4,15,2,11,4,5,1,1,4,38,71,0,1,377.281744950243,seller,SEL-20233,poor_return_handling,0
0.8669869139876615,0.2542875062599733,3.5816582541418662,0.0,0.8,34,4,25,9,12,1,0,8,85,156,1,0,363.64849385126155,seller,SEL-20234,mixed,1
0.9952468246158065,0.06212902462152137,4.706154537908938,1.0,1.0,51,1,47,4,18,6,6,20,127,252,6,0,373.31200545645834,seller,SEL-20235,excellent,1
0.9219348630888872,0.17083337048321623,4.2573042743255645,1.0,0.5,34,1,26,8,13,2,2,5,84,152,6,0,355.8834714837847,seller,SEL-20236,reliable,1
0.9405677898510156,0.5259466604692733,3.4684068685361953,0.5565635518297928,0.4,29,2,13,16,11,4,2,4,75,125,0,2,355.292375240787,seller,SEL-20237,slow,0
0.3683764351764202,0.398259533111182,3.4371936848383347,0.7996847281626168,0.3,12,19,8,4,2,2,1,3,47,90,1,1,362.935850855625,seller,SEL-20238,high_cancellation,0
0.8642996116341217,0.20546156244738023,2.678017523628504,0.5002988816853777,1.0,16,4,14,2,4,2,1,10,42,87,2,1,372.0211137539236,seller,SEL-20239,poor_return_handling,0
0.548941819934163,0.1771581126332452,3.5690519732458212,0.3122066811058787,0.3,17,14,14,3,7,4,1,3,59,108,2,0,362.9708539971528,seller,SEL-20240,mixed,0
0.9675065163486234,0.019861152139164395,4.748465440055387,0.8458976627950968,1.0,92,4,91,1,35,13,12,18,236,453,15,0,387.72140960125,seller,SEL-20241,excellent,1
0.9625895466715477,0.23382295832201583,4.246920333545516,0.674170124620073,0.7,22,2,17,5,7,5,4,7,58,110,2,0,381.0539294081597,seller,SEL-20242,reliable,1
0.7834587387078957,0.46300561576923827,3.3706039735384685,1.0,0.4,12,3,6,6,5,2,2,4,34,61,1,1,364.8535863972685,seller,SEL-20243,slow,0
0.37776940043438334,0.5882278644315174,3.0671312193242937,0.5,0.3,6,15,3,3,4,0,0,3,31,58,0,0,364.0280330056597,seller,SEL-20244,high_cancellation,0
0.9451178280930331,0.13621131592041813,2.6210638139620324,0.6404916036236983,0.7,22,3,18,4,11,3,2,7,61,113,1,0,359.9847411404051,seller,SEL-20245,poor_return_handling,0
0.7220759690707526,0.23533838987502131,3.510448707301535,0.46626647528986115,1.0,26,11,23,3,12,3,1,10,78,149,0,1,369.19996295707176,seller,SEL-20246,mixed,0
0.9876409894763905,0.06476919617202803,4.719809577921421,1.0,1.0,90,1,83,7,34,7,7,20,222,423,10,1,396.1740877261805,seller,SEL-20247,excellent,1
0.9381473766062249,0.1102835860887944,4.147601576704818,0.7129134436251989,0.9,53,4,47,6,23,4,3,9,137,253,7,1,392.93487602101857,seller,SEL-20248,reliable,1
0.8407248895843311,0.4983597482760861,3.3074250529328078,0.5600245694991974,0.3,16,6,7,9,8,2,1,3,48,81,1,1,358.8028647801736,seller,SEL-20249,slow,0
0.4741754247198121,0.37264983856082956,3.1360800605333083,0.9535515672932202,0.5,21,23,14,7,10,6,5,5,81,149,0,1,384.0183299812963,seller,SEL-20250,high_cancellation,0
0.7342490832595936,0.12697464745269982,2.6774517285255333,0.0,1.0,12,4,10,2,6,2,0,12,36,74,1,0,388.9027371949421,seller,SEL-20251,poor_return_handling,0
0.7836649476217556,0.2755520050522663,3.7260958610916206,1.0,0.7,13,5,8,5,6,2,2,7,39,74,2,0,352.5113644515509,seller,SEL-20252,mixed,0
1.0,0.038572312998065295,4.750370138325212,1.0,1.0,100,0,96,4,40,9,9,15,249,469,11,1,376.23376154196757,seller,SEL-20253,excellent,1
0.8657417055786747,0.2040306521537396,4.2049336746580925,0.7531961352526342,0.8,68,12,54,14,25,8,7,8,181,330,5,1,363.8539558241667,seller,SEL-20254,reliable,1
0.9382973832169063,0.5282181108066493,3.3650958794585306,0.8188920965024137,0.6,45,3,22,23,14,9,7,6,116,199,0,2,396.501050365081,seller,SEL-20255,slow,0
0.4745776470700926,0.3655670323690152,2.986521461738253,1.0,0.6,17,23,10,7,5,2,2,6,64,122,2,0,351.47346402331016,seller,SEL-20256,high_cancellation,0
1.0,0.1040762134426203,2.982899119085933,0.26670669767899496,0.7,23,0,20,3,6,4,1,7,56,107,3,0,366.9313506014931,seller,SEL-20257,poor_return_handling,0
0.6516627752556867,0.4215287566198055,3.38865777516049,0.0,1.0,21,8,13,8,7,2,0,10,59,111,1,2,324.8861444135764,seller,SEL-20258,mixed,1
0.9727722794604431,0.022728224932613617,4.723998578395243,1.0,1.0,78,2,76,2,27,10,10,12,195,373,6,0,397.398557995081,seller,SEL-20259,excellent,1
0.8495690799051302,0.1274013421665443,4.206950919088161,1.0,0.9,23,3,20,3,10,1,1,9,60,116,0,0,395.58278813979166,seller,SEL-20260,reliable,1
0.7217238215324236,0.34148193035665964,3.4575130789271995,1.0,0.7,20,5,11,9,7,2,2,7,54,99,2,0,348.1444053479051,seller,SEL-20261,slow,0
0.5698520783500841,0.5162704228291869,2.9884708809926317,0.0,0.2,20,25,10,10,11,1,0,2,77,134,2,2,348.1406518489583,seller,SEL-20262,high_cancellation,0
0.8413484159973185,0.28130647066520176,2.709356413716448,0.0,1.0,42,8,34,8,16,5,0,12,113,209,5,2,367.67933222104165,seller,SEL-20263,poor_return_handling,0
0.8867294601110061,0.3506621650688483,3.340834700486111,1.0,0.3,23,5,13,10,11,4,4,3,66,114,4,0,363.5732234432986,seller,SEL-20264,mixed,0
0.9511827355372696,0.004991718271523227,4.756117352988438,1.0,0.9,85,4,84,1,39,11,11,9,224,417,7,0,373.15450516993053,seller,SEL-20265,excellent,1
0.8780789304670964,0.13875387637079828,4.242205845503303,0.8599828540744674,0.8,62,8,53,9,32,5,4,8,169,304,5,1,359.9892251344676,seller,SEL-20266,reliable,1
0.8924727398694924,0.6039378102040163,3.438163038936686,0.5377245416911589,0.3,34,4,15,19,14,3,2,3,89,147,1,4,363.460924252419,seller,SEL-20267,slow,0
0.3975353581688407,0.13038209119074162,2.9841883435326197,1.0,0.6,25,34,21,4,12,2,2,6,98,186,0,0,394.62886709754633,seller,SEL-20268,high_cancellation,0
0.949320208605445,0.34432027804992316,2.838760725173307,0.20439403417666052,1.0,37,4,25,12,15,4,1,11,97,175,2,1,394.58531472290514,seller,SEL-20269,poor_return_handling,0
0.9281216234261078,0.19084145448892698,3.5692739713283905,1.0,0.7,11,1,7,4,6,1,1,7,30,57,2,0,398.04302728258097,seller,SEL-20270,mixed,0
0.9643911694757913,0.04405799888337225,4.776263839134729,1.0,0.8,107,3,103,4,41,8,8,8,266,495,11,1,387.13319555822915,seller,SEL-20271,excellent,1
0.8780066611705494,0.20623719116885952,4.202151062925136,1.0,1.0,39,7,33,6,17,5,5,10,107,201,1,2,394.9447817665278,seller,SEL-20272,reliable,1
0.9163811707723397,0.34964746516883405,3.4506038131722896,0.6336382736247647,1.0,43,4,23,20,18,7,5,10,115,200,3,1,396.0245416427315,seller,SEL-20273,slow,0
0.5935717944299205,0.10090934787181649,3.132203939361151,0.6712904172250436,0.5,13,11,12,1,5,3,1,5,45,87,0,0,364.21416745133104,seller,SEL-20274,high_cancellation,0
0.9884369091305149,0.25978080625759226,3.0283816493634887,0.38207262154553,0.7,19,1,15,4,7,3,1,7,49,92,2,1,396.5697562344328,seller,SEL-20275,poor_return_handling,0
0.656119153270609,0.5448336713476432,3.4787795197612117,0.7617244763795367,0.3,21,12,13,8,13,3,2,3,70,121,0,2,356.69769829694445,seller,SEL-20276,mixed,1
1.0,0.008550382125572686,4.776789123381494,1.0,1.0,100,0,99,1,43,11,11,17,254,481,7,0,398.05320052153934,seller,SEL-20277,excellent,1
0.8790129325924626,0.04141965283245197,4.099702431708449,0.27987936086014076,0.6,64,9,60,4,31,5,3,6,173,315,9,0,395.5070473078704,seller,SEL-20278,reliable,1
0.7595298544630313,0.6549613248721204,3.750614952740124,0.0,0.5,20,6,8,12,7,2,0,5,55,94,1,2,360.17038075297455,seller,SEL-20279,slow,0
0.4468323250532085,0.2856226149711525,2.9876785545466005,1.0,0.7,11,18,9,2,4,2,2,7,46,93,1,1,334.0422175727199,seller,SEL-20280,high_cancellation,0
0.9439610396770342,0.1544222489613125,2.5497941640698625,0.5718104115274194,1.0,36,3,29,7,12,3,2,11,90,171,2,1,399.58137646276623,seller,SEL-20281,poor_return_handling,0
0.9019527689663545,0.5061653718960621,3.361053233773454,1.0,0.5,14,4,9,5,7,3,3,5,42,77,1,2,394.8963859246875,seller,SEL-20282,mixed,1
0.9594210297571082,0.03663962043604929,4.81750786558081,1.0,1.0,91,2,89,2,46,18,18,10,248,458,6,0,358.1014732057176,seller,SEL-20283,excellent,1
0.9048250230028354,0.32329584087056995,4.177275410491594,1.0,1.0,22,1,15,7,13,2,2,12,60,112,1,1,399.10801509236114,seller,SEL-20284,reliable,1
0.7988787225639404,0.46714809388904643,3.5280053728369305,1.0,0.6,20,3,9,11,3,2,2,6,48,88,1,0,370.9019528126389,seller,SEL-20285,slow,0
0.02859150384468018,0.0,3.0374331461604616,1.0,0.2,3,24,3,0,2,1,1,2,33,66,0,0,361.4727305186922,seller,SEL-20286,high_cancellation,0
0.868713969919608,0.06592387874962002,3.077207569766107,0.0,0.5,19,3,18,1,10,1,0,5,52,97,1,0,350.9476580031019,seller,SEL-20287,poor_return_handling,0
0.5793628584536314,0.04480702269194525,3.0489707609910113,0.0,0.5,13,8,12,1,3,1,0,5,38,76,0,0,342.81744294987266,seller,SEL-20288,mixed,0
0.9095908855223102,0.06767673634886817,4.757664931832486,1.0,1.0,39,2,38,1,16,5,5,19,101,204,3,1,365.0524322890972,seller,SEL-20289,excellent,1
0.9371466617671169,0.28707706850784065,4.211160990677193,0.8701636269850911,0.7,68,5,51,17,28,9,7,7,178,316,4,3,360.70506043030093,seller,SEL-20290,reliable,1
0.9615477026147196,0.5503544471366366,3.5237553210278856,0.9531443818250404,0.5,43,3,20,23,20,6,5,5,115,191,2,4,364.5376601754861,seller,SEL-20291,slow,0
0.4433070047777803,0.053653566611074566,3.297629324184775,0.5,0.3,9,11,7,2,5,0,0,3,34,64,1,0,362.75335515837963,seller,SEL-20292,high_cancellation,0
0.9135920753677395,0.08012601500803695,2.247692028133369,0.0,0.4,15,1,13,2,3,1,0,4,35,68,2,0,295.28860867375,seller,SEL-20293,poor_return_handling,0
0.6834881070067694,0.6137226262406763,3.4252872481746577,1.0,1.0,27,13,13,14,6,2,2,10,75,140,0,2,391.61135999969906,seller,SEL-20294,mixed,0
1.0,0.03502536486835617,4.781110262473569,0.6585839340472416,1.0,76,0,73,3,31,5,4,11,188,352,7,0,360.3879975704977,seller,SEL-20295,excellent,1
0.8202196954266598,0.01998588566207571,4.067791278481196,1.0,1.0,21,2,20,1,7,1,1,13,52,109,1,0,399.45727647356483,seller,SEL-20296,reliable,1
0.9953829231900128,0.3433258767583225,3.395464451781017,0.866052525509446,0.8,43,1,24,19,16,4,3,8,107,186,2,1,364.51222715658565,seller,SEL-20297,slow,0
0.3684832439390833,0.31039203026019035,3.085633683951202,0.5288822232938922,0.8,10,25,8,2,4,2,1,8,51,103,1,0,358.14841928625003,seller,SEL-20298,high_cancellation,0
0.7619948030542085,0.06505102588206624,2.5617098101572005,0.0,1.0,10,5,9,1,4,1,0,12,30,66,1,0,395.62376986305554,seller,SEL-20299,poor_return_handling,0
0.8516147116733227,0.31095337224810615,3.1410717272233555,0.5234070918302814,0.6,18,5,11,7,8,2,1,6,51,92,2,0,355.25600942283563,seller,SEL-20300,mixed,1
0.9975646334310699,0.09812460255412048,4.795829698654517,0.8632810215733301,1.0,86,1,80,6,36,11,10,12,220,409,8,2,359.62744104174766,seller,SEL-20301,excellent,1
0.9089476731436683,0.162084644896056,4.222175228469773,0.5134709973839926,1.0,64,5,53,11,26,6,4,10,165,301,5,1,364.86747637327545,seller,SEL-20302,reliable,1
0.888523812939909,0.5423998859615087,3.63920353678721,0.20730576690975805,0.6,29,5,12,17,15,4,1,6,82,135,2,4,348.8361207206481,seller,SEL-20303,slow,0
0.20917368860576088,0.6275461429886736,2.6482699117885327,1.0,0.5,6,20,3,3,3,1,1,5,36,71,0,1,388.2972622621412,seller,SEL-20304,high_cancellation,0
0.8557074366811585,0.28310442024474614,2.7277958280380434,0.551992384943154,0.5,38,5,27,11,14,3,2,5,98,175,4,2,379.2759879491551,seller,SEL-20305,poor_return_handling,0
0.6230881405962273,0.47890016610479436,3.1392981608542585,0.0,0.6,14,6,7,7,4,1,0,6,39,72,1,0,375.44625162038193,seller,SEL-20306,mixed,0
0.9844768013544741,0.008495986275357525,4.787657240907499,0.9734540361602179,1.0,62,2,61,1,22,9,8,13,157,303,6,0,361.042425108831,seller,SEL-20307,excellent,1
0.8037387260840231,0.013439064620054841,4.302358247486779,0.9309836633773886,0.7,24,3,23,1,9,5,4,7,65,126,2,0,394.22731602278935,seller,SEL-20308,reliable,1
0.7041432797971943,0.6479053707914255,3.625576074856773,0.9482061407033164,1.0,22,9,10,12,8,6,5,10,67,123,0,1,351.08749326814814,seller,SEL-20309,slow,0
0.2146747699631446,0.05767111226532451,2.725181099603961,1.0,0.7,6,14,5,1,2,1,1,7,29,62,0,0,325.50905101339123,seller,SEL-20310,high_cancellation,0
0.8386964930881422,0.20018867984963074,2.743444628718486,0.0,0.8,34,8,28,6,12,2,0,8,90,168,2,0,393.2308215722685,seller,SEL-20311,poor_return_handling,0
0.9179237192439035,0.34607960198748633,3.4205619035320285,0.4633599768115735,1.0,33,4,21,12,12,3,1,10,85,154,3,2,354.38152379155093,seller,SEL-20312,mixed,1
0.9878292166148034,0.07598199448983023,4.780790066701497,0.8022627004148302,1.0,59,1,56,3,27,8,7,14,154,291,2,1,392.4329009024884,seller,SEL-20313,excellent,1
0.9721984761706047,0.24445445471008487,4.186808466491333,0.9277210198705723,0.8,68,3,54,14,25,6,5,8,170,308,2,2,363.1199586902315,seller,SEL-20314,reliable,1
0.7911064467904874,0.45372210582472994,3.3948586385773263,1.0,0.4,31,5,18,13,8,5,5,4,80,143,2,1,354.97554390613425,seller,SEL-20315,slow,0
0.35128479613529423,0.4320282544513677,3.2716744213003275,0.6960410396262375,0.4,17,28,9,8,8,3,2,4,73,133,1,0,380.3084362991319,seller,SEL-20316,high_cancellation,0
0.7870764474993495,0.10511639671647677,2.8780849676784124,0.5212415802244849,0.9,16,4,12,4,8,2,1,9,46,88,1,0,375.4674385236227,seller,SEL-20317,poor_return_handling,0
0.9195646305972975,0.3313855361798098,3.2825838557612665,0.0,0.4,18,2,13,5,7,1,0,4,46,83,1,0,360.40760344174765,seller,SEL-20318,mixed,1
0.9904180026031653,0.02181053872237748,4.75197606284601,1.0,1.0,67,1,66,1,25,8,8,15,168,325,5,0,387.67663829981484,seller,SEL-20319,excellent,1
0.8409482656097838,0.05455537916861419,4.253679783207414,1.0,1.0,57,12,53,4,26,8,8,12,160,302,5,0,387.42399622821756,seller,SEL-20320,reliable,1
0.8308095179801332,0.5812537630635437,3.544013682033755,0.8093510369383161,1.0,32,9,12,20,15,3,2,10,91,156,3,1,399.2266140131366,seller,SEL-20321,slow,0
0.31831529936467856,0.0,3.498712074701031,0.3254117398850657,0.8,5,10,5,0,1,3,1,8,24,53,0,0,286.2765185851621,seller,SEL-20322,high_cancellation,0
0.9002087758861402,0.16173663900384105,2.7634194580008042,0.1747010614334871,0.9,44,5,34,10,19,6,1,9,118,211,3,0,345.0472876668287,seller,SEL-20323,poor_return_handling,0
0.6026295481488128,0.5491290217535876,3.4591487869701023,0.7813979247974918,0.2,12,7,6,6,5,4,3,2,40,70,0,1,363.8243679332176,seller,SEL-20324,mixed,1
0.9980919771548292,0.046362977216094725,4.731643384658408,0.9691929778021288,1.0,103,1,98,5,42,12,11,13,261,487,9,1,388.616705072801,seller,SEL-20325,excellent,1
0.750787381872353,0.2024569142066126,3.9931690688601678,1.0,1.0,18,4,14,4,10,2,2,14,52,104,1,0,380.32286858085644,seller,SEL-20326,reliable,1
0.8515951263020486,0.5524269390055819,3.4394689931868263,1.0,0.7,40,7,17,23,22,3,3,7,112,186,3,1,364.6112914637847,seller,SEL-20327,slow,0
0.4673498622814436,0.3380997817749909,3.2295791850149933,1.0,0.5,12,16,10,2,6,1,1,5,47,91,1,1,364.2508488256366,seller,SEL-20328,high_cancellation,0
0.9299231101709816,0.0998931813267182,2.9334790888045257,0.22730457351965927,0.8,15,1,13,2,3,7,1,8,41,79,1,0,387.8162299703009,seller,SEL-20329,poor_return_handling,0
0.7521711240984728,0.21618581120836855,3.275972990700309,0.0,0.8,26,7,20,6,10,1,0,8,70,131,4,0,362.0396463318518,seller,SEL-20330,mixed,1
0.9825742280699091,0.041787082964717004,4.795278067771015,1.0,1.0,95,2,91,4,33,10,10,12,235,445,14,1,386.7917289444213,seller,SEL-20331,excellent,1
0.9688572668128861,0.16515729470180984,4.148394067057594,0.8740412862303744,0.8,47,3,39,8,14,8,7,8,119,223,2,1,399.07607201403937,seller,SEL-20332,reliable,1
0.8856987867368079,0.4861146644477874,3.318624247953638,0.7411817801983561,0.3,42,8,18,24,12,7,4,3,111,186,2,1,364.450978947338,seller,SEL-20333,slow,0
0.3644973065325466,0.2683802736396864,3.1438588294717147,0.0,0.8,11,17,9,2,3,1,0,8,43,88,0,0,399.2231325356481,seller,SEL-20334,high_cancellation,0
0.8797551099707398,0.20907810013382278,2.8965006366789416,0.0,0.4,20,4,16,4,12,3,0,4,59,103,2,0,379.9000278570718,seller,SEL-20335,poor_return_handling,0
0.6630632659029067,0.2580005998917919,3.3966137447597426,1.0,0.6,23,6,17,6,9,2,2,6,63,117,2,1,367.42955135769677,seller,SEL-20336,mixed,0
1.0,0.021043801580636345,4.832187991306618,1.0,0.9,71,0,68,3,27,10,10,9,179,337,7,0,393.60725201518517,seller,SEL-20337,excellent,1
0.7786381464260818,0.049256893820819214,4.280793222790986,1.0,0.7,28,6,25,3,8,2,2,7,72,140,4,0,369.02370636402776,seller,SEL-20338,reliable,1
0.9752829729962513,0.6868200878655496,3.5534608322455523,0.7911555596613596,0.3,31,2,13,18,11,6,5,3,81,135,0,3,363.1799684035417,seller,SEL-20339,slow,0
0.31659379726444975,0.14588281461849606,2.9710499435146596,0.5246775096556147,0.3,10,29,8,2,5,2,1,3,56,107,0,0,352.681758928912,seller,SEL-20340,high_cancellation,0
0.9021079685104773,0.015747534880582448,2.5649558347610646,0.29516148669899495,0.5,19,2,18,1,6,3,1,5,49,94,3,0,359.32267719368053,seller,SEL-20341,poor_return_handling,0
0.8056415280971789,0.4776295958596728,3.2742356820365774,0.9183568887773119,0.2,21,8,11,10,12,6,5,2,68,115,2,1,347.96339191704857,seller,SEL-20342,mixed,0
0.9447021198803875,0.056611153562356686,4.694245879460206,1.0,1.0,57,2,55,2,26,4,4,18,146,282,4,1,362.3404994716898,seller,SEL-20343,excellent,1
0.9011472681842786,0.1772575678226619,4.192786494680834,0.6368740562735292,1.0,61,8,47,14,25,7,5,15,162,298,4,1,379.94355517797453,seller,SEL-20344,reliable,1
0.9155901760516172,0.47938761981174205,3.5838555662818767,0.0,0.7,24,3,13,11,8,2,0,7,61,108,0,0,349.1169235323379,seller,SEL-20345,slow,0
0.3225210115127759,0.39402229351053664,3.1379456430557107,1.0,0.7,10,19,7,3,4,2,2,7,45,90,0,1,369.2734218616088,seller,SEL-20346,high_cancellation,0
0.8066757912146066,0.2669558075102625,2.585104036778452,0.5012730738042923,0.5,24,7,19,5,12,2,1,5,69,125,2,1,361.75991742481483,seller,SEL-20347,poor_return_handling,0
0.5460097997552631,0.1642465188027481,3.4327582693241743,0.0,0.5,20,12,14,6,11,2,0,5,65,116,1,0,389.09145498156244,seller,SEL-20348,mixed,0
0.9555784432587247,0.07652464008577098,4.772587121587669,1.0,0.9,111,5,102,9,39,13,13,9,279,519,9,0,362.2350513552894,seller,SEL-20349,excellent,1
0.9384294460521674,0.11346943226944717,4.183710400882076,0.8913450376571989,0.5,73,6,66,7,33,11,10,5,196,356,3,1,398.68903730920135,seller,SEL-20350,reliable,1
0.8682807323289601,0.41862452603813405,3.246402966114081,1.0,0.9,12,3,7,5,4,1,1,9,32,64,1,0,348.88842033013884,seller,SEL-20351,slow,0
0.3261080797113959,0.4127723392938738,2.989881333291589,0.0,0.4,15,31,9,6,3,2,0,4,66,125,0,1,363.3527716427778,seller,SEL-20352,high_cancellation,0
0.8856264963991733,0.15945079492950198,2.606024357878746,0.1970054976609686,1.0,32,6,27,5,13,4,1,11,87,164,2,1,374.0579111351736,seller,SEL-20353,poor_return_handling,0
0.672537581839192,0.23771183006787355,3.351225633378988,1.0,0.6,9,5,6,3,4,1,1,6,28,55,1,0,380.53622667645834,seller,SEL-20354,mixed,0
1.0,0.012541891345350553,4.682951019879388,1.0,1.0,43,0,42,1,12,3,3,16,101,205,6,0,387.891720051713,seller,SEL-20355,excellent,1
0.903059371243642,0.04721210332572845,4.206079802731556,1.0,0.7,28,4,25,3,9,1,1,7,70,135,1,0,385.27910846542824,seller,SEL-20356,reliable,1
0.9907725389822707,0.5685754273493332,3.60033297943761,1.0,0.5,28,1,15,13,15,2,2,5,74,125,2,2,354.696754745544,seller,SEL-20357,slow,0
0.26896370659944485,0.27775374186864255,3.081832479334523,1.0,0.2,10,23,9,1,3,1,1,2,47,92,1,1,363.8338878258565,seller,SEL-20358,high_cancellation,0
0.9088742529798651,0.07893066355747214,2.63364790248565,0.27750029265510096,0.9,35,5,33,2,18,4,1,9,97,180,3,0,389.43635005475693,seller,SEL-20359,poor_return_handling,0
0.5527054123410752,0.2212532317344832,3.842024835864959,0.5,0.9,8,3,6,2,3,0,0,9,22,48,1,0,333.8008946789931,seller,SEL-20360,mixed,0
1.0,0.04871024856434503,4.794102626094675,0.8438109540055385,1.0,113,0,108,5,42,8,6,18,276,521,12,1,389.822508291794,seller,SEL-20361,excellent,1
0.9875030388245867,0.351923780285501,4.219219792117597,1.0,1.0,19,1,13,6,7,2,2,12,48,95,2,0,391.71898927864584,seller,SEL-20362,reliable,1
0.8839524323560473,0.3901589656856208,3.665521991756321,0.5815762288653114,0.8,37,3,20,17,15,4,3,8,96,167,1,0,362.5590810834838,seller,SEL-20363,slow,0
0.3581126693501193,0.09167037048908167,3.0349516928613918,0.5,0.7,16,21,14,2,5,0,0,7,58,116,0,0,370.6598789563773,seller,SEL-20364,high_cancellation,0
0.9068629846946608,0.16118876722325426,2.697765139569151,0.3122590040325264,0.7,16,4,14,2,4,3,1,7,43,85,1,1,345.5780844899421,seller,SEL-20365,poor_return_handling,0
0.7557500358437022,0.1718378411018795,3.1199363270082565,0.7332259379133108,0.8,21,7,17,4,8,4,2,8,61,116,2,0,377.44877834721063,seller,SEL-20366,mixed,1
0.997245230823314,0.01747172309870626,4.751779154715301,1.0,1.0,76,1,74,2,28,10,10,16,191,368,7,0,363.0856734907407,seller,SEL-20367,excellent,1
0.8521042961883575,0.02693144873348463,4.244967056705066,1.0,1.0,27,4,25,2,10,3,3,12,71,142,0,0,391.37464184332174,seller,SEL-20368,reliable,1
0.8676704439369083,0.41042060207061726,3.495101161372705,0.6218267024922008,0.5,41,3,21,20,14,4,3,5,103,176,3,2,358.2741558066898,seller,SEL-20369,slow,0
0.32660779438465043,0.17729844651435867,3.084596487734781,1.0,0.7,18,37,14,4,10,2,2,7,85,163,3,1,364.0644093974653,seller,SEL-20370,high_cancellation,0
0.818993682190509,0.34954081820731875,2.628733575335219,0.0,0.6,21,3,15,6,14,2,0,6,61,106,1,1,386.3657966082986,seller,SEL-20371,poor_return_handling,0
0.7962308860674847,0.3075054427287851,3.4394058549695976,0.747765989719916,1.0,30,9,19,11,8,4,3,10,81,152,2,1,361.015073834919,seller,SEL-20372,mixed,0
0.976193122348469,0.007630098251635298,4.71794098451466,1.0,1.0,81,2,79,2,26,10,10,15,200,387,14,0,393.2630793782292,seller,SEL-20373,excellent,1
0.9854198216526834,0.286013444552491,4.23183725921907,0.5,1.0,27,1,22,5,10,0,0,15,65,130,0,1,394.4025823759838,seller,SEL-20374,reliable,1
0.8672644645766454,0.6067644466364173,3.5027802576608944,0.5104923006461457,1.0,13,2,6,7,6,2,1,10,36,68,1,2,335.1490702295139,seller,SEL-20375,slow,0
0.40028167577513857,0.24875071041174368,3.051876996687177,0.5079504708205572,0.2,23,29,15,8,10,2,1,2,87,157,0,0,362.9865537123958,seller,SEL-20376,high_cancellation,0
0.7998693403944471,0.23478052602753507,2.6643073337285705,0.4171866058331062,1.0,15,3,11,4,7,3,1,11,43,84,1,1,393.3336695786922,seller,SEL-20377,poor_return_handling,0
0.6550643204620622,0.7461031140033265,3.6294516959440797,0.5,0.3,18,11,7,11,8,0,0,3,55,94,0,3,364.10059826181714,seller,SEL-20378,mixed,0
1.0,0.011154708931128354,4.79113980087861,1.0,1.0,72,0,70,2,30,11,11,19,185,357,5,0,394.8052769891898,seller,SEL-20379,excellent,1
0.9617813768872622,0.24457306181664107,4.121061918618223,0.38401251102601897,1.0,21,1,15,6,7,3,1,13,53,104,1,0,393.6675827841898,seller,SEL-20380,reliable,1
0.8892408487072914,0.40895439788312116,3.431028512807174,0.5569379557769544,0.4,30,4,16,14,11,4,3,4,79,136,2,3,353.40313057484957,seller,SEL-20381,slow,0
0.235780073654712,0.2620381005346356,2.9994934730470435,0.34306380956516264,0.4,14,45,10,4,7,2,1,4,82,156,1,0,360.6818265718056,seller,SEL-20382,high_cancellation,0
0.9256801347088122,0.3223755973383201,2.7404810897390233,0.5539879874148305,1.0,30,5,24,6,11,2,1,10,78,148,2,0,360.055314811331,seller,SEL-20383,poor_return_handling,0
0.6216980503080433,0.40523187608724165,3.340041822521284,1.0,1.0,18,9,11,7,11,2,2,10,58,108,1,0,363.98155170702546,seller,SEL-20384,mixed,1
0.9857622297415262,0.025849821793648142,4.765956712618302,0.3592987394846997,0.8,65,1,63,2,22,6,4,8,159,300,6,0,361.8181326528588,seller,SEL-20385,excellent,1
0.9703710675628808,0.08966467249845045,4.077969347613919,0.5,1.0,32,2,28,4,12,0,0,15,78,155,3,0,396.9054587359607,seller,SEL-20386,reliable,1
0.8322773174964462,0.3091184566317664,3.582593658772054,0.42479016976231554,0.5,43,6,29,14,22,3,1,5,117,201,2,0,360.95325829636573,seller,SEL-20387,slow,0
0.33181459705144967,0.5162815136678859,3.0822898246733423,0.5,0.8,8,14,4,4,3,0,0,8,33,67,0,0,397.8904322682986,seller,SEL-20388,high_cancellation,0
0.911439391993252,0.19281216708464155,2.4304243647103694,0.1226214484106315,0.9,40,4,35,5,10,6,1,9,100,189,1,1,370.7158133150463,seller,SEL-20389,poor_return_handling,0
0.7693211305689263,0.39141108742925645,3.474400193432591,0.4701279881510435,0.8,18,6,11,7,7,3,1,8,52,96,2,2,336.6142584001389,seller,SEL-20390,mixed,0
1.0,0.014467444618775693,4.721576734312283,1.0,1.0,43,0,42,1,20,4,4,10,110,209,4,0,391.1356377575,seller,SEL-20391,excellent,1
0.9014657985051111,0.08851321797477907,4.205939899779435,0.0,1.0,20,2,16,4,8,1,0,10,51,99,2,0,346.8009009891783,seller,SEL-20392,reliable,1
0.9354350366322606,0.4888354368088741,3.6656956392904694,0.5,0.5,19,4,12,7,9,0,0,5,51,91,0,2,359.05460017193286,seller,SEL-20393,slow,0
0.4628317416486618,0.051819810418280654,2.716752721868588,0.5,0.2,13,25,10,3,5,2,1,2,58,109,2,0,361.46097819523146,seller,SEL-20394,high_cancellation,0
0.8964177345331306,0.011685085601620404,2.7083209913389115,0.0,0.9,33,6,32,1,11,1,0,9,84,164,6,0,383.89129188108797,seller,SEL-20395,poor_return_handling,0
0.7736231821208305,0.5103892260822178,3.3748366898269007,0.8254663691031272,0.9,24,8,12,12,10,2,1,9,68,122,2,2,398.494778860081,seller,SEL-20396,mixed,1
1.0,0.013260463072135908,4.7547142751602225,1.0,1.0,93,0,90,3,38,10,10,16,234,443,4,0,381.8639020234028,seller,SEL-20397,excellent,1
0.8032097541645596,0.13109124830049523,4.13996133256311,1.0,1.0,22,5,19,3,10,1,1,10,60,117,2,0,396.3908088795139,seller,SEL-20398,reliable,1
0.9591353178727045,0.4440268646744536,3.3991557866390423,0.8169894610363,0.7,25,3,14,11,14,4,3,7,71,123,0,0,354.63246196319443,seller,SEL-20399,slow,0
0.41242887623829355,0.5535871416901066,2.736627148298312,1.0,0.7,16,17,10,6,3,3,3,7,55,108,0,1,360.6160319423264,seller,SEL-20400,high_cancellation,0
0.79339550703258,0.14477881205628707,2.6084001355689885,0.1978722674583818,0.9,30,8,25,5,16,6,2,9,90,164,4,0,395.3676753815625,seller,SEL-20401,poor_return_handling,0
0.47948774009101985,0.4542365184384973,3.406004010421934,1.0,0.7,10,10,4,6,3,1,1,7,34,66,1,0,363.1092107672801,seller,SEL-20402,mixed,0
0.9800134173737508,0.03856976863995032,4.7672341201301665,0.5166667066999892,1.0,59,2,56,3,32,8,5,20,160,302,7,0,397.58872217162036,seller,SEL-20403,excellent,1
0.9401860163447262,0.14520848684532928,4.210276566244056,0.6983764815640583,1.0,69,7,58,11,30,7,5,11,182,332,6,1,389.0690630303125,seller,SEL-20404,reliable,1
0.9227132086243538,0.5154552746507579,3.6109518900116675,0.6754380213091205,0.7,32,4,13,19,12,4,3,7,84,143,1,2,355.6403847654167,seller,SEL-20405,slow,0
0.4137619254614451,0.35762426598831887,2.9788345691769895,1.0,0.5,21,20,11,10,9,2,2,5,73,132,1,0,372.946673434757,seller,SEL-20406,high_cancellation,0
0.7911421046775095,0.11896766925186752,2.6375990356802634,0.0,0.6,17,4,13,4,5,2,0,6,45,85,2,0,381.8624335128588,seller,SEL-20407,poor_return_handling,0
0.6079503962994138,0.469256168710136,3.4228359767203727,0.8261012009436489,0.5,23,13,13,10,13,2,1,5,74,129,1,3,363.4559228033449,seller,SEL-20408,mixed,0
0.9684970988853525,0.006125371896024023,4.72880568212061,1.0,1.0,90,2,88,2,43,7,7,18,232,437,10,0,395.798671096574,seller,SEL-20409,excellent,1
0.8683880509088013,0.24557727649966044,4.237166053090089,1.0,0.9,41,7,33,8,13,2,2,9,104,196,2,2,361.09159084972225,seller,SEL-20410,reliable,1
0.8826421556925347,0.4663439423610841,3.5240407103399622,1.0,1.0,29,4,15,14,11,2,2,10,75,135,0,2,396.000662790706,seller,SEL-20411,slow,0
0.36720522353487733,0.43016215911477496,3.0286191464361516,0.5113874441621331,0.6,14,22,10,4,7,2,1,6,59,112,1,1,396.13962912027773,seller,SEL-20412,high_cancellation,0
0.7481636007235651,0.08485290690948122,2.6731556873251945,0.4673996541151153,1.0,34,7,30,4,11,4,2,12,90,175,2,0,395.6154001186921,seller,SEL-20413,poor_return_handling,0
0.8874098044292007,0.1076659975286608,3.5329544910155706,0.5,1.0,11,2,8,3,6,0,0,10,30,61,0,0,373.42763326460647,seller,SEL-20414,mixed,1
0.9812768086689105,0.05693439855454063,4.751839976245036,1.0,0.9,102,2,93,9,44,13,13,9,263,482,9,0,359.2962121016667,seller,SEL-20415,excellent,1
0.8707286920850126,0.08845514418015221,4.183940428813094,0.5926207825742397,0.8,56,10,51,5,25,3,2,8,150,277,5,0,380.8103448388773,seller,SEL-20416,reliable,1
0.7463745244895165,0.6784151319355853,3.283766025889758,0.45373225519550225,0.5,28,7,13,15,10,3,1,5,76,130,0,3,366.35738251464124,seller,SEL-20417,slow,0
0.44239028892457033,0.14057057018346775,2.830581267331889,0.6270524290054035,0.7,19,25,17,2,10,3,2,7,76,146,1,0,357.7046785418519,seller,SEL-20418,high_cancellation,0
0.9236640433358273,0.289667418070075,2.6992673162703507,0.41059591361543973,0.8,33,3,24,9,15,5,2,8,89,159,3,2,386.889718017419,seller,SEL-20419,poor_return_handling,0
1.0,0.5404808480148817,3.456256381254308,0.5,0.7,10,0,7,3,6,0,0,7,26,50,0,2,349.64146263241895,seller,SEL-20420,mixed,1
0.9810093337424957,0.018913155976615137,4.753059480076334,1.0,1.0,80,2,78,2,27,5,5,17,194,376,8,0,391.0216261681018,seller,SEL-20421,excellent,1
0.9532586149468857,0.09878620642195857,4.136648702053927,0.7216167625632591,0.7,53,3,48,5,19,9,7,7,137,255,4,0,361.1757918045486,seller,SEL-20422,reliable,1
0.9656452114947237,0.41526465443475213,3.620534173266146,0.0,1.0,35,2,20,15,15,2,0,10,89,156,2,1,364.736292646169,seller,SEL-20423,slow,0
0.5138732540482636,0.23522182890209342,3.043488046579678,0.5,0.4,19,26,13,6,7,0,0,4,71,133,3,0,348.55395899467595,seller,SEL-20424,high_cancellation,0
0.9121052251216364,0.31902119403302476,2.4939500228464113,0.0,0.4,15,3,12,3,4,3,0,4,40,74,1,1,354.1887411946875,seller,SEL-20425,poor_return_handling,0
0.8755509994960909,0.2790698572717377,3.5284473038927904,0.5179258092457155,0.9,19,3,12,7,8,2,1,9,51,95,1,1,392.9867179325347,seller,SEL-20426,mixed,0
0.9836799550587492,0.03913778820221636,4.719193093688067,1.0,1.0,77,1,75,2,24,11,11,18,190,372,7,1,368.1954509951273,seller,SEL-20427,excellent,1
0.906038362056432,0.1482087116107168,4.245362248840038,1.0,1.0,59,7,49,10,23,8,8,14,156,293,7,2,364.74191333399307,seller,SEL-20428,reliable,1
0.9386577802984828,0.5656627531937192,3.557590050552972,0.7455685106846615,0.7,43,5,20,23,23,8,6,7,122,203,1,1,361.7560323621528,seller,SEL-20429,slow,0
0.40968114049425447,0.42888855693407457,2.908463565964765,0.5247791601489815,0.5,15,18,10,5,5,2,1,5,55,104,1,1,352.9201707815625,seller,SEL-20430,high_cancellation,0
0.8091352137203678,0.12471629706338672,2.871296760598758,0.7495039324336243,0.7,24,6,19,5,10,2,1,7,66,123,5,0,351.81111226997683,seller,SEL-20431,poor_return_handling,0
0.8101015699788428,0.3801960790513297,3.34103546127543,0.6189228089980467,0.6,29,10,20,9,13,4,2,6,85,152,0,2,356.47165408126153,seller,SEL-20432,mixed,1
0.9959448402048048,0.08246025091866738,4.765310215746231,0.8146034472300396,1.0,53,1,48,5,26,10,9,18,143,272,4,0,362.733768879537,seller,SEL-20433,excellent,1
0.8716960260552469,0.13198547100571623,4.128901442794522,1.0,0.7,67,10,58,9,23,4,4,7,171,317,5,2,367.82701396916667,seller,SEL-20434,reliable,1
0.7512909492119242,0.5067559038505217,3.447873065365829,0.8585727496898518,0.8,28,8,13,15,13,5,4,8,82,143,3,0,329.5647586020949,seller,SEL-20435,slow,0
0.3194240450337903,0.23288172141211094,3.1811046222069046,1.0,0.5,13,30,9,4,4,1,1,5,61,119,1,0,344.5293427345139,seller,SEL-20436,high_cancellation,0
0.9556131778914274,0.19500067654607134,2.9284382939389744,0.05964990830159238,0.3,24,1,18,6,11,4,1,3,64,111,5,0,362.18717172055557,seller,SEL-20437,poor_return_handling,0
0.6273489703556843,0.47420025196860693,3.4462602088848864,0.5,0.7,20,7,13,7,9,0,0,7,56,103,0,1,386.28333957965276,seller,SEL-20438,mixed,1
0.9845986533303998,0.029082419727529563,4.7262326476953005,1.0,1.0,86,2,81,5,26,2,2,20,202,393,10,0,393.00660847004633,seller,SEL-20439,excellent,1
0.9690228935086665,0.15873711481400743,4.174459202455601,0.3495695772776162,1.0,45,2,37,8,12,7,3,11,111,209,5,0,364.79936321415505,seller,SEL-20440,reliable,1
0.7144307651323141,0.7705917093074629,3.464790073679768,1.0,0.4,15,3,8,7,6,1,1,4,40,71,0,1,356.28978668443284,seller,SEL-20441,slow,0
0.3237707702540284,0.07895976693323103,2.7068811393342904,1.0,0.6,10,22,9,1,6,1,1,6,49,97,0,0,397.9765497697569,seller,SEL-20442,high_cancellation,0
0.5837539560505295,0.4098309988126435,3.023797693061957,0.20210890966835873,0.8,13,5,10,3,5,5,1,8,41,78,0,1,361.5596969312384,seller,SEL-20443,poor_return_handling,0
0.5460903617999235,0.3015961470514127,3.4554696441751367,0.39992702205364694,0.8,17,10,10,7,5,3,1,8,52,98,1,0,379.60733793699075,seller,SEL-20444,mixed,1
0.9918262868531148,0.010954624930730295,4.725954614427786,1.0,1.0,116,2,114,2,49,9,9,14,292,547,13,0,394.4911632011111,seller,SEL-20445,excellent,1
0.9805151665598313,0.08643814675730122,4.1234689056834615,0.7413707334279763,0.6,50,2,44,6,21,4,3,6,127,232,6,0,364.1507864596528,seller,SEL-20446,reliable,1
0.8685591285539996,0.3228181144781965,3.4943349166609585,0.23150448195323306,1.0,39,6,25,14,19,3,2,10,106,188,4,2,363.14310085233797,seller,SEL-20447,slow,0
0.46390512060516786,0.2589708269049684,2.990446984271343,0.5,0.4,8,11,6,2,4,0,0,4,31,60,1,0,347.1868076940509,seller,SEL-20448,high_cancellation,0
0.8933906761389441,0.13642114949981332,3.067190915782475,0.5,0.4,13,2,12,1,5,0,0,4,33,64,1,0,334.12841691415514,seller,SEL-20449,poor_return_handling,0
0.639400910854191,0.23137076526543154,3.581627776737902,0.2935391308861229,1.0,24,10,20,4,10,5,1,10,73,138,0,0,392.41176597883106,seller,SEL-20450,mixed,1
0.9759735137832876,0.03475511871950443,4.713661848247985,1.0,1.0,72,1,68,4,25,6,6,10,176,333,7,0,363.1558032376389,seller,SEL-20451,excellent,1
0.912668706533981,0.08720945403979086,4.218652013026717,0.7872887415421712,0.5,52,4,45,7,23,6,4,5,137,247,6,0,398.7057928377199,seller,SEL-20452,reliable,1
0.9113587751850587,0.5512195699949125,3.3405627443105788,0.8696595132874818,0.3,37,2,18,19,9,6,4,3,91,155,2,3,379.8887269662963,seller,SEL-20453,slow,0
0.4992043232757179,0.16057193769831535,3.0566628288713833,1.0,0.3,20,21,17,3,9,7,7,3,77,145,0,1,362.4814198046875,seller,SEL-20454,high_cancellation,0
0.9940084178648186,0.12279503209867337,2.726141760376389,0.0,0.9,33,1,29,4,12,5,0,9,84,156,4,0,394.42647595178244,seller,SEL-20455,poor_return_handling,0
0.7677762880140921,0.5171575732316656,3.608983426031182,0.0,1.0,26,6,13,13,10,3,0,10,71,126,0,0,335.2455194905672,seller,SEL-20456,mixed,0
0.9542764069967946,0.04615003703150988,4.686729668969053,0.9392841544985365,1.0,89,4,85,4,38,12,11,11,232,432,7,1,391.2604479070486,seller,SEL-20457,excellent,1
0.9657757739590531,0.3946117364365723,4.161832990256668,0.8998938821210163,1.0,50,2,38,12,23,8,6,13,133,242,3,3,379.62333101391204,seller,SEL-20458,reliable,1
0.7915248102863938,0.4350074794021518,3.550827479488612,0.6164631422330167,0.4,39,9,21,18,15,6,4,4,108,185,2,1,354.85063578331017,seller,SEL-20459,slow,0
0.40418449336311996,0.18286919032570048,2.96686262251642,0.0,0.4,20,29,17,3,8,1,0,4,78,148,1,0,364.75452081810187,seller,SEL-20460,high_cancellation,0
0.9257627300227846,0.20742068880919584,2.6355747409902857,0.0,0.5,46,4,36,10,22,5,0,5,123,214,5,1,363.7860255433333,seller,SEL-20461,poor_return_handling,0
0.5713529391675685,0.25250918665783584,3.3572542115378035,0.8185505488098356,0.2,27,13,21,6,15,4,3,2,86,152,1,0,355.0447970636921,seller,SEL-20462,mixed,1
0.9977001342032314,0.13229213599349798,4.7389690249659875,1.0,0.9,94,1,84,10,35,8,8,9,232,428,11,2,392.25836999802084,seller,SEL-20463,excellent,1
0.8655835999674963,0.17852060236106093,4.1841804204450765,0.7690065755295724,1.0,31,4,25,6,10,4,3,13,80,156,4,0,399.59501564333334,seller,SEL-20464,reliable,1
0.8812350229284563,0.2458395603328558,3.568977607187946,0.04153254187964303,1.0,44,5,30,14,15,6,1,10,114,204,5,1,364.7742359662037,seller,SEL-20465,slow,0
0.3395110761694705,0.42425586538565563,2.8422170036724004,1.0,0.6,17,27,11,6,11,3,3,6,75,139,0,1,390.7130652417824,seller,SEL-20466,high_cancellation,0
0.7941474640654029,0.2616037179673656,2.903568448000461,0.0,0.7,37,11,29,8,17,9,0,7,111,195,3,0,379.2491947478125,seller,SEL-20467,poor_return_handling,0
0.5334676559082439,0.10633897351929777,3.1692812831340955,0.8324699029738929,0.5,17,11,13,4,12,3,2,5,60,108,2,0,358.5835528159606,seller,SEL-20468,mixed,1
0.9741686087611703,0.02620808144978959,4.790409439632269,1.0,0.8,59,1,57,2,25,7,7,8,151,283,5,0,366.52927408641204,seller,SEL-20469,excellent,1
0.9177597674560252,0.14104816836316592,4.132288510652562,0.5553345636606124,1.0,44,5,40,4,16,2,1,14,111,215,4,2,398.3460582633217,seller,SEL-20470,reliable,1
0.9174806268511387,0.35197476993361054,3.514941676829859,0.3132972724158351,0.8,36,5,23,13,16,5,3,8,98,173,1,2,369.2052437691204,seller,SEL-20471,slow,0
0.303101146453171,0.4429883859508976,2.8108315914043533,0.5,0.8,7,15,5,2,4,0,0,8,33,68,0,1,345.40481967166664,seller,SEL-20472,high_cancellation,0
0.875594185740969,0.16190011568032314,2.7014524208687387,0.0,0.3,35,4,27,8,12,3,0,3,89,158,4,0,362.4859433242014,seller,SEL-20473,poor_return_handling,0
0.5371756936389971,0.3350872648995078,3.79747751612299,0.0,0.5,9,3,5,4,2,1,0,5,24,46,0,0,358.5410935470486,seller,SEL-20474,mixed,0
0.9856101087740091,0.030862010627540903,4.758550807082324,1.0,1.0,107,3,103,4,48,8,8,16,273,510,2,0,378.18079234894674,seller,SEL-20475,excellent,1
0.8811989467637831,0.1462121217000042,4.168110377169291,0.9809770678517621,1.0,55,7,45,10,25,13,12,10,155,284,3,1,376.50899484877317,seller,SEL-20476,reliable,1
1.0,0.4094516895196654,3.5633414491478472,0.6196133231979225,0.7,23,0,13,10,11,3,2,7,60,105,1,1,373.15400327180555,seller,SEL-20477,slow,0
0.586908558818997,0.04733878703754124,2.9476543490205875,0.5178554003172438,0.3,11,9,9,2,6,2,1,3,39,72,1,0,323.56239481096065,seller,SEL-20478,high_cancellation,0
0.8299630857870371,0.17636116687735026,2.8719343575151974,0.08612746624982139,1.0,20,6,17,3,10,4,1,12,60,116,3,1,363.70284894381945,seller,SEL-20479,poor_return_handling,0
0.7015124090315578,0.44360387972594295,3.195562029420365,0.8335241890757842,1.0,24,10,15,9,8,4,3,10,70,132,1,2,396.6151204802083,seller,SEL-20480,mixed,0
0.9943981405611452,0.05158520615695095,4.827517451053283,1.0,1.0,46,1,43,3,24,11,11,12,128,241,3,0,382.9827263351852,seller,SEL-20481,excellent,1
0.9589988473262365,0.10635793597322718,4.261273272543079,0.971988312307111,1.0,36,3,32,4,18,7,6,10,100,187,3,0,373.15330881766204,seller,SEL-20482,reliable,1
0.7497729354921651,0.4374467799099925,3.5902052780532405,0.0,1.0,25,5,15,10,10,3,0,10,68,123,2,1,398.30196413025465,seller,SEL-20483,slow,0
0.5586292077904169,0.2312767986793961,3.3130803235715742,0.0,0.3,9,13,7,2,2,1,0,3,34,66,2,0,340.9722679060648,seller,SEL-20484,high_cancellation,0
0.8672405049155599,0.164758810359812,2.979122768979539,0.0,0.7,29,5,22,7,15,3,0,7,81,144,1,0,364.4601300818056,seller,SEL-20485,poor_return_handling,0
0.6025834086624265,0.3066750657718498,3.7436403666071305,0.5,0.2,18,14,12,6,9,0,0,2,59,105,1,1,360.31306923469907,seller,SEL-20486,mixed,1
0.991320361530942,0.009770034002662853,4.718849916830964,1.0,1.0,50,1,49,1,22,7,7,17,130,254,4,0,392.8638210057523,seller,SEL-20487,excellent,1
0.8316541950565269,0.07619241880100402,4.254669083531987,0.876256970783887,1.0,66,9,58,8,29,9,7,13,179,332,7,0,369.4214682751273,seller,SEL-20488,reliable,1
0.8610715419251936,0.44486249674083833,3.449117280837322,0.3870577154962098,0.6,30,7,18,12,14,8,3,6,89,153,3,1,351.65134637027774,seller,SEL-20489,slow,0
0.19667540206175033,0.05157854148575669,3.232037014412794,1.0,0.3,13,34,11,2,8,1,1,3,69,131,0,0,358.4293937438079,seller,SEL-20490,high_cancellation,0
0.9299316813039666,0.06911916923258443,2.658449801876204,0.5,0.5,32,3,30,2,13,0,0,5,80,150,1,0,367.6051964243287,seller,SEL-20491,poor_return_handling,0
0.8060845351150303,0.3688089747324138,3.4998333688990715,0.4485936128373843,0.4,25,5,17,8,14,3,1,4,72,124,1,1,350.62267818900466,seller,SEL-20492,mixed,0
0.9606521268006777,0.04783080797990635,4.706084206453675,1.0,1.0,67,4,64,3,28,11,11,20,177,343,8,0,370.94906198212965,seller,SEL-20493,excellent,1
0.7107270225185044,0.050371978680497254,4.275718095868249,1.0,1.0,22,5,20,2,8,1,1,14,58,120,3,0,369.9110269084259,seller,SEL-20494,reliable,1
0.8289412189473795,0.472449810424312,3.4194065421768265,0.2671371248907619,0.4,39,7,21,18,13,5,2,4,103,176,1,1,390.3038147332639,seller,SEL-20495,slow,0
0.30410123162080144,0.19100732830675582,3.0604206006593104,0.0,0.6,16,31,12,4,4,3,0,6,70,135,0,0,363.18035470140046,seller,SEL-20496,high_cancellation,0
0.8346441784700039,0.11454885286172545,2.677996597970566,0.112094182257982,0.9,35,7,32,3,16,6,1,9,99,183,5,1,364.40116416908563,seller,SEL-20497,poor_return_handling,0
0.666202050227926,0.4720682840151652,3.4619370490974073,0.9056778333702823,0.9,24,11,15,9,6,4,3,9,69,131,1,1,384.72447771445604,seller,SEL-20498,mixed,1
1.0,0.03179737479157052,4.716061399654738,0.9433649114292241,1.0,117,0,114,3,49,14,12,17,297,557,13,1,379.80705987785876,seller,SEL-20499,excellent,1
0.8755099290403812,0.08602634990870461,4.148839275096777,0.6194811027116215,0.9,47,6,42,5,16,7,5,9,123,232,4,0,363.476423523669,seller,SEL-20500,reliable,1
0.8363828412792687,0.5212754866293051,3.4406934086941994,1.0,0.3,30,8,14,16,13,2,2,3,83,140,2,1,332.7798965351273,seller,SEL-20501,slow,0
0.5525592017031229,0.2803081518876013,3.178159413792453,0.0,0.4,15,23,12,3,4,2,0,4,59,113,3,0,363.2702218930324,seller,SEL-20502,high_cancellation,0
0.9023748537521954,0.15471543322361792,2.6355436331995694,0.4010052336213432,0.8,24,2,18,6,8,4,2,8,62,116,3,0,358.8993785821875,seller,SEL-20503,poor_return_handling,0
0.7722199024696051,0.3918050394496927,3.2121401264486207,0.40445982715113654,0.7,18,6,9,9,6,2,1,7,50,91,3,0,399.67162094770833,seller,SEL-20504,mixed,0
0.9584078898888639,0.04571354319345,4.774838304493479,1.0,0.9,98,3,92,6,38,10,10,9,247,459,10,0,363.9483697851389,seller,SEL-20505,excellent,1
0.9011175583542518,0.07295320479943701,4.271860959476503,0.5188314760156304,1.0,44,3,40,4,18,2,1,12,111,211,7,0,399.69046261293977,seller,SEL-20506,reliable,1
0.8374990332348783,0.6238567787368197,3.6733583173810427,0.5203943358711148,0.4,33,4,16,17,16,2,1,4,88,146,0,3,364.81697508743054,seller,SEL-20507,slow,0
0.4210029349546459,0.26243966623982085,3.016405288157757,0.8102163002039772,0.7,16,28,12,4,6,6,5,7,72,140,0,0,361.5021946916435,seller,SEL-20508,high_cancellation,0
0.7522450954891777,0.14909969134847367,2.5283518243676064,0.2646615327815053,0.5,34,7,31,3,12,7,2,5,94,173,1,1,395.9959363245254,seller,SEL-20509,poor_return_handling,0
0.5449973204260715,0.2823913237339283,3.297006088828008,1.0,0.2,15,6,10,5,8,3,3,2,47,83,1,0,399.56928279375,seller,SEL-20510,mixed,0
0.9473774788767119,0.052512678273622715,4.741184694460365,1.0,1.0,94,3,91,3,40,12,12,16,243,459,8,1,364.14571860184026,seller,SEL-20511,excellent,1
0.9044476249495694,0.1048674806043608,4.287261462652821,0.4529636110298417,1.0,55,5,51,4,20,4,2,13,139,265,5,1,363.4568933091435,seller,SEL-20512,reliable,1
0.7656138121362577,0.3473439664408381,3.442220199519552,0.7229903320949512,1.0,23,7,11,12,8,2,1,10,63,115,2,0,362.4934271157523,seller,SEL-20513,slow,0
0.2976822233254957,0.3100175422687218,2.835578943767698,0.4346863731467029,0.7,17,37,12,5,7,3,1,7,81,155,2,0,393.7907284112963,seller,SEL-20514,high_cancellation,0
0.9030062406832423,0.10341701449934437,2.5817304394805274,0.0,0.8,20,2,17,3,9,1,0,8,52,99,2,0,382.4926132074074,seller,SEL-20515,poor_return_handling,0
0.7353912869926255,0.540567006894868,2.8292690901914215,0.0,0.5,9,3,5,4,1,1,0,5,23,45,0,1,377.4819851620486,seller,SEL-20516,mixed,1
0.9867544118162461,0.012558587576492641,4.704420511962729,0.9706738185874206,1.0,78,1,75,3,31,10,9,19,198,380,7,0,398.6580827582292,seller,SEL-20517,excellent,1
1.0,0.11260398443024211,4.22174000772542,1.0,0.9,41,0,36,5,18,2,2,9,102,190,5,0,390.3322185490509,seller,SEL-20518,reliable,1
0.9401685316946611,0.20126750555666384,3.500986861522301,1.0,0.8,13,2,9,4,5,1,1,8,34,67,0,0,358.65953223689814,seller,SEL-20519,slow,0
0.4922511452115082,0.15526228259207375,2.980053767363018,0.6843767109234382,0.8,16,27,12,4,7,3,2,8,69,134,4,0,344.26028406069446,seller,SEL-20520,high_cancellation,0
0.777579767130991,0.1597338667978765,2.9960427366747346,0.0,0.9,17,4,14,3,7,2,0,9,47,91,1,0,398.7906744081597,seller,SEL-20521,poor_return_handling,0
0.7868490265046096,0.3696763489360332,3.256648182777992,0.7561860324536607,0.7,19,6,11,8,11,3,1,7,58,102,2,1,333.14889085489585,seller,SEL-20522,mixed,1
0.9829471357522325,0.01145189095016319,4.767676118798742,0.927658197620286,1.0,91,1,89,2,38,9,8,17,230,436,5,0,375.0520769713194,seller,SEL-20523,excellent,1
0.8538945466014167,0.09163136820180362,4.1702065087533535,0.8215295853522173,0.7,39,10,35,4,9,4,3,7,101,195,4,1,355.4208493119907,seller,SEL-20524,reliable,1
0.8802853856315384,0.4674711201456717,3.432404693638929,0.5502664531451004,0.5,33,3,19,14,13,3,2,5,85,147,1,1,393.0780519773843,seller,SEL-20525,slow,0
0.46645503810866545,0.13509642309206693,3.0352631727864297,0.0,0.5,20,27,18,2,10,1,0,5,78,148,1,1,381.1701450295255,seller,SEL-20526,high_cancellation,0
0.8411454698090266,0.15251288546109787,2.7269773958154833,0.17653549733002574,1.0,40,8,33,7,15,3,1,11,106,199,6,0,363.2232357456944,seller,SEL-20527,poor_return_handling,0
0.8191557358213356,0.395940295738333,3.3779136202269244,0.6484956573105399,0.9,15,3,9,6,8,3,2,9,44,82,0,0,396.90244105439814,seller,SEL-20528,mixed,1
0.9973734689206881,0.05355259903210352,4.7606395875134035,1.0,1.0,87,1,83,4,37,8,8,16,220,415,9,1,384.00564913291663,seller,SEL-20529,excellent,1
0.8985593150023187,0.14781622829552288,4.154490598141702,0.8296780654394172,1.0,46,4,38,8,17,7,5,12,120,225,6,1,386.6912129043171,seller,SEL-20530,reliable,1
0.8748409288657409,0.5884732117193734,3.4987711353609687,0.44759762274079895,0.3,42,6,18,24,19,4,2,3,113,184,2,2,362.75300569153933,seller,SEL-20531,slow,0
0.45963655345614535,0.15323396952465385,3.053434066741791,0.3686125131555048,0.8,29,26,26,3,11,3,1,8,98,188,0,0,358.7675881302778,seller,SEL-20532,high_cancellation,0
0.8595137290679147,0.3057261614375134,2.6652491217157084,0.11419470116903734,0.5,18,3,12,6,7,5,1,5,51,90,0,1,388.8887003743634,seller,SEL-20533,poor_return_handling,0
0.7504749929184359,0.24186683734687986,3.6941320769417216,0.0,0.3,9,3,7,2,6,2,0,3,29,51,0,0,311.06797044144673,seller,SEL-20534,mixed,0
1.0,0.022038357837815936,4.730813128188173,0.9773335638472513,1.0,106,0,103,3,41,15,14,12,268,503,10,0,368.2828261664236,seller,SEL-20535,excellent,1
0.9192052366578091,0.21212848778130133,4.172980591377073,0.8647087297676251,1.0,55,8,42,13,22,4,3,11,144,263,3,0,392.2142157581135,seller,SEL-20536,reliable,1
0.9574278165727703,0.4226783891147037,3.480240797584498,0.2733573444561853,0.5,31,1,17,14,12,3,1,5,78,133,3,1,398.21781248166667,seller,SEL-20537,slow,0
0.5465377554022549,0.42536696203468527,3.2213349938905957,1.0,0.8,13,9,8,5,6,2,2,8,43,83,1,1,396.44509422663197,seller,SEL-20538,high_cancellation,0
0.9639847912358818,0.2112010675232996,2.8034181661133224,0.1419268366268817,0.8,40,4,32,8,16,3,1,8,103,188,5,0,386.23275084114584,seller,SEL-20539,poor_return_handling,0
0.6511592837757246,0.38917606082654077,3.335238921520068,0.0,0.7,13,7,8,5,4,3,0,7,40,75,2,1,361.1872483066551,seller,SEL-20540,mixed,0
0.9387874680704242,0.05540532660999442,4.774537120233264,1.0,1.0,44,2,43,1,17,6,6,17,113,225,2,1,391.46907258332175,seller,SEL-20541,excellent,1
0.95018344027625,0.1633436307147036,4.358359284488052,1.0,0.9,41,5,36,5,14,1,1,9,102,194,3,1,396.2416928155787,seller,SEL-20542,reliable,1
0.9543155111930962,0.44868964660035815,3.7202795529136576,0.29772590862018156,0.4,24,2,15,9,10,3,1,4,63,109,0,1,339.93074374363425,seller,SEL-20543,slow,0
0.4205189089432624,0.2554344186148181,3.1128342424838973,0.0,0.2,13,12,10,3,6,1,0,2,45,82,1,0,356.14185305193286,seller,SEL-20544,high_cancellation,0
0.7452465032030425,0.22115430340538555,2.191065589151133,0.0,0.9,17,3,12,5,6,2,0,9,45,86,1,0,386.2594214617477,seller,SEL-20545,poor_return_handling,0
0.805545323819287,0.32606631015554133,3.437541117086508,0.8860015915086499,0.3,29,7,17,12,9,2,1,3,76,133,4,1,355.6392121738889,seller,SEL-20546,mixed,0
0.9651022173642934,0.14818269220242275,4.730286042910609,0.9587702242274244,1.0,65,2,59,6,31,13,12,18,176,332,6,2,399.8097513236574,seller,SEL-20547,excellent,1
0.9066534522189181,0.02608125292579566,4.193093720630598,1.0,0.5,44,5,41,3,24,5,5,5,122,222,5,0,361.01335953541667,seller,SEL-20548,reliable,1
0.8848016810466985,0.5848734337885058,3.4973699213056526,0.5702566761374237,1.0,25,2,10,15,12,7,4,10,71,122,1,2,367.4462832007639,seller,SEL-20549,slow,0
0.5794676791527712,0.024825885920459423,2.83655942260765,0.5,0.2,13,9,12,1,5,0,0,2,40,76,2,0,363.98297570501154,seller,SEL-20550,high_cancellation,0
0.7227455486011869,0.06423709890447116,2.586301125635711,0.0,1.0,32,7,29,3,12,3,0,11,86,165,2,0,363.1334806298148,seller,SEL-20551,poor_return_handling,0
0.7834366453464552,0.1876570580672523,3.3687624037825556,0.4213270293079549,0.4,20,6,15,5,7,3,1,4,56,102,2,1,351.09007715493055,seller,SEL-20552,mixed,1
0.966890875857616,0.02255452673116265,4.74872133208083,1.0,1.0,93,3,91,2,50,13,13,11,252,463,10,0,369.10999663065974,seller,SEL-20553,excellent,1
0.9125217712138473,0.10170676073100138,4.1814920809832,0.704563588779268,0.9,69,7,61,8,29,9,6,9,183,335,5,0,399.38279631865737,seller,SEL-20554,reliable,1
0.7236475946324943,0.2546976732398135,3.5521674650926314,0.5823671057085531,0.9,26,4,16,10,12,4,3,9,72,130,0,0,392.61086200239583,seller,SEL-20555,slow,0
0.35599667841323784,0.38558314510591996,3.3614917601018908,1.0,0.4,9,20,7,2,3,1,1,4,42,83,0,1,362.67447945376153,seller,SEL-20556,high_cancellation,0
0.9744407514703907,0.3596236247671508,2.718049220339351,0.0,0.5,19,2,12,7,8,1,0,5,49,87,3,1,358.7141238993634,seller,SEL-20557,poor_return_handling,0
0.7540649108083125,0.5529458612900933,3.4650852732028365,0.0,0.2,22,10,11,11,12,2,0,2,68,113,1,2,351.6980737134259,seller,SEL-20558,mixed,0
0.9431392593147033,0.040160668735881755,4.707149648270715,0.8871867684670607,1.0,100,5,94,6,37,9,7,12,251,469,8,0,377.0667877119329,seller,SEL-20559,excellent,1
0.927824537589353,0.15486682900038384,4.203483078432396,1.0,0.6,53,5,46,7,18,7,7,6,136,253,6,2,357.24015037497685,seller,SEL-20560,reliable,1
0.8306206549833033,0.6057716743855073,3.4400641599309214,0.7180627370867717,0.9,33,6,14,19,9,4,3,9,85,150,1,2,353.32118385351856,seller,SEL-20561,slow,0
0.39575133775679,0.4803078558391265,3.005730582776916,1.0,0.7,10,23,6,4,3,1,1,7,47,94,1,1,360.9544504110069,seller,SEL-20562,high_cancellation,0
0.7649196641448762,0.18097075906652216,2.9634408203747484,0.3512191284902258,0.8,18,4,15,3,6,2,1,8,48,94,2,1,359.0322283354051,seller,SEL-20563,poor_return_handling,0
0.6842775366449871,0.5383470057945083,3.3457943738836655,0.5622713363542042,0.6,25,12,11,14,3,5,3,6,70,127,1,0,362.419008911169,seller,SEL-20564,mixed,1
1.0,0.015806975785770283,4.73309711429354,1.0,1.0,58,0,56,2,28,4,4,19,148,285,6,0,398.8321852524884,seller,SEL-20565,excellent,1
0.9872364811264536,0.08948365361885224,4.091014017080747,0.8575726612452943,1.0,40,1,35,5,14,6,5,11,101,193,6,0,359.4940751404398,seller,SEL-20566,reliable,1
0.7491807500598158,0.5466022598246912,3.174354433032227,1.0,0.6,17,5,9,8,8,1,1,6,48,86,0,0,339.9954591431944,seller,SEL-20567,slow,0
0.39158177952307277,0.24084074740894224,2.880595572237657,1.0,0.5,13,17,8,5,8,1,1,5,52,96,0,0,364.2806897424884,seller,SEL-20568,high_cancellation,0
0.9154733453198943,0.10082216676022404,2.8437483217369595,0.21118775824020913,1.0,26,4,23,3,13,3,1,10,72,136,3,0,335.52333546341436,seller,SEL-20569,poor_return_handling,0
0.8639555774931894,0.30095672642962557,3.3767769478507454,0.3388736856568804,0.2,30,5,20,10,14,7,3,2,86,146,2,0,363.5446313213657,seller,SEL-20570,mixed,0
0.991423378876211,0.05826634213837556,4.765284986493663,1.0,1.0,84,1,79,5,37,7,7,10,213,394,6,0,385.22630916943285,seller,SEL-20571,excellent,1
0.8411013096777863,0.19576961239651836,4.122409033810405,1.0,0.8,35,6,31,4,17,7,7,8,100,187,2,1,358.5094104074884,seller,SEL-20572,reliable,1
0.861708413213383,0.7029481850696322,3.339540403382749,0.5,0.7,20,5,8,12,7,0,0,7,52,92,0,2,364.97016703244213,seller,SEL-20573,slow,0
0.30918760314994004,0.09911018776623604,2.762370546230457,0.0,0.7,17,32,14,3,8,1,0,7,75,145,0,0,361.659728035625,seller,SEL-20574,high_cancellation,0
0.9318004336842366,0.15406667683663056,3.0262857205673788,0.0,1.0,24,2,17,7,12,1,0,10,63,116,1,0,335.68218159335646,seller,SEL-20575,poor_return_handling,0
0.770489845775164,0.42976438902344316,3.346881393569595,0.7309531808799447,0.8,25,9,14,11,9,5,2,8,73,131,3,2,372.70009908608796,seller,SEL-20576,mixed,1
0.9870982663178286,0.06305270977120259,4.723704347085445,1.0,1.0,110,2,104,6,43,9,9,20,274,519,10,0,385.0749645274653,seller,SEL-20577,excellent,1
0.8751563752541311,0.1339493812889675,4.110009870616109,0.8976091583601172,0.6,73,7,64,9,22,6,5,6,181,336,4,1,370.0230378253357,seller,SEL-20578,reliable,1
0.7591679704796417,0.49264874972538586,3.6630298484055324,1.0,0.6,22,4,11,11,9,2,2,6,59,104,1,1,355.2601431430903,seller,SEL-20579,slow,0
0.28628892293061203,0.04705188597466281,3.1085003213288864,0.5,0.4,7,20,6,1,2,0,0,4,36,73,0,0,397.6575291545139,seller,SEL-20580,high_cancellation,0
0.8221375262044378,0.15747933294313166,2.6245013395650107,0.4643517978186515,1.0,30,9,25,5,12,3,1,11,84,160,6,0,369.40787204225694,seller,SEL-20581,poor_return_handling,0
0.7513171130899599,0.22574674631243452,3.414353170888566,0.4992683775760351,1.0,25,12,19,6,9,3,1,10,74,141,2,1,369.89567920680554,seller,SEL-20582,mixed,0
0.9923820773738892,0.06812924944114451,4.715491911526553,1.0,1.0,74,1,69,5,35,12,12,12,196,364,4,1,378.65982625549765,seller,SEL-20583,excellent,1
0.8752359119122936,0.03945328897530498,4.342785166261175,1.0,0.7,41,6,38,3,12,5,5,7,105,202,0,0,355.6242141776852,seller,SEL-20584,reliable,1
0.9850138954807808,0.6944994259358984,3.4443987765527093,1.0,0.3,22,1,10,12,13,2,2,3,60,98,0,1,390.094845496331,seller,SEL-20585,slow,0
0.3083348751765115,0.20460160148309914,3.0,0.5,0.2,7,20,6,1,0,0,0,2,34,69,0,0,362.19605772539353,seller,SEL-20586,high_cancellation,0
0.9582240689838281,0.3476457563773748,3.178096582534329,0.0,1.0,18,1,14,4,7,1,0,10,45,88,1,2,364.230394261713,seller,SEL-20587,poor_return_handling,0
0.7557657820298743,0.4053425240296086,3.2189295123613304,0.5,0.4,17,7,11,6,9,0,0,4,50,89,2,2,363.33108761466434,seller,SEL-20588,mixed,0
0.9709814237849398,0.06464639095908109,4.733804126978714,0.9754791489604157,1.0,113,3,106,7,44,11,10,11,284,527,6,0,363.93270164142365,seller,SEL-20589,excellent,1
0.9105227224299762,0.20864812148080125,4.310322904525707,1.0,0.7,42,3,36,6,21,7,7,7,115,210,3,3,356.48782490728007,seller,SEL-20590,reliable,1
0.7565814137134029,0.2659839815775319,3.6254614818745288,1.0,0.6,19,4,11,8,7,2,2,6,51,93,2,1,391.81143048284724,seller,SEL-20591,slow,0
0.3844647540337201,0.46920637222839967,2.93956018504078,0.5182424066356985,0.5,18,19,13,5,5,2,1,5,62,118,0,0,399.21425979231486,seller,SEL-20592,high_cancellation,0
0.901213982709951,0.0812593314004636,2.557110352100306,0.487215155242524,1.0,21,2,18,3,11,3,1,11,58,111,4,0,376.28348650693283,seller,SEL-20593,poor_return_handling,0
0.916189112515536,0.48738259857805877,3.7350556910764237,0.5,0.5,21,4,12,9,4,0,0,5,50,92,0,1,354.21594054201387,seller,SEL-20594,mixed,0
0.9636815097032525,0.010678668724087403,4.743221886576583,1.0,1.0,60,1,58,2,27,7,7,11,155,292,6,0,374.98721420162036,seller,SEL-20595,excellent,1
0.9061380785793853,0.07801465909700322,4.2375313140463415,1.0,0.6,44,6,37,7,17,2,2,6,113,208,7,0,349.722900615625,seller,SEL-20596,reliable,1
0.940623909397823,0.6879569096176348,3.490548331642909,1.0,0.5,29,2,10,19,15,1,1,5,76,123,0,1,372.39669030777776,seller,SEL-20597,slow,0
0.46019509453827134,0.2897397410486615,3.0123789994471553,0.8229128993476464,0.5,17,26,11,6,11,3,2,5,74,135,3,1,364.4768920082639,seller,SEL-20598,high_cancellation,0
0.8741336254825317,0.16416727369690698,2.9371131775825847,0.358494073546462,0.9,19,2,16,3,6,3,1,9,49,96,1,0,397.3476303434491,seller,SEL-20599,poor_return_handling,0
0.772196491061367,0.40019518519415687,3.419285294539877,0.5,0.3,11,8,7,4,1,0,0,3,31,60,1,0,344.5156636097222,seller,SEL-20600,mixed,0
0.9702607880864729,0.029700212007833904,4.7560630895513,1.0,0.8,61,2,59,2,15,5,5,8,144,279,5,0,397.0145511320255,seller,SEL-20601,excellent,1
0.8750308807000989,0.13259226110583966,4.249371373727497,0.6537994598968185,0.8,58,9,51,7,21,9,7,8,155,288,3,0,388.20882656390046,seller,SEL-20602,reliable,1
0.9473358808270954,0.53711116527331,3.4046720726341944,0.4789276487104282,0.4,37,6,17,20,15,8,5,4,103,172,2,0,353.57754571943286,seller,SEL-20603,slow,0
0.41005417117573384,0.19511940577435039,3.209947510736456,1.0,0.7,22,32,18,4,9,1,1,7,86,166,2,1,381.23153819641203,seller,SEL-20604,high_cancellation,0
0.8906082982216613,0.24953054149842868,2.944056839957004,0.0,0.3,29,4,23,6,8,4,0,3,74,133,1,0,359.9839803193519,seller,SEL-20605,poor_return_handling,0
0.7769161012033631,0.6301607820072166,3.285951226685398,1.0,0.9,18,8,7,11,10,3,3,9,57,102,0,2,398.27183442550927,seller,SEL-20606,mixed,1
1.0,0.0074236033676110535,4.761412282028628,0.9543016330700904,1.0,88,0,87,1,41,9,8,10,226,419,7,0,397.6834908148843,seller,SEL-20607,excellent,1
0.8927695237400765,0.07427844615736512,4.145820010217999,1.0,1.0,63,7,56,7,26,5,5,13,164,308,4,0,397.4394300479514,seller,SEL-20608,reliable,1
0.9296008524287502,0.5308013904395137,3.433843160064873,0.5710830833835125,0.6,46,4,21,25,22,5,2,6,123,202,2,2,363.186259541956,seller,SEL-20609,slow,0
0.5883086027625074,0.1497062486648073,2.8408985463589036,0.27223150204620244,0.5,12,9,9,3,4,4,1,5,41,77,1,0,361.0235953591551,seller,SEL-20610,high_cancellation,0
0.7708215855221229,0.061327515727570114,2.7694150306299807,0.0,0.8,34,8,31,3,13,3,0,8,92,173,2,0,362.6790513325347,seller,SEL-20611,poor_return_handling,0
0.4634395662867281,0.35686791141657537,3.606382988091827,0.5,0.8,6,6,3,3,4,0,0,8,22,45,0,0,386.10764266877317,seller,SEL-20612,mixed,0
0.9896627705742219,0.03924280893495591,4.78159106055502,0.9640630534467609,1.0,92,2,89,3,38,17,16,14,241,454,6,0,360.75225174765046,seller,SEL-20613,excellent,1
0.9123558994270409,0.04680419297323546,4.156623826073225,1.0,0.8,24,2,22,2,8,4,4,8,62,122,3,0,377.4195030872685,seller,SEL-20614,reliable,1
0.9593461912016883,0.510883607079464,3.612049268741929,0.5218260078727748,0.9,45,5,24,21,15,2,1,9,112,196,2,4,367.4749036798148,seller,SEL-20615,slow,0
0.518312115124124,0.3297240538990063,2.8130892535403054,1.0,0.4,13,12,10,3,4,2,2,4,44,85,0,1,363.3170303514815,seller,SEL-20616,high_cancellation,0
0.9863720127545859,0.11234312564253401,2.9431220497214543,0.5,1.0,27,1,22,5,12,0,0,12,67,129,0,0,393.8033355396296,seller,SEL-20617,poor_return_handling,0
0.48303551528148625,0.2157403497069056,3.440684256939514,0.5,0.5,13,9,10,3,4,0,0,5,39,76,1,0,359.98514660841437,seller,SEL-20618,mixed,0
1.0,0.025818046906809222,4.763938914880281,1.0,1.0,71,0,70,1,29,9,9,20,180,350,7,0,392.3927943331945,seller,SEL-20619,excellent,1
0.8720138219424184,0.04981185780766739,4.300487007701544,1.0,0.7,37,4,34,3,13,4,4,7,95,181,4,0,362.22013110783564,seller,SEL-20620,reliable,1
0.9494338624259296,0.288055353430556,3.5070563065608376,0.3496455498430075,1.0,39,3,27,12,8,3,2,10,92,173,4,1,380.8952109054514,seller,SEL-20621,slow,0
0.3114172910066884,0.18277841035664566,3.050229014630109,0.0,0.5,7,17,5,2,4,1,0,5,36,70,0,0,363.6012498171759,seller,SEL-20622,high_cancellation,0
1.0,0.12069149277449065,2.8144765546717245,0.21993154302661957,0.7,22,0,19,3,9,4,1,7,57,106,3,0,354.2453728856366,seller,SEL-20623,poor_return_handling,0
0.9240876917325241,0.74213583669406,3.173300277085225,0.21711813598469162,0.6,9,3,3,6,5,2,1,6,28,50,0,1,344.78279576929395,seller,SEL-20624,mixed,0
0.9925941597258262,0.03197974121804781,4.7885780636451365,0.9819492246483144,0.8,103,2,100,3,43,13,12,8,264,489,10,0,363.57423192653937,seller,SEL-20625,excellent,1
0.934342926438667,0.05700149418683087,4.337818489835161,0.7603271163480277,0.5,39,5,36,3,12,6,5,5,101,191,4,0,386.63076229921296,seller,SEL-20626,reliable,1
0.8875218051448499,0.42575875974228095,3.4107058488762876,0.6244263682918886,1.0,37,7,19,18,10,3,2,10,94,169,3,1,389.1829002139815,seller,SEL-20627,slow,0
0.2969495075306504,0.416665892967628,3.010507626581298,0.0,0.3,11,17,6,5,7,2,0,3,48,85,1,0,360.8519826562268,seller,SEL-20628,high_cancellation,0
0.8615444895514456,0.19259648900108095,2.6657153826057876,0.4027204516186011,1.0,33,5,27,6,13,9,3,10,93,171,3,0,351.4455656929282,seller,SEL-20629,poor_return_handling,0
0.8373779029472407,0.31043905811508776,3.468728366004816,0.0,0.8,19,4,12,7,9,1,0,8,52,95,3,1,379.658395832581,seller,SEL-20630,mixed,0
1.0,0.018703462632332357,4.775881954995077,1.0,0.8,106,0,104,2,52,16,16,8,280,514,12,0,364.68449881099536,seller,SEL-20631,excellent,1
0.9656278886863602,0.15156059380356812,4.251040654880861,0.7683167502872661,0.8,29,2,25,4,13,2,1,8,75,140,3,0,370.235635826956,seller,SEL-20632,reliable,1
0.9012228950261529,0.7386407986455802,3.436837345878529,0.9522906031932462,0.5,45,5,14,31,17,8,7,5,120,196,0,3,361.78553958453705,seller,SEL-20633,slow,0
0.4793835218463335,0.245388336879808,2.97613998054279,1.0,0.5,28,30,20,8,13,2,2,5,101,186,3,0,357.1303477676042,seller,SEL-20634,high_cancellation,0
0.9261835384893703,0.30161758277820283,2.948055715792917,0.0,1.0,24,2,19,5,5,2,0,10,57,112,2,2,374.33309312976854,seller,SEL-20635,poor_return_handling,0
0.6469292364618017,0.2304350297544573,3.22236802985745,0.4484403451480137,0.4,15,9,11,4,9,2,1,4,50,90,2,0,362.0665667402315,seller,SEL-20636,mixed,1
0.988185921303579,0.053278386314019155,4.781209914354413,1.0,1.0,43,1,42,1,16,4,4,16,107,213,7,1,380.58873373293983,seller,SEL-20637,excellent,1
0.8891617336893916,0.13939895443771289,4.184273359863917,0.47098177252516016,1.0,59,9,54,5,20,4,2,11,151,286,4,0,363.71308484984957,seller,SEL-20638,reliable,1
0.9671596956309984,0.2853659751611367,3.5129191447274586,1.0,0.5,25,2,17,8,9,2,2,5,63,114,2,0,355.98564913883104,seller,SEL-20639,slow,0
0.29651081063705415,0.16155629871554067,3.2376074028146933,1.0,0.4,23,36,18,5,12,6,6,4,100,187,3,0,361.70215995447916,seller,SEL-20640,high_cancellation,0
0.9555434402464856,0.11275973022439556,2.581917465036802,0.0,0.4,30,1,25,5,10,2,0,4,73,133,1,0,358.3788653115972,seller,SEL-20641,poor_return_handling,0
0.5171178541456162,0.28957071604205453,3.5362627542221046,0.5901286692861408,0.6,17,13,11,6,9,2,1,6,58,106,1,0,386.32658469121526,seller,SEL-20642,mixed,0
0.9943615665011635,0.0,4.7124240630079575,0.7246113350034188,0.9,45,1,45,0,16,5,4,9,112,216,1,0,374.7415841726968,seller,SEL-20643,excellent,1
0.854767043288094,0.22054665438213783,4.274550911520329,0.7559016453957557,1.0,70,9,60,10,34,11,7,10,194,350,5,2,362.2568744927662,seller,SEL-20644,reliable,1
0.8708286299950873,0.5283095152884127,3.4395220917324587,0.8749204906588713,0.7,42,7,20,22,18,5,4,7,114,194,2,3,348.88103404452545,seller,SEL-20645,slow,0
0.18645010343562152,0.3613741416709936,3.2272750006129978,0.5,0.3,7,17,5,2,2,0,0,3,33,65,0,0,348.914875619919,seller,SEL-20646,high_cancellation,0
0.8253230292794642,0.41514135417654463,3.153165950034289,0.601118417830078,0.6,29,10,21,8,8,4,2,6,80,148,1,2,362.2369544665509,seller,SEL-20647,poor_return_handling,0
0.5749338793283955,0.23367867327163938,3.244114506751234,1.0,0.5,10,2,6,4,5,1,1,5,28,52,0,0,356.6564083400116,seller,SEL-20648,mixed,1
0.9335166748803335,0.010580303367898614,4.766100447451468,1.0,1.0,84,5,83,1,28,5,5,19,206,402,12,0,387.5258788154977,seller,SEL-20649,excellent,1
0.8725772206576569,0.23993686842649464,4.1378075039045825,0.7152584193757938,0.8,29,3,23,6,10,4,3,8,75,141,1,0,389.9964485305671,seller,SEL-20650,reliable,1
0.6670909047418082,0.6549422268793413,3.5507989803248914,0.1275108403702563,0.5,29,12,10,19,13,2,1,5,85,142,0,0,389.36167482844905,seller,SEL-20651,slow,0
0.35389069170251974,0.3266764978647476,3.0171320163995823,0.5,0.4,10,27,7,3,8,0,0,4,55,103,1,1,357.73378926894674,seller,SEL-20652,high_cancellation,0
0.7773170147394498,0.15407182377554274,2.6262912010041064,0.21264613007023575,0.4,39,9,32,7,19,6,2,4,112,198,2,0,377.57234858180556,seller,SEL-20653,poor_return_handling,0
0.7348785844577893,0.3195727678004753,3.4349471794107935,0.5540845816464565,0.8,26,9,19,7,9,3,2,8,73,137,0,2,372.5054087233797,seller,SEL-20654,mixed,0
0.977708090319644,0.025321656117832658,4.687617523044652,1.0,1.0,58,3,57,1,21,10,10,10,150,288,6,0,361.2008086115162,seller,SEL-20655,excellent,1
0.9311315314757763,0.0902742484859751,4.3318124943518885,0.9038057447521252,1.0,48,4,44,4,23,5,4,11,128,239,3,1,360.11119243999997,seller,SEL-20656,reliable,1
0.944016500644226,0.3553198243410445,3.3168039320245097,1.0,1.0,19,2,12,7,7,2,2,10,49,94,3,1,388.8127052047801,seller,SEL-20657,slow,0
0.26771626544869587,0.5222642990917152,2.9827368749507577,0.5575645240781162,0.7,8,13,6,2,5,2,1,7,36,71,0,0,361.15461876194445,seller,SEL-20658,high_cancellation,0
0.8223974159565768,0.12229762590217474,2.771989145452694,0.0,0.5,38,7,31,7,16,3,0,5,102,183,3,0,356.0325786596065,seller,SEL-20659,poor_return_handling,0
0.40902848182849033,0.49933969396243527,3.3377922838910368,0.0,0.2,9,7,5,4,2,1,0,2,28,51,0,0,347.1918824608565,seller,SEL-20660,mixed,1
0.9440554570993398,0.03259291620068949,4.7994344120022205,1.0,1.0,48,1,46,2,15,6,6,13,118,232,3,0,371.21299647100693,seller,SEL-20661,excellent,1
0.9481967565435196,0.0987449956618145,4.225082592415716,1.0,1.0,41,2,34,7,17,3,3,10,104,194,2,0,364.9179079178241,seller,SEL-20662,reliable,1
0.9855350145107367,0.6226380885538733,3.4491018414941372,0.359397154041959,0.5,26,1,12,14,10,2,1,5,65,110,2,2,339.0480486110532,seller,SEL-20663,slow,0
0.43865975289843556,0.10558573344732891,2.8383932545993327,0.9229254274538446,0.6,26,34,23,3,8,4,3,6,98,190,2,0,398.82632373421296,seller,SEL-20664,high_cancellation,0
0.7574260792558823,0.08806465594417923,2.5729448952203158,1.0,0.7,20,5,19,1,8,1,1,7,54,106,1,0,373.1198521025347,seller,SEL-20665,poor_return_handling,0
0.8230564862174843,0.27583562131095885,3.371216632905183,0.0,0.3,9,3,6,3,2,1,0,3,24,45,1,1,321.51502031373843,seller,SEL-20666,mixed,0
1.0,0.03872614937532448,4.762455822045567,0.9793737868910878,1.0,54,0,52,2,20,7,6,20,135,267,8,0,363.76330474766206,seller,SEL-20667,excellent,1
0.8839102969151046,0.13345936966850602,4.2341959577833554,0.17721979408771246,1.0,61,4,52,9,24,6,2,13,156,288,4,1,363.93576815976854,seller,SEL-20668,reliable,1
0.9607833454587538,0.4862617179789961,3.448238762375734,0.5072389158323806,0.3,35,3,17,18,11,2,1,3,86,145,2,2,346.46329687906245,seller,SEL-20669,slow,0
0.28566216698647073,0.12995614276851875,3.2680536510301983,1.0,0.6,4,11,3,1,3,1,1,6,23,48,1,0,398.4590588395833,seller,SEL-20670,high_cancellation,0
0.9485058205131486,0.3391000846127352,2.7455522094301754,0.0,0.6,15,1,13,2,5,1,0,6,37,72,2,2,332.9326144267245,seller,SEL-20671,poor_return_handling,0
0.5480577754153255,0.22091362735744924,3.062445605678248,0.3470503339800222,1.0,6,5,3,3,4,2,1,10,23,48,2,0,363.13739035591436,seller,SEL-20672,mixed,0
1.0,0.016694433460697433,4.717607190977243,0.9657667436224819,1.0,56,0,54,2,19,8,7,11,139,267,3,0,396.0372391571643,seller,SEL-20673,excellent,1
0.864400536703049,0.06046228958230515,4.190742553191175,1.0,0.7,29,3,26,3,7,6,6,7,74,145,1,0,338.9505265109259,seller,SEL-20674,reliable,1
0.8777005061976544,0.3672681249819797,3.4416540532875857,1.0,0.9,16,4,8,8,5,1,1,9,42,80,2,1,362.8065337548148,seller,SEL-20675,slow,0
0.47991690074059495,0.13134630087633392,2.6774817963081965,1.0,0.2,10,11,8,2,3,2,2,2,36,69,0,0,363.6642139699074,seller,SEL-20676,high_cancellation,0
0.8683672522440034,0.21311347929953983,2.894516042428577,0.1346380498167792,1.0,21,2,17,4,13,5,1,12,62,115,2,0,382.7591368447801,seller,SEL-20677,poor_return_handling,0
0.6446868595167504,0.28206330388193523,3.511776004970967,0.774503991016786,0.2,18,8,12,6,9,3,2,2,56,98,0,1,325.6023703405324,seller,SEL-20678,mixed,1
0.9790927004303397,0.06904228137153023,4.753041080937374,1.0,0.8,52,1,49,3,21,7,7,8,133,250,5,1,364.09634075329865,seller,SEL-20679,excellent,1
0.913500204160285,0.1707920081980845,4.123694351989083,0.7564285699215662,0.5,53,4,43,10,20,5,4,5,135,244,1,1,358.34862456491896,seller,SEL-20680,reliable,1
0.8774005019401829,0.46739144440699676,3.439310118274048,0.5,0.3,26,2,13,13,11,0,0,3,65,109,0,0,362.04348538442133,seller,SEL-20681,slow,0
0.31241827893188723,0.058386126385409076,2.6505055955782995,0.0,0.6,10,19,8,2,1,1,0,6,41,84,0,0,390.2874532805208,seller,SEL-20682,high_cancellation,0
0.9243523453122303,0.348095632790828,2.9980234816213427,0.5,1.0,14,2,9,5,6,0,0,11,36,72,0,1,361.57806471375,seller,SEL-20683,poor_return_handling,0
0.6565360545018984,0.573339335015074,3.294311996192808,0.5665027128287875,1.0,25,9,15,10,10,3,2,10,72,133,0,1,358.98780954376156,seller,SEL-20684,mixed,0
0.9375914237769871,0.005586885236896877,4.745446366645829,1.0,0.8,43,2,42,1,20,5,5,8,113,213,5,0,355.3145050743403,seller,SEL-20685,excellent,1
0.8800153418551266,0.09576903632844203,4.328573681941235,0.6247144131065775,0.9,17,4,16,1,7,3,2,9,48,96,2,0,364.47270861379627,seller,SEL-20686,reliable,1
0.8992423821494308,0.4012949029416434,3.463086044896597,0.4756512659313576,1.0,44,6,27,17,22,5,2,10,121,210,3,2,364.3389074087153,seller,SEL-20687,slow,0
0.19192583223185336,0.5630083962098461,3.197914866565532,1.0,0.2,8,26,4,4,6,1,1,2,49,90,0,0,359.64288343068284,seller,SEL-20688,high_cancellation,0
0.7895013053196855,0.21375988888228137,2.988440311711045,0.0,0.5,17,6,14,3,6,3,0,5,49,91,2,0,363.72526511458335,seller,SEL-20689,poor_return_handling,0
0.6978835636988692,0.46545811214462673,3.4179077589853617,0.5152101919194315,0.5,15,5,9,6,7,2,1,5,44,79,1,1,378.0267237479514,seller,SEL-20690,mixed,0
1.0,0.05659638142824619,4.849923225284715,1.0,1.0,52,0,50,2,21,6,6,17,131,256,3,0,393.9026832495139,seller,SEL-20691,excellent,1
0.9372663887877927,0.15075309614236931,4.175922690242992,0.5763453728562001,0.5,66,6,51,15,27,10,6,5,175,309,9,0,349.6024318655903,seller,SEL-20692,reliable,1
0.8786068725436159,0.5179835701650757,3.640994202913103,1.0,0.6,13,2,5,8,3,1,1,6,32,59,0,1,396.0799325644445,seller,SEL-20693,slow,0
0.3600742772473687,0.14230342683890917,2.7872667801675464,0.0,0.6,16,20,13,3,6,1,0,6,59,114,0,0,350.72011547751157,seller,SEL-20694,high_cancellation,0
0.9303321173040515,0.10006099773743438,2.6043639607638,0.4088775306689567,1.0,29,4,25,4,11,8,3,11,81,153,2,0,363.32319101627314,seller,SEL-20695,poor_return_handling,0
0.600503423946891,0.5843911400118158,3.4467391920312966,0.0,0.5,18,8,8,10,7,3,0,5,54,93,1,1,380.6543637017593,seller,SEL-20696,mixed,0
0.995343154228262,0.02955491659511822,4.743486306994521,0.8274499379760353,1.0,93,2,91,2,40,11,10,16,239,451,6,1,368.79660226597224,seller,SEL-20697,excellent,1
0.9377951201528542,0.12597765525903581,4.2402232611057915,1.0,1.0,48,4,39,9,21,9,9,10,130,240,5,1,356.545377903912,seller,SEL-20698,reliable,1
0.959970090473714,0.7433361581526577,3.6457374707315253,0.6455895961100883,0.5,29,3,8,21,8,5,3,5,74,122,1,2,357.7015053192477,seller,SEL-20699,slow,0
0.4613341311603953,0.09309560526254712,2.986429634472607,1.0,0.5,6,9,5,1,4,1,1,5,26,52,1,0,318.1462568318403,seller,SEL-20700,high_cancellation,0
0.824659113378617,0.16372543179826526,2.5793788011784105,0.0,0.9,21,4,19,2,8,1,0,9,55,108,1,0,375.7695244371875,seller,SEL-20701,poor_return_handling,0
0.852818575096829,0.3327990530919328,3.4370902003921873,1.0,0.2,22,6,13,9,7,1,1,2,58,102,2,1,362.06892007023146,seller,SEL-20702,mixed,1
0.9720792709539132,0.02505590627586307,4.757023795921906,1.0,1.0,102,5,99,3,41,5,5,11,255,477,7,0,364.3573361486574,seller,SEL-20703,excellent,1
0.8835837860436417,0.16378351775427336,4.187515151995546,0.8612905243001607,1.0,67,11,57,10,23,7,6,15,175,331,11,1,361.44172465619215,seller,SEL-20704,reliable,1
0.9151805853295042,0.539387152278151,3.555650229750167,0.11193876566565185,0.9,19,2,9,10,8,4,2,9,52,93,2,3,374.8627500740972,seller,SEL-20705,slow,0
0.3377320103496738,0.4806574831649685,3.090282698878178,0.0,0.2,17,31,10,7,8,2,0,2,75,135,1,0,363.38262314583335,seller,SEL-20706,high_cancellation,0
0.8846434707243397,0.1743598469401788,2.6972029109333375,1.0,0.3,22,2,18,4,10,1,1,3,57,103,0,0,363.59339769591435,seller,SEL-20707,poor_return_handling,0
0.458621792306195,0.43857995295856644,3.5169623640819725,1.0,0.7,10,9,5,5,4,1,1,7,34,66,0,0,391.66469334559025,seller,SEL-20708,mixed,1
0.9839803851064688,0.0050126728123582875,4.772331453951328,0.8042364371193497,0.9,114,1,113,1,45,13,11,9,287,535,12,0,386.77511604484954,seller,SEL-20709,excellent,1
0.8922794606249196,0.22511705179999175,4.267654645992864,1.0,1.0,51,7,42,9,24,6,6,10,139,255,4,1,366.0910003933218,seller,SEL-20710,reliable,1
0.6878024472113055,0.5361164308832214,3.5692662065507332,1.0,0.3,15,5,7,8,5,2,2,3,42,74,1,0,354.3451373206597,seller,SEL-20711,slow,0
0.18440537948820754,0.3069297715390521,2.9061839263954967,0.5,0.6,4,14,3,1,2,0,0,6,24,51,0,0,356.3299340962732,seller,SEL-20712,high_cancellation,0
0.8967108896327476,0.24457980989350148,2.6983566254231026,0.5146901167149575,1.0,26,2,20,6,9,2,1,11,65,125,1,0,370.97466610893514,seller,SEL-20713,poor_return_handling,0
0.6917816483737941,0.12422886253983978,3.456695433863425,0.5,1.0,15,7,13,2,5,0,0,10,42,87,1,0,364.6692461887847,seller,SEL-20714,mixed,0
0.9343883539742199,0.0939170337399109,4.70906468324133,1.0,1.0,40,2,38,2,17,4,4,14,103,201,5,1,352.79559312873846,seller,SEL-20715,excellent,1
0.7826343109041622,0.21007656371348082,4.207350510859147,0.9691134328627987,1.0,63,13,52,11,23,8,7,14,170,319,3,1,362.01464073429395,seller,SEL-20716,reliable,1
0.9206919109118813,0.6419096805533374,3.3436712697894064,0.6458259272442022,0.4,41,7,18,23,22,7,6,4,118,194,1,3,365.011519212581,seller,SEL-20717,slow,0
0.4443804311233398,0.54295946380827,3.04442499041555,0.6943604999360947,0.2,18,16,10,8,7,3,2,2,62,110,0,1,353.99126225609956,seller,SEL-20718,high_cancellation,0
0.9093209446097786,0.18031008675738647,2.4977475303655243,0.5,1.0,16,1,13,3,4,0,0,12,37,79,2,1,359.39534898731483,seller,SEL-20719,poor_return_handling,0
0.7081806416088542,0.3483770277386872,3.3077098878330258,0.0,0.6,26,11,17,9,12,1,0,6,76,136,2,1,358.5424854624653,seller,SEL-20720,mixed,0
0.9500027744295904,0.03141181036889673,4.7605842681644726,0.5562117640091554,1.0,44,1,43,1,18,3,2,20,110,220,5,0,357.33809248901616,seller,SEL-20721,excellent,1
0.9621066460502515,0.2590783372078662,4.05346822333389,0.5156206558914056,0.8,22,1,17,5,13,2,1,8,60,109,1,0,335.42074349125,seller,SEL-20722,reliable,1
0.8483835984438813,0.4041639101637571,3.398273814092996,0.7003470427254666,0.9,37,7,22,15,13,5,3,9,99,177,2,1,356.23445152313656,seller,SEL-20723,slow,0
0.3497411255583387,0.0,3.2918137059095676,0.5,0.6,5,10,5,0,2,0,0,6,22,48,0,0,343.9512211448264,seller,SEL-20724,high_cancellation,0
0.8316889661197263,0.16436642444347827,2.5884338607073154,0.16016849604214825,0.8,38,6,28,10,12,4,1,8,98,179,4,0,378.9740043057176,seller,SEL-20725,poor_return_handling,0
0.7389801873931792,0.3677802753903041,3.4057308370322663,0.9036852687219347,0.7,31,7,21,10,16,3,2,7,88,156,3,2,353.8393414394213,seller,SEL-20726,mixed,1
0.9673072468945659,0.022777295769899064,4.79301561832907,1.0,1.0,72,1,69,3,27,8,8,18,180,348,10,0,363.0424347503935,seller,SEL-20727,excellent,1
0.896948689718064,0.11664292881254534,4.312765465548305,1.0,0.8,19,2,16,3,4,1,1,8,45,91,2,0,391.5477706354514,seller,SEL-20728,reliable,1
0.8467787181252089,0.46416884369354305,3.375766792818586,0.9012978029124664,0.3,38,7,20,18,16,11,9,3,110,187,3,1,364.8264979982176,seller,SEL-20729,slow,0
0.49498988745123884,0.2632412889046142,3.310352232104259,0.0,0.5,15,21,11,4,5,1,0,5,57,109,1,0,359.189640820868,seller,SEL-20730,high_cancellation,0
0.784017318444369,0.09996692457968626,2.6658533658722927,0.0,0.9,22,5,19,3,9,2,0,9,60,115,2,0,318.97978976546295,seller,SEL-20731,poor_return_handling,0
0.4121034085352686,0.5554378062217511,3.5542497014645016,0.5,0.3,5,5,2,3,1,0,0,3,16,31,0,0,366.5582592664699,seller,SEL-20732,mixed,0
0.9241498004358183,0.04001982755688127,4.703325708385546,0.9297178098261247,1.0,94,5,92,2,35,14,12,13,242,458,7,1,396.37556473913196,seller,SEL-20733,excellent,1
0.957860054530454,0.05461262039967185,4.210920589902278,0.6680923735231479,0.8,74,6,66,8,33,5,4,8,192,350,12,0,362.9842192613195,seller,SEL-20734,reliable,1
0.9279583144176912,0.4231881634328656,3.443103329301965,1.0,0.7,23,1,11,12,12,3,3,7,62,107,4,2,391.27918705355324,seller,SEL-20735,slow,0
0.46562095943066334,0.1987301811009684,3.005400050886799,0.0,0.7,29,28,22,7,13,2,0,7,101,187,1,0,364.29561579869215,seller,SEL-20736,high_cancellation,0
0.8988227988487207,0.45827957834040833,2.602483892467627,0.15461763560771025,0.3,12,3,7,5,8,3,1,3,38,64,1,1,387.0809276648495,seller,SEL-20737,poor_return_handling,0
0.7521343062285354,0.562632408631724,3.4299193131669568,0.0,0.4,16,5,9,7,6,2,0,4,45,79,0,2,362.83460681961805,seller,SEL-20738,mixed,0
0.9750184778652389,0.02425103230130543,4.751974796948287,0.9720309467591542,0.8,102,2,99,3,39,10,9,8,255,475,12,0,364.80787509424766,seller,SEL-20739,excellent,1
0.9548887305572855,0.1206228456703452,4.224586728872981,0.7556436598716403,0.5,57,6,48,9,23,9,7,5,152,275,8,0,363.6141188560301,seller,SEL-20740,reliable,1
0.8357848719647647,0.47439991546454574,3.6243867417930917,0.3918840920558284,1.0,18,2,8,10,5,3,2,10,46,86,0,0,361.45947806417826,seller,SEL-20741,slow,0
0.43116355439156223,0.4456694431058116,2.9585844309225755,1.0,0.7,12,14,8,4,3,1,1,7,42,84,0,1,362.2013902385764,seller,SEL-20742,high_cancellation,0
0.8593903635132234,0.12966173518300472,2.703831422398027,0.3375143724212217,0.4,30,3,23,7,12,4,1,4,79,140,2,0,341.0265722690509,seller,SEL-20743,poor_return_handling,0
0.5760581687477893,0.24820118416014159,3.1041836409388375,0.0,0.9,18,7,13,5,5,1,0,9,49,96,0,0,392.55385520887734,seller,SEL-20744,mixed,1
0.9798918023353073,0.045588722094910716,4.776332552376987,1.0,1.0,103,2,99,4,42,20,20,19,270,513,12,1,397.6763999922801,seller,SEL-20745,excellent,1
0.8537513069920797,0.16524007592181633,4.225472567423069,0.9347889424414351,0.7,54,8,45,9,18,7,6,7,141,261,5,0,356.00095924740737,seller,SEL-20746,reliable,1
0.872749559354454,0.5617482579747541,3.3803616060691835,0.07222718286445134,0.8,29,5,15,14,13,6,1,8,82,140,1,3,361.7101048985069,seller,SEL-20747,slow,0
0.5612027942011656,0.20477874066115365,3.1701143784716144,0.5,0.8,17,13,14,3,10,0,0,8,57,109,1,0,395.0571533789815,seller,SEL-20748,high_cancellation,0
0.8700451678263068,0.5853840902429186,2.640963824073037,0.0,0.7,27,4,16,11,10,2,0,7,70,124,0,2,356.75919026780093,seller,SEL-20749,poor_return_handling,0
0.6774313392770503,0.4139896625246834,3.2853447782592284,0.5932025451069504,0.4,11,6,7,4,2,3,1,4,33,62,1,0,393.2105621364699,seller,SEL-20750,mixed,0
0.9917832439077344,0.050295643849495586,4.737710229227065,1.0,1.0,105,2,99,6,42,8,8,11,262,487,8,0,394.55220448603006,seller,SEL-20751,excellent,1
0.7765271237132305,0.11709197528910853,4.266681861640592,0.8039161021126509,0.9,56,10,46,10,25,7,6,9,154,281,4,0,383.2160368035301,seller,SEL-20752,reliable,1
0.9661003551527582,0.40435297610890475,3.515288222769657,0.6027887035926474,0.8,48,2,27,21,19,8,5,8,125,215,3,2,372.6037116889815,seller,SEL-20753,slow,0
0.39042924084755554,0.18357778016068071,3.0410665595000723,0.0,0.7,8,13,5,3,4,1,0,7,34,67,1,0,357.8676403940509,seller,SEL-20754,high_cancellation,0
0.8077294926704063,0.08020422930144011,2.6065083808183176,1.0,0.7,15,2,13,2,5,1,1,7,38,76,2,0,353.2780415760301,seller,SEL-20755,poor_return_handling,0
0.8551573630142937,0.26390342699606817,3.3854346234598074,0.0,1.0,26,7,18,8,14,1,0,10,74,135,3,1,384.3103244553704,seller,SEL-20756,mixed,0
0.9741666416885228,0.07152874529828457,4.779069722746602,1.0,1.0,60,4,55,5,27,8,8,13,159,299,11,1,364.57717038864587,seller,SEL-20757,excellent,1
0.8905978350935864,0.11097679266793614,4.276900761464364,1.0,0.8,71,7,60,11,28,8,8,8,185,339,6,1,367.050537580787,seller,SEL-20758,reliable,1
0.901555341480281,0.4605972268639138,3.5619589679115626,0.7928898202103344,0.3,35,6,18,17,14,3,2,3,93,157,3,1,383.4078897465741,seller,SEL-20759,slow,0
0.4499322933190765,0.19511922552830907,3.0050258817463744,0.0,0.8,18,33,13,5,7,2,0,8,78,150,3,0,356.96019340961806,seller,SEL-20760,high_cancellation,0
0.741725822055083,0.3715179982283823,2.2993129942843065,0.0,1.0,15,5,11,4,5,1,0,11,41,83,2,1,378.6009784426157,seller,SEL-20761,poor_return_handling,0
0.6490058811981156,0.5110328816478971,3.451796317131126,1.0,0.5,19,7,10,9,6,1,1,5,52,94,1,1,355.0708669337732,seller,SEL-20762,mixed,1
0.9882537224911168,0.06897690802710676,4.779021766350541,1.0,1.0,85,2,82,3,34,8,8,16,214,407,8,2,398.8873014710186,seller,SEL-20763,excellent,1
0.8763901500138822,0.13881696250134823,4.300455168067293,0.9253690544449646,1.0,45,6,41,4,12,3,2,12,111,217,4,1,391.99320436714123,seller,SEL-20764,reliable,1
0.9831633787496193,0.41958137896512704,3.4419042926559755,0.3417649143682242,0.4,17,1,11,6,6,3,1,4,44,78,2,2,323.42802184614584,seller,SEL-20765,slow,0
0.3894544560974523,0.3536877644864481,3.0936618429721223,0.9063952977633168,0.2,18,30,11,7,6,2,1,2,74,136,1,0,363.62365029675925,seller,SEL-20766,high_cancellation,0
0.8186841198161645,0.1946677222339257,2.7419203423933567,0.07692444029206094,0.3,37,5,29,8,15,7,1,3,101,176,3,1,364.5788323238773,seller,SEL-20767,poor_return_handling,0
0.83227250970791,0.42458718953742247,3.3060372069564203,0.7866042859006123,0.6,28,6,18,10,7,3,2,6,72,132,2,2,362.2726866481366,seller,SEL-20768,mixed,0
0.9592084153760365,0.08166588657906348,4.660163966867499,0.9187156586551789,1.0,86,3,77,9,39,16,15,20,230,431,6,1,388.65825911447916,seller,SEL-20769,excellent,1
0.9023487666250324,0.12905270937547308,4.3211765339996,1.0,1.0,45,8,38,7,17,6,6,15,121,233,3,0,395.77638742533566,seller,SEL-20770,reliable,1
0.8438207615440244,0.4924711218024278,3.4546982162310904,1.0,0.8,27,5,18,9,11,2,2,8,72,132,0,2,362.72500500430556,seller,SEL-20771,slow,0
0.3289543429644905,0.5487838852826965,3.1077193694522722,0.21442066668479914,0.7,18,31,10,8,9,3,1,7,79,146,0,1,364.1342397173032,seller,SEL-20772,high_cancellation,0
0.9663044189831741,0.3816631070635569,2.6232576763438002,0.0,0.8,33,3,22,11,14,3,0,8,86,152,1,2,364.3599295286227,seller,SEL-20773,poor_return_handling,0
0.8411996363006328,0.522232571260933,3.1699564139810894,0.8342799553796268,0.7,12,5,8,4,3,3,2,7,35,69,1,2,364.2170655917245,seller,SEL-20774,mixed,1
1.0,0.022932317505744315,4.730364264714247,0.7927633601985895,1.0,42,0,41,1,17,3,2,11,104,200,2,0,381.3046005094676,seller,SEL-20775,excellent,1
0.9306483856541662,0.18222964737522418,4.240497918884088,0.7678623698464435,1.0,68,7,53,15,33,12,8,13,188,337,5,1,396.88798303126157,seller,SEL-20776,reliable,1
1.0,0.5841689851041448,3.55245599650142,0.6563969758368506,0.9,28,0,16,12,17,4,3,9,77,133,0,2,372.6914356870255,seller,SEL-20777,slow,0
0.3408655700628832,0.34688375075556177,2.8115250770769245,1.0,0.8,9,20,6,3,3,2,2,8,43,88,1,1,368.3922182530208,seller,SEL-20778,high_cancellation,0
0.9068145021918719,0.20487111897840315,2.7175326376375555,0.0,0.8,42,5,32,10,23,5,0,8,117,204,1,2,358.294514231794,seller,SEL-20779,poor_return_handling,0
0.6668051574987813,0.14217329932622413,3.2363616814412364,0.5,0.2,15,5,11,4,9,0,0,2,44,77,0,0,392.04517473634263,seller,SEL-20780,mixed,1
1.0,0.032816190848065196,4.790873228024356,0.8427753369842707,1.0,49,0,48,1,15,6,5,15,119,236,4,0,379.97976796958335,seller,SEL-20781,excellent,1
0.9213795813135774,0.15224107941052978,4.172977978348455,0.4815981011897036,1.0,69,7,59,10,29,13,7,10,187,339,7,1,360.8658785255787,seller,SEL-20782,reliable,1
0.9386838731033325,0.36228574030327654,3.4778163910850246,1.0,0.6,40,3,21,19,14,4,4,6,101,175,2,0,389.94597518142365,seller,SEL-20783,slow,0
0.18182662749167328,0.19996629490704,2.6841634224818747,0.5243599245424758,0.4,5,15,3,2,1,2,1,4,28,56,0,0,362.44646948694447,seller,SEL-20784,high_cancellation,0
0.932696081165836,0.3318446180818543,2.3204723646514807,0.5,0.3,13,2,10,3,3,0,0,3,31,59,0,1,386.7678843452778,seller,SEL-20785,poor_return_handling,0
0.8480363250440698,0.545251289036956,3.6002742826864402,0.5,0.3,12,4,6,6,5,0,0,3,33,58,1,1,357.99856392905093,seller,SEL-20786,mixed,1
1.0,0.0172371941403604,4.752132246979694,1.0,1.0,46,0,44,2,18,10,10,20,120,240,9,0,388.19959192006945,seller,SEL-20787,excellent,1
0.6586836409727299,0.23468956411391306,4.236884283626376,1.0,1.0,23,6,17,6,10,2,2,15,64,127,1,0,391.62589242914356,seller,SEL-20788,reliable,1
0.7353902797237468,0.6709642485358898,3.607871040541416,0.8203408607714479,0.3,25,7,11,14,11,4,3,3,72,121,0,0,364.66845453791666,seller,SEL-20789,slow,0
0.3703007260779475,0.3806113009945179,3.162126250960754,0.9031015560037221,0.7,9,16,7,2,1,2,1,7,37,77,0,1,399.04872103090275,seller,SEL-20790,high_cancellation,0
0.885391382092778,0.11203582121653266,2.721742268228489,0.5,0.4,14,3,12,2,6,0,0,4,37,70,3,0,361.6757096927894,seller,SEL-20791,poor_return_handling,0
0.7781597242192156,0.3185306058400583,3.3412614907635056,1.0,0.9,30,9,17,13,10,2,2,9,81,148,3,0,396.5275670977546,seller,SEL-20792,mixed,1
1.0,0.02734010295348699,4.76738052035801,0.5344582369597562,0.8,46,0,44,2,25,3,2,8,120,220,5,0,396.38492974475696,seller,SEL-20793,excellent,1
0.851227205918698,0.1638716267252327,4.208484475172598,0.7387540980306874,1.0,69,7,58,11,30,11,8,14,186,342,3,0,392.09181516894677,seller,SEL-20794,reliable,1
0.7887920123913349,0.7862644876715612,3.5497106000584915,0.8391508901039707,0.3,16,2,4,12,10,3,2,3,47,74,0,1,356.0240283378009,seller,SEL-20795,slow,0
0.381437037154442,0.29315508087873154,3.2460626899521414,0.5998169401795249,0.8,22,33,16,6,9,4,3,8,90,172,3,2,361.40622042086807,seller,SEL-20796,high_cancellation,0
0.8163881274220159,0.1842790302806141,2.8726481103172845,0.36589856993111813,0.8,34,6,27,7,17,3,1,8,94,170,3,0,378.87233731278934,seller,SEL-20797,poor_return_handling,0
0.8211362614298225,0.25004125356644413,3.7846345915506983,1.0,1.0,14,6,10,4,6,1,1,10,41,82,2,0,387.01527923011577,seller,SEL-20798,mixed,0
0.9701762228335737,0.043233062334482875,4.787427334950258,1.0,1.0,104,2,101,3,40,15,15,11,265,498,11,1,357.68564774024304,seller,SEL-20799,excellent,1
0.9124007849090627,0.0999386216606164,4.211827414474703,0.818609441348929,0.8,34,4,30,4,16,3,2,8,91,169,4,0,326.7787048465509,seller,SEL-20800,reliable,1
0.8732421566004308,0.5713292504403471,3.6719181164869332,0.6981620768323454,0.5,36,6,18,18,15,5,4,5,98,167,1,1,362.6841436220139,seller,SEL-20801,slow,0
0.4920382286268765,0.01791784259424345,3.0669603282248947,0.5130237177087201,0.6,15,15,14,1,5,2,1,6,52,103,2,0,395.83565441543976,seller,SEL-20802,high_cancellation,0
0.9465762823561786,0.3053092612389722,2.5677944916451936,0.0,1.0,27,3,22,5,10,1,0,11,68,131,1,2,399.140911443831,seller,SEL-20803,poor_return_handling,0
0.8291948020449492,0.2941316604522203,3.067644419185654,0.0,0.6,20,6,15,5,4,1,0,6,51,98,1,0,363.23295786650465,seller,SEL-20804,mixed,1
0.9665565262448569,0.01693687594232085,4.762210799546754,1.0,1.0,64,2,62,2,19,3,3,10,152,293,3,0,390.802888623287,seller,SEL-20805,excellent,1
0.8997545467455966,0.2502720650454232,4.118303515982026,0.836481594087765,0.9,68,6,53,15,30,12,10,9,184,330,5,3,367.8264548136227,seller,SEL-20806,reliable,1
0.8845768931951581,0.48548051742646303,3.2628347555131,1.0,1.0,32,6,17,15,10,1,1,10,81,147,2,1,357.42898778375,seller,SEL-20807,slow,0
0.3607817506167841,0.24245726764618825,2.7750628720144075,0.9129430461925571,0.4,16,18,13,3,6,3,2,4,59,112,0,0,371.4725224369329,seller,SEL-20808,high_cancellation,0
0.7515916721178629,0.20868593434962657,3.009362214321469,0.0,1.0,33,10,26,7,13,1,0,11,90,170,3,1,362.4944977956597,seller,SEL-20809,poor_return_handling,0
0.4806486501350708,0.5601377543961783,3.4525546321417084,0.5,0.6,6,4,2,4,3,0,0,6,19,37,0,0,352.3978521968171,seller,SEL-20810,mixed,1
0.9537344446353302,0.03112083592831405,4.762740031935938,1.0,1.0,60,3,56,4,23,6,6,15,152,292,6,0,369.0195345434606,seller,SEL-20811,excellent,1
0.8870921753631419,0.14388314985901485,4.15806265695767,1.0,0.5,35,5,30,5,14,2,2,5,91,168,4,0,375.2955499126852,seller,SEL-20812,reliable,1
0.9438977966264047,0.4511989515033794,3.4912010143334173,1.0,0.7,24,2,14,10,8,4,4,7,62,113,3,1,385.90817203310183,seller,SEL-20813,slow,0
0.3773550939257253,0.3356864635954693,2.811021646174994,0.5599420650075367,0.8,26,32,16,10,9,7,3,8,100,185,2,0,373.18449716583336,seller,SEL-20814,high_cancellation,0
0.7851902843317848,0.20991791226182455,2.923756191174007,0.0,0.7,34,6,26,8,14,4,0,7,92,165,3,0,370.7112034118866,seller,SEL-20815,poor_return_handling,0
0.6882992328620647,0.1845096527037542,3.598563264435362,1.0,0.3,18,9,14,4,8,3,3,3,56,103,0,0,391.51819903050927,seller,SEL-20816,mixed,0
0.984625891087922,0.010605438025681257,4.713431960925879,1.0,0.8,58,1,57,1,21,10,10,8,148,282,6,0,383.2173557554977,seller,SEL-20817,excellent,1
0.969645771423918,0.03616233952792536,4.321143312529915,0.6236294744453897,0.7,30,2,28,2,10,5,4,7,77,148,2,0,396.2860578845023,seller,SEL-20818,reliable,1
0.9375240316412367,0.6096715339654357,3.577682437604973,1.0,0.8,20,1,12,8,9,1,1,8,51,93,0,1,356.0645306507639,seller,SEL-20819,slow,0
0.4374255354941348,0.24541281990483843,3.201233079111933,0.512809114454531,0.6,18,23,15,3,8,2,1,6,69,132,1,1,372.7235042170139,seller,SEL-20820,high_cancellation,0
0.8271555266064973,0.0,2.6589276694325,1.0,0.3,15,1,15,0,10,2,2,3,43,79,1,0,357.4304075532292,seller,SEL-20821,poor_return_handling,0
0.9049299948102069,0.6319783825704266,3.448723062270356,0.0,1.0,12,2,5,7,6,1,0,10,33,62,2,2,342.020038483287,seller,SEL-20822,mixed,1
1.0,0.01156332972161589,4.760793163503411,1.0,0.9,44,0,43,1,17,5,5,9,110,211,1,0,394.2412099365856,seller,SEL-20823,excellent,1
0.9277113443973364,0.23952142916539443,4.197302688992473,0.7051744399175986,1.0,74,6,62,12,30,12,9,12,196,359,5,2,388.2911541595486,seller,SEL-20824,reliable,1
0.9484828007418635,0.5233305772702201,3.421998280888681,1.0,0.3,14,1,6,8,3,1,1,3,33,58,0,1,342.13633573145836,seller,SEL-20825,slow,0
0.4514550015374786,0.09790583219733462,2.97355609741975,1.0,0.8,20,22,17,3,6,1,1,8,69,137,2,0,364.3721145194097,seller,SEL-20826,high_cancellation,0
1.0,0.425638954146641,2.7352864809049,0.38770172575225026,0.4,16,0,10,6,5,3,1,4,40,71,0,1,332.30875086855326,seller,SEL-20827,poor_return_handling,0
0.706261852993878,0.0,3.6888413951894186,0.5,0.2,10,5,10,0,3,0,0,2,28,55,2,0,353.3145508661111,seller,SEL-20828,mixed,0
0.9926819352668189,0.06101062985763339,4.7051048628202405,1.0,1.0,87,2,84,3,32,9,9,13,217,412,8,1,351.78652146114587,seller,SEL-20829,excellent,1
0.9274061676263768,0.13231855896748868,4.232956884844989,1.0,0.5,36,3,33,3,15,3,3,5,93,173,3,0,356.0854330238426,seller,SEL-20830,reliable,1
0.8903555260082202,0.4821035410501081,3.648056443004753,0.6918808633573311,0.5,19,2,9,10,8,3,2,5,51,88,0,0,362.91392848340274,seller,SEL-20831,slow,0
0.3237829251075618,0.06890397312249918,2.8530042745897357,0.0,0.4,23,34,20,3,7,2,0,4,89,170,3,0,363.8321497581944,seller,SEL-20832,high_cancellation,0
0.8015578383211153,0.265053046380762,2.844007503787896,1.0,0.7,15,5,11,4,9,1,1,7,45,84,1,1,357.2274996731829,seller,SEL-20833,poor_return_handling,0
0.8501544314232914,0.23772217773791982,3.626272011528906,0.9439126374628574,0.9,30,9,21,9,8,4,3,9,81,153,4,1,398.85326202170137,seller,SEL-20834,mixed,0
0.9816419855384156,0.0,4.764988018118605,0.7190338262429422,1.0,55,2,55,0,21,7,6,10,140,268,8,0,384.96824005218747,seller,SEL-20835,excellent,1
0.825717967458566,0.09477738391247503,4.257597617790108,0.7943130708419238,1.0,51,9,42,9,20,4,3,15,135,255,5,0,361.0742543795139,seller,SEL-20836,reliable,1
0.9227964989099859,0.49658566157274286,3.4373800116155655,1.0,0.4,34,4,15,19,16,1,1,4,89,147,2,2,395.509534854919,seller,SEL-20837,slow,0
0.4541316393256668,0.0972861503039747,3.1483972455545866,0.5,0.8,14,16,12,2,5,0,0,8,49,99,1,0,361.58795274484953,seller,SEL-20838,high_cancellation,0
0.9175402660280094,0.0,2.5044523960335354,0.9155039698608676,0.6,15,4,15,0,6,2,1,6,42,83,3,0,365.1632421998148,seller,SEL-20839,poor_return_handling,0
0.6730472645345972,0.3310702349025534,3.274505421717072,0.0,0.9,17,8,11,6,9,1,0,9,52,97,0,0,364.20949823069446,seller,SEL-20840,mixed,1
0.972510242817995,0.028522697445534928,4.77905363001199,1.0,0.9,47,1,46,1,16,6,6,9,117,226,4,0,352.1617476264236,seller,SEL-20841,excellent,1
0.9335272883099905,0.141293248302218,4.354177198270357,0.9302124782620373,0.5,28,3,25,3,12,6,5,5,77,143,3,1,355.7942427783796,seller,SEL-20842,reliable,1
0.8676742032739638,0.6073261923477526,3.440920903542348,0.5,0.3,15,3,7,8,9,0,0,3,42,70,0,1,354.9215821257407,seller,SEL-20843,slow,0
0.3587772552854088,0.24027674653097775,2.7887648205115485,1.0,0.7,8,15,6,2,5,1,1,7,37,74,0,0,356.7910953279514,seller,SEL-20844,high_cancellation,0
0.9068150364790442,0.18917486441335507,2.9309155805013143,0.0,1.0,24,3,17,7,9,2,0,12,62,118,2,1,360.5375878873727,seller,SEL-20845,poor_return_handling,0
0.7387094522533513,0.06030932573116843,3.746757771968833,0.5,0.5,9,3,8,1,3,0,0,5,24,49,1,0,359.908696508669,seller,SEL-20846,mixed,1
0.9965364749984859,0.04456640232821807,4.708702875867916,0.8656195619080911,1.0,101,2,94,7,43,12,11,11,259,478,14,1,357.7680263873148,seller,SEL-20847,excellent,1
0.9335068503595539,0.08733323883395672,4.232681859558883,0.5587909434731073,0.6,73,5,65,8,27,5,3,6,183,335,8,0,359.4269134642477,seller,SEL-20848,reliable,1
0.9298858932159654,0.544563025415757,3.473265181097274,0.0,0.4,38,3,17,21,20,1,0,4,100,162,2,2,373.3709585745486,seller,SEL-20849,slow,0
0.30136961565619025,0.285765854860657,2.9483878868015205,0.9441504055179709,0.5,12,21,10,2,7,3,2,5,55,105,0,1,362.79736351002316,seller,SEL-20850,high_cancellation,0
0.9318163051960279,0.2201161844534164,2.8492580755195602,0.0,0.6,15,2,13,2,5,1,0,6,38,74,3,1,351.62887725480323,seller,SEL-20851,poor_return_handling,0
0.5286150294512537,0.1815483750307052,3.219742705389069,0.5157871810142832,0.8,17,12,12,5,9,4,2,8,59,110,3,0,329.6515309170139,seller,SEL-20852,mixed,1
1.0,0.04373324789762045,4.710100816761025,1.0,1.0,62,0,61,1,30,12,12,10,166,311,5,1,360.98572487810185,seller,SEL-20853,excellent,1
0.8971971038738472,0.1783888163298485,4.163290548966983,0.6746827508848275,0.7,57,7,50,7,20,6,4,7,147,272,3,1,362.77887880200234,seller,SEL-20854,reliable,1
0.7309744579773035,0.614917210600189,3.5011621587738144,0.9266552766932669,1.0,30,7,10,20,11,6,5,10,84,146,0,1,387.1019163389005,seller,SEL-20855,slow,0
0.4527388929211939,0.34620349933422356,3.0347625348468537,0.5,0.2,19,27,13,6,8,0,0,2,73,134,3,1,354.8316123354861,seller,SEL-20856,high_cancellation,0
0.8534328549054354,0.23306464447892983,2.496403870204706,0.6999224164664355,0.7,39,5,28,11,18,4,1,7,105,185,4,0,362.34252400699074,seller,SEL-20857,poor_return_handling,0
0.251508800296503,0.31839305676899954,3.0576468958165393,0.5,0.8,4,8,3,1,2,0,0,8,18,41,0,0,395.3767136351968,seller,SEL-20858,mixed,1
0.9694998649607162,0.03438798373122076,4.720665215715568,0.8985208034130181,1.0,55,1,54,1,22,5,4,12,138,264,3,0,398.2739240413773,seller,SEL-20859,excellent,1
0.9373094741107855,0.1555876715713791,4.1936998195505355,1.0,1.0,62,4,49,13,22,5,5,10,155,285,2,0,361.9861479286111,seller,SEL-20860,reliable,1
0.9719302227561999,0.389557932548227,3.506100146836936,0.5261387521093405,0.5,16,1,8,8,6,2,1,5,41,72,1,0,373.3886688850347,seller,SEL-20861,slow,0
0.567973993942759,0.516036121175492,3.117017558214789,0.7716636471496235,0.8,21,18,14,7,9,2,1,8,71,133,0,3,389.4542602580671,seller,SEL-20862,high_cancellation,0
0.8195508820050813,0.038546296919187095,2.785618539606563,0.22674081672245758,0.3,13,4,11,2,3,4,1,3,37,69,4,0,351.80520557296296,seller,SEL-20863,poor_return_handling,0
0.48792071534466547,0.3533209097240624,3.622343176745113,0.39268982398861924,1.0,13,10,7,6,5,3,1,10,44,85,2,0,363.1573542689236,seller,SEL-20864,mixed,0
0.9794914243372874,0.0755783837255447,4.740042587753288,1.0,1.0,114,2,107,7,45,16,16,12,291,542,9,2,379.80839645381946,seller,SEL-20865,excellent,1
0.9076989016085977,0.13681588108227483,4.212981071705542,0.7377595835906731,0.6,69,7,59,10,31,11,8,6,187,336,7,1,359.98821820967595,seller,SEL-20866,reliable,1
0.9168422613666497,0.35181064733007306,3.30939008086454,1.0,0.4,17,1,10,7,6,2,2,4,43,77,0,0,321.7732939418403,seller,SEL-20867,slow,0
0.31623902638042883,0.09809701088411127,3.152423993616458,1.0,0.2,20,36,17,3,7,2,2,2,85,162,3,0,360.794877408206,seller,SEL-20868,high_cancellation,0
0.8869967510841474,0.056488321079870896,2.807172715416448,0.5331925143408851,1.0,15,3,13,2,9,2,1,11,44,87,1,0,341.5047834284259,seller,SEL-20869,poor_return_handling,0
0.7114151602381339,0.23302541480750338,3.1921195992437124,0.5075767845175334,0.9,17,6,12,5,4,2,1,9,46,91,0,0,350.04178623944443,seller,SEL-20870,mixed,1
0.9720567843018644,0.024497320193314298,4.74970680406927,1.0,1.0,61,2,60,1,26,9,9,17,159,308,5,0,379.57977886171295,seller,SEL-20871,excellent,1
0.8787608878304347,0.15187482955318454,4.08829934270952,1.0,1.0,64,7,56,8,23,12,12,13,170,322,9,2,393.88227940898145,seller,SEL-20872,reliable,1
0.9619523323153897,0.6396583842565073,3.3427433737647108,0.15816754425097931,1.0,16,1,7,9,6,2,1,10,41,76,1,1,353.6423949670949,seller,SEL-20873,slow,0
0.3654314214796002,0.5622439768310099,2.915697131168257,0.7725499119964988,0.8,25,31,14,11,12,5,3,8,98,179,0,1,363.1118712571412,seller,SEL-20874,high_cancellation,0
0.9506618076264397,0.06284339926876203,2.692729208188168,0.16308753064094478,0.9,20,2,17,3,5,4,1,9,51,100,1,0,370.42102340864585,seller,SEL-20875,poor_return_handling,0
0.7647448213106095,0.3623911366136091,3.254950956961395,0.057342457866897366,0.7,27,11,19,8,9,4,1,7,78,143,3,2,392.83101425908563,seller,SEL-20876,mixed,1
1.0,0.010121191482723724,4.78138561051618,0.9611319532765249,0.8,103,0,100,3,38,13,11,8,257,479,9,0,397.1897996972685,seller,SEL-20877,excellent,1
0.8332554668392628,0.1283431972435547,4.16416430201584,1.0,1.0,65,10,54,11,27,3,3,12,170,314,5,1,398.3996134450347,seller,SEL-20878,reliable,1
0.8592715471065449,0.5206753805855517,3.4778958965441644,1.0,0.3,25,5,12,13,15,2,2,3,72,119,1,2,347.03967716260416,seller,SEL-20879,slow,0
0.20528774441863687,0.23435190448029075,2.8584365009533976,0.5,0.6,6,12,3,3,2,0,0,6,26,53,0,0,354.139445240544,seller,SEL-20880,high_cancellation,0
0.8394276773174695,0.26102831182496666,2.7524077815741226,0.3743932318904039,0.4,32,6,23,9,13,3,1,4,86,152,2,1,374.32288038891204,seller,SEL-20881,poor_return_handling,0
0.7441837116360865,0.4592905089811504,3.4962144413623273,1.0,0.9,23,10,11,12,10,3,3,9,69,125,4,2,366.469965298044,seller,SEL-20882,mixed,0
0.9965195732981178,0.04848827697097824,4.734981601203925,1.0,1.0,118,1,114,4,57,15,15,11,309,568,12,1,379.06174319739586,seller,SEL-20883,excellent,1
0.9147938607723105,0.11900341627278477,4.190219905737953,1.0,1.0,62,6,55,7,26,4,4,10,160,297,9,0,399.9117625371296,seller,SEL-20884,reliable,1
0.8306348808990701,0.703587607999233,3.5171029159901073,0.0,0.7,33,6,9,24,15,2,0,7,89,144,1,2,370.3841335643634,seller,SEL-20885,slow,0
0.3016517256309269,0.20039819331743136,2.836814148911592,0.5089680802703235,0.4,20,40,16,4,6,7,4,4,93,177,1,1,349.5882167124768,seller,SEL-20886,high_cancellation,0
1.0,0.03428457355940162,3.034768820904427,0.0,0.7,15,0,14,1,10,1,0,7,41,77,3,0,395.78906506056717,seller,SEL-20887,poor_return_handling,0
0.4772333296122551,0.5919759241547129,3.50702042819945,0.5,0.4,18,11,12,6,8,0,0,4,55,100,0,1,366.84194572993056,seller,SEL-20888,mixed,0
0.9983574925492414,0.06956588118129647,4.7333574328680985,0.9698113654392034,1.0,114,1,109,5,47,13,12,19,289,544,9,2,393.62779256277776,seller,SEL-20889,excellent,1
0.9089320912151286,0.16760734617229278,4.16296215537826,0.5,0.9,37,3,33,4,17,0,0,9,94,176,4,1,394.93957839247685,seller,SEL-20890,reliable,1
0.8874483148817617,0.7924278876732074,3.563040866735844,1.0,1.0,25,1,9,16,15,3,3,10,69,117,0,1,380.4846104349884,seller,SEL-20891,slow,0
0.3333360385384411,0.4023075543719721,2.9405186703889896,0.5,0.4,5,12,2,3,2,0,0,4,24,47,0,0,369.2721289022338,seller,SEL-20892,high_cancellation,0
0.8749394054791585,0.34924714684850444,2.539559101453215,0.0,1.0,12,3,8,4,3,1,0,11,31,65,2,1,394.4226457560185,seller,SEL-20893,poor_return_handling,0
0.6855563379762878,0.38151824080576136,3.2881976725655107,0.0,0.4,29,11,15,14,12,2,0,4,83,142,2,1,362.658101531169,seller,SEL-20894,mixed,0
1.0,0.035625729888002056,4.778620233575664,1.0,1.0,44,0,41,3,13,8,8,18,109,220,2,0,383.4285696533796,seller,SEL-20895,excellent,1
0.8813297467097011,0.20682946071475983,4.192672335719307,0.8088716596259496,1.0,68,6,54,14,33,12,9,12,187,336,7,0,398.99854870153933,seller,SEL-20896,reliable,1
0.992290856667476,0.5009791906384107,3.424311847842638,0.5,0.5,25,1,15,10,7,0,0,5,58,104,1,1,359.99508683751156,seller,SEL-20897,slow,0
0.42103757841414624,0.20528706681184827,2.8916290730486502,1.0,0.5,19,36,15,4,11,1,1,5,86,162,3,0,359.82808573525466,seller,SEL-20898,high_cancellation,0
0.8961538582474536,0.17783678495942168,2.775415469197559,1.0,1.0,29,4,25,4,11,1,1,10,74,143,1,1,364.16623635743053,seller,SEL-20899,poor_return_handling,0
0.8145697394163459,0.37532986082236264,3.57551337527562,0.7013278558309582,0.5,23,3,15,8,9,3,2,5,61,109,0,1,347.8427224259722,seller,SEL-20900,mixed,0
0.9884223193171411,0.06029673442479666,4.764019557814633,1.0,1.0,111,1,107,4,43,12,12,12,278,521,12,2,387.59238968986114,seller,SEL-20901,excellent,1
0.901947086218358,0.1548148834145049,4.21398854181409,1.0,0.8,34,2,30,4,17,5,5,8,92,171,0,1,348.52688271724537,seller,SEL-20902,reliable,1
0.7632865471953223,0.4588239105165266,3.316891390289487,1.0,0.4,12,5,5,7,4,1,1,4,34,61,1,0,363.40464701679394,seller,SEL-20903,slow,0
0.4612455301025279,0.3719589938167831,3.006563956476901,0.846178125745917,0.5,24,35,17,7,8,3,2,5,94,177,1,2,342.4301340135995,seller,SEL-20904,high_cancellation,0
0.6461657980730384,0.17630533787064073,2.7780822290516127,0.0,0.9,11,4,9,2,6,1,0,9,33,66,1,0,389.14201725297454,seller,SEL-20905,poor_return_handling,0
0.6102631705532471,0.5098841754035774,3.411069177354182,0.7283335927982779,0.9,22,9,11,11,7,6,3,9,66,120,0,1,359.6928413058218,seller,SEL-20906,mixed,1
0.9952644831441307,0.0863456413458974,4.746134033873902,0.972212329268903,1.0,88,2,82,6,42,9,8,14,229,423,5,1,361.3351392812153,seller,SEL-20907,excellent,1
0.9373155921356214,0.13599821625530317,4.232709019772525,0.5195048368031313,0.7,71,6,63,8,30,10,6,7,188,341,2,1,355.36422078769675,seller,SEL-20908,reliable,1
0.7808795879660902,0.5493112680074559,3.618345085017519,0.9067360253548284,0.6,33,7,13,20,10,4,3,6,87,149,3,3,358.5555064577199,seller,SEL-20909,slow,0
0.31935025755672325,0.19167691108033635,2.7480050630353094,0.0,0.3,10,19,8,2,4,2,0,3,45,85,0,0,363.5584661486921,seller,SEL-20910,high_cancellation,0
0.8841268243338336,0.2836587595823954,2.8168720189419396,0.46718657634230326,0.6,32,7,25,7,8,3,1,6,82,153,3,3,364.390869527963,seller,SEL-20911,poor_return_handling,0
0.7543398439307418,0.3705373064045192,3.3063915641364376,0.0,0.5,8,3,5,3,5,2,0,5,26,47,0,0,347.28792212927084,seller,SEL-20912,mixed,0
0.9861309804962974,0.0338198935374916,4.7123254931761975,1.0,1.0,117,2,113,4,54,13,13,15,303,563,18,0,384.21324714519676,seller,SEL-20913,excellent,1
0.7729859837216153,0.30512321128239783,4.006595938888075,1.0,0.8,38,7,29,9,18,3,3,8,104,189,0,2,362.5735750278588,seller,SEL-20914,reliable,1
0.9084027535088627,0.5257589833625905,3.4310750888690604,1.0,0.3,37,4,18,19,21,4,4,3,103,169,2,3,380.9057928989236,seller,SEL-20915,slow,0
0.45748792142964256,0.40447816553126026,2.9327872953948173,0.4122090868141226,0.7,28,27,20,8,14,6,3,7,103,188,0,1,376.7074743095255,seller,SEL-20916,high_cancellation,0
0.7185460157424357,0.12943410259694954,2.8298423804214705,0.9039597123638,0.9,24,7,18,6,11,5,4,9,71,133,0,0,392.5038297684954,seller,SEL-20917,poor_return_handling,0
0.5771489873566163,0.2773996057025926,3.341126125094242,0.5776007134673403,0.6,14,9,10,4,7,3,2,6,47,88,0,0,359.5818649728241,seller,SEL-20918,mixed,1
0.9697043778334214,0.1028247019579871,4.748622517561883,0.6956204442767048,1.0,43,1,39,4,19,4,3,13,110,209,4,0,361.45367740468754,seller,SEL-20919,excellent,1
0.8736092905241983,0.07704682933715801,4.0975592473684515,0.12984209503232738,1.0,57,5,51,6,17,2,1,11,138,263,5,0,389.84986745143516,seller,SEL-20920,reliable,1
0.9481544801111396,0.6330105646816462,3.664272736357662,0.820060926331328,1.0,43,4,18,25,14,5,3,10,109,187,1,2,394.79667668303244,seller,SEL-20921,slow,0
0.5275070967277072,0.18038696760834605,3.1415937585199436,1.0,0.3,28,32,23,5,12,1,1,3,101,188,3,0,376.80549944547454,seller,SEL-20922,high_cancellation,0
0.9814259747808147,0.05348451117519992,2.784262916266505,0.0,1.0,15,1,13,2,9,1,0,12,41,82,0,0,399.4935376734375,seller,SEL-20923,poor_return_handling,0
0.6487360961265626,0.2925849997376361,3.4342238053783882,0.26832487883764444,1.0,26,13,18,8,14,2,1,10,81,149,2,1,349.4766947054398,seller,SEL-20924,mixed,0
0.9766100294828597,0.05985158504030119,4.719660158430177,1.0,1.0,67,1,65,2,27,10,10,14,172,329,9,1,391.8722931399306,seller,SEL-20925,excellent,1
0.9759379950501512,0.28240253206009236,4.306803188928161,0.6992542839416682,0.7,19,2,14,5,9,6,4,7,55,101,1,0,358.1349997532176,seller,SEL-20926,reliable,1
0.982704789391404,0.45377074858456967,3.3759227988002847,0.5383148454373397,0.7,27,1,15,12,10,5,3,7,70,123,1,1,358.318768109375,seller,SEL-20927,slow,0
0.3997050108736235,0.2844012307048921,3.1241743023839437,0.45950486291273207,0.7,20,39,15,5,11,2,1,7,92,174,3,1,344.39717591168977,seller,SEL-20928,high_cancellation,0
0.8646698458799736,0.22176759434429583,3.0164789642794356,0.3686122091846265,0.5,20,8,17,3,11,3,1,5,62,113,1,0,387.97996503693287,seller,SEL-20929,poor_return_handling,0
0.8426109647182813,0.30994248693527815,3.4589395102934053,1.0,0.5,22,4,14,8,8,2,2,5,58,105,3,1,339.2806629015046,seller,SEL-20930,mixed,1
0.9614200946202882,0.0,4.649633844591596,1.0,1.0,44,5,44,0,19,7,7,11,119,230,6,0,359.1518269947917,seller,SEL-20931,excellent,1
0.9039412259174341,0.16590887585693737,4.171536927814945,1.0,1.0,70,7,60,10,29,7,7,12,183,339,9,1,394.7406188109259,seller,SEL-20932,reliable,1
0.9100166052750668,0.4643614276109841,3.199517623296073,0.5,0.8,17,2,8,9,11,0,0,8,47,82,1,1,395.662106101956,seller,SEL-20933,slow,0
0.4217497210144668,0.4237172436356187,3.0448696445829295,1.0,0.2,9,13,6,3,4,1,1,2,36,67,1,0,354.882583456412,seller,SEL-20934,high_cancellation,0
0.8856037412744684,0.08585572450210333,2.6694299454051778,0.25912991881306363,1.0,31,4,27,4,15,5,1,10,86,159,1,0,369.1840713646875,seller,SEL-20935,poor_return_handling,0
0.6588702699329921,0.31497442628087735,3.225459949707849,1.0,0.6,17,8,11,6,6,1,1,6,49,92,2,1,368.69326685085645,seller,SEL-20936,mixed,0
0.9942836145849109,0.026886801208111044,4.711406890222411,1.0,1.0,59,1,56,3,27,7,7,10,153,286,5,0,371.42673760528936,seller,SEL-20937,excellent,1
0.9585198488637802,0.07336067606933927,4.304969134731848,0.9129045391422483,1.0,46,3,43,3,12,10,8,14,117,231,3,0,363.00846065182867,seller,SEL-20938,reliable,1
0.7410812778025383,0.33970640591578605,3.4051498613423,0.597932491464064,0.8,23,6,17,6,10,3,1,8,65,120,1,2,398.48880545248846,seller,SEL-20939,slow,0
0.2089991807739543,0.0,3.260867797171013,0.5,0.7,5,16,5,0,3,0,0,7,29,62,1,0,356.0955790617477,seller,SEL-20940,high_cancellation,0
0.882707414698249,0.4166455914507101,2.460048251525702,0.0,1.0,24,2,16,8,7,1,0,10,58,110,1,4,370.01542135001154,seller,SEL-20941,poor_return_handling,0
0.7449263802849578,0.4007453910693889,3.445891748462742,0.07298142498138765,1.0,29,9,20,9,16,2,1,10,85,154,2,3,381.2518949360417,seller,SEL-20942,mixed,1
0.9970771906559809,0.011466603123224672,4.73792109437967,1.0,1.0,66,1,65,1,33,6,6,11,172,321,6,0,370.5583589865162,seller,SEL-20943,excellent,1
0.8839283077283852,0.16817027653963856,4.225911079985111,0.565291371493325,0.8,35,3,31,4,14,5,3,8,92,172,1,1,382.42102023342596,seller,SEL-20944,reliable,1
0.8710072960698774,0.6520205104859554,3.6857510005019525,0.8629575345112388,0.5,32,4,12,20,15,3,2,5,86,141,1,2,373.8389622719676,seller,SEL-20945,slow,0
0.5023635580809946,0.2940890593341188,2.886628772645336,1.0,0.3,28,26,19,9,13,3,3,3,98,177,3,1,366.9441178084491,seller,SEL-20946,high_cancellation,0
0.9117947763843665,0.1486104554747173,2.671261460402054,0.7446310054018781,1.0,41,4,36,5,17,3,1,12,106,200,1,1,356.6475261570486,seller,SEL-20947,poor_return_handling,0
0.9697551747301992,0.40075996683634585,3.6483809293694054,0.6926492295662269,0.7,26,4,15,11,12,3,2,7,71,125,3,2,347.6094211366551,seller,SEL-20948,mixed,0
0.9762651590269168,0.05791327759455056,4.806488450502642,1.0,1.0,85,1,82,3,25,10,10,15,206,399,8,1,382.0580590121528,seller,SEL-20949,excellent,1
0.9293989979122421,0.09496289353448983,4.066813891690567,0.8310376721373728,1.0,69,4,63,6,20,10,9,12,172,329,6,1,357.4066323106597,seller,SEL-20950,reliable,1
0.7735548017964838,0.643745444676989,3.463178421269936,0.6706780157228672,1.0,23,6,9,14,14,4,2,10,70,120,1,1,351.51089332056716,seller,SEL-20951,slow,0
0.48919005227393003,0.36198675693255944,3.0659412571832827,1.0,0.6,27,26,18,9,7,2,2,6,89,168,3,0,361.60310703747683,seller,SEL-20952,high_cancellation,0
0.8471824506440416,0.3131782857081967,2.4426919916323406,0.28502371659555653,1.0,32,6,26,6,13,6,1,10,89,164,1,1,364.27515185543984,seller,SEL-20953,poor_return_handling,0
0.9533367128973167,0.4063801634948495,3.545924519085683,0.5,0.2,14,2,8,6,3,0,0,2,33,59,1,1,356.77211355190974,seller,SEL-20954,mixed,1
0.9929249417295231,0.03215290618261335,4.721678723021426,1.0,0.9,104,1,100,4,41,13,13,9,263,490,12,0,386.2704441382176,seller,SEL-20955,excellent,1
0.8696096022124813,0.07507729727173873,4.189279832245536,0.815644240430206,0.5,59,5,54,5,20,8,6,5,151,280,2,0,390.41267842256946,seller,SEL-20956,reliable,1
0.9822717932307391,0.47090295768233914,3.4811798290049305,0.6801178700855339,1.0,48,2,24,24,18,4,3,10,120,207,5,4,389.61816911185184,seller,SEL-20957,slow,0
0.5348900814021637,0.3923746698637327,2.892222081332032,0.43158300833379115,0.2,13,8,9,4,8,2,1,2,44,77,0,1,353.7863634501505,seller,SEL-20958,high_cancellation,0
0.8055911711000127,0.3009373317406947,2.8483109655553904,0.5,0.5,17,3,12,5,8,0,0,5,45,82,0,1,370.6195214916898,seller,SEL-20959,poor_return_handling,0
0.8021849360142992,0.39127948345101327,3.4288249294696285,0.7110586017665053,0.6,28,10,17,11,8,4,3,6,78,142,3,2,368.31465779811344,seller,SEL-20960,mixed,1
0.9877158161998559,0.03395237451037347,4.7805072000116295,0.978202514951408,1.0,90,2,86,4,33,9,8,15,224,425,13,0,373.46489672042827,seller,SEL-20961,excellent,1
0.957337477481234,0.10965332001089723,4.1281532183560214,1.0,1.0,55,5,50,5,23,2,2,15,140,267,5,1,381.31715434783564,seller,SEL-20962,reliable,1
0.8091899601320759,0.42589049370897314,3.503426430339433,1.0,1.0,42,7,23,19,15,5,5,10,111,198,2,1,357.57066510180556,seller,SEL-20963,slow,0
0.5518905289439329,0.18631726063213838,2.9012083843908725,0.4967195848279855,0.2,19,22,15,4,8,2,1,2,70,129,2,0,382.50226939814814,seller,SEL-20964,high_cancellation,0
0.6797801438128948,0.35560087711951005,2.66949441815146,1.0,0.3,26,8,17,9,11,2,2,3,73,129,2,0,394.5433303065857,seller,SEL-20965,poor_return_handling,0
0.5400235105962244,0.14902167291640145,3.5698441265866916,0.5,0.8,20,15,17,3,7,0,0,8,62,122,1,1,343.8741871906482,seller,SEL-20966,mixed,1
0.9971127088353403,0.012483934041238154,4.75999208793171,1.0,0.8,116,1,114,2,50,17,17,8,300,556,13,0,361.5337064817593,seller,SEL-20967,excellent,1
0.9464169909688839,0.1419420556482187,4.21783175126461,0.5244381892121343,0.5,29,2,24,5,7,2,1,5,69,130,2,0,384.9948604744676,seller,SEL-20968,reliable,1
0.8341404758260414,0.40562309537109664,3.3550925382152093,1.0,1.0,31,5,17,14,12,4,4,10,83,150,3,1,354.4167163830208,seller,SEL-20969,slow,0
0.39200620975106937,0.2601446745417635,3.1708052279811216,1.0,0.8,21,32,16,5,7,2,2,8,83,162,4,1,357.7493349544213,seller,SEL-20970,high_cancellation,0
0.8308518058777971,0.28315482073077747,2.7915397952976306,0.0,0.3,22,6,15,7,11,2,0,3,63,109,3,1,360.6626825971412,seller,SEL-20971,poor_return_handling,0
0.8468479450752776,0.27750362874592704,3.5649056209393577,1.0,1.0,30,7,21,9,14,1,1,10,82,151,3,1,363.9889168048495,seller,SEL-20972,mixed,1
0.98471575587309,0.09876371842332965,4.742735858611284,1.0,1.0,55,3,51,4,29,5,5,18,147,279,10,1,393.7563107821181,seller,SEL-20973,excellent,1
0.8859331444259004,0.18436204719571558,4.270717892516089,0.8160435198179045,1.0,27,4,23,4,9,6,4,13,73,144,3,1,356.5569273911805,seller,SEL-20974,reliable,1
0.8801027204907748,0.5891708247228982,3.3775205367894063,0.43275707862012164,0.6,37,4,15,22,18,7,5,6,103,170,1,2,396.48394959864584,seller,SEL-20975,slow,0
0.5237002172623155,0.33247387078299495,2.955840021394016,0.5,0.2,10,8,7,3,3,0,0,2,31,58,1,0,359.520905975544,seller,SEL-20976,high_cancellation,0
0.8147297495969883,0.36770327322894725,2.7254148758112997,0.49649068664397256,0.6,40,10,30,10,19,6,3,6,115,204,2,3,390.2539725389352,seller,SEL-20977,poor_return_handling,0
0.5033586062868751,0.23969625276383866,3.3238250253477335,0.4427324135981105,0.4,19,11,14,5,9,3,1,4,61,110,2,0,356.74495174444445,seller,SEL-20978,mixed,1
0.9771399558562462,0.03827681366051949,4.743989663645094,0.6736274646404405,1.0,106,2,103,3,44,8,5,12,266,494,14,1,389.0752403066088,seller,SEL-20979,excellent,1
0.8961374702786993,0.10480675735911393,4.15124558257244,0.6009535074568648,1.0,73,6,60,13,30,9,6,11,191,347,4,0,379.47156154097223,seller,SEL-20980,reliable,1
0.9150355233434271,0.5357288547156716,3.7009502294581953,1.0,0.8,14,3,8,6,7,1,1,8,39,73,0,2,357.87969799162033,seller,SEL-20981,slow,0
0.3234894989358064,0.2598217082601775,3.1065935944355387,0.9241206552603309,0.5,22,37,19,3,8,3,2,5,92,177,0,1,384.43253056552084,seller,SEL-20982,high_cancellation,0
0.9470804848763009,0.29952578112851447,2.541353755806256,0.27959555463192326,1.0,31,2,23,8,13,4,1,11,81,149,1,2,375.85344589965274,seller,SEL-20983,poor_return_handling,0
0.8084483389924861,0.4756964052503734,3.3218548838176605,0.7351418525526974,0.7,25,10,17,8,11,5,3,7,76,138,0,2,363.2112047172685,seller,SEL-20984,mixed,0
1.0,0.0676621393711333,4.751725288092565,1.0,0.8,48,0,45,3,18,4,4,8,118,223,3,1,364.99220716039355,seller,SEL-20985,excellent,1
0.9718802058406875,0.21183012805001977,4.2497034120396675,0.13775377977412298,0.9,35,3,28,7,17,4,1,9,94,170,2,1,343.42976399520836,seller,SEL-20986,reliable,1
0.8732529145975599,0.7174876412652171,3.6158481190028464,0.7985269075803025,0.9,32,3,10,22,16,4,3,9,87,144,1,3,349.3365408483912,seller,SEL-20987,slow,0
0.6059384309202076,0.31503062181996555,2.9420758421076334,0.5047499391001602,0.2,14,13,10,4,8,2,1,2,51,91,0,1,355.1928903104745,seller,SEL-20988,high_cancellation,0
0.738643188078743,0.2647421184558978,2.838871838937271,0.0,0.8,38,10,29,9,21,3,0,8,110,195,1,0,363.0211864738542,seller,SEL-20989,poor_return_handling,0
0.8190148312066157,0.3156206452068878,3.6943383447231533,0.5,1.0,23,7,15,8,6,0,0,10,59,114,2,0,374.1685444604282,seller,SEL-20990,mixed,1
1.0,0.10163484625799069,4.763984438982776,1.0,1.0,45,0,41,4,18,3,3,13,111,213,2,0,399.8192762375231,seller,SEL-20991,excellent,1
0.8767806901694412,0.13752392555945003,4.201993550946576,0.6501926066467862,1.0,66,12,58,8,31,5,4,12,180,332,5,1,374.07588426868057,seller,SEL-20992,reliable,1
0.9522275881435791,0.48417440873815976,3.5126557112232444,0.4833970436149696,0.3,39,4,24,15,16,10,5,3,108,183,3,0,397.9385833938889,seller,SEL-20993,slow,0
0.4807433139493118,0.4340990438523237,2.8369107265136546,0.6741755399139016,0.6,25,35,16,9,12,3,2,6,100,184,1,3,365.14625348644677,seller,SEL-20994,high_cancellation,0
0.9824326270118497,0.22297867519938797,2.775082106405194,0.2727958376671817,0.9,31,2,24,7,10,5,1,9,79,146,4,0,359.01115491471063,seller,SEL-20995,poor_return_handling,0
0.8932046542655897,0.47273010988581543,3.583418719436693,1.0,1.0,10,2,4,6,4,2,2,10,28,56,1,1,358.8635774453935,seller,SEL-20996,mixed,0
1.0,0.03924390125771737,4.765148659090705,1.0,1.0,71,0,68,3,29,6,6,19,177,341,8,0,397.9051944982639,seller,SEL-20997,excellent,1
0.9095357021927055,0.2694117323016757,4.005022161612879,1.0,1.0,40,5,27,13,13,4,4,15,102,193,2,1,362.2774646102778,seller,SEL-20998,reliable,1
0.9846785184898916,0.20183450230001498,3.2843927538357742,1.0,0.3,16,1,13,3,6,1,1,3,40,74,1,0,364.9749422025,seller,SEL-20999,slow,0
0.43081889319676303,0.4638766314365921,3.0516416838398612,1.0,0.7,18,32,11,7,10,1,1,7,79,148,1,2,396.8187233655787,seller,SEL-21000,high_cancellation,0
